Ticker,Name,Sector,Asset Class,As of Date,Market Value,Weight (%),Notional Value,Shares,Price,Location,Exchange,Currency,FX Rate,Market Currency
RY,ROYAL BANK OF CANADA,Financials,Equity,2024-01-31,"662,273,290.30",6.11,"662,273,290.30","5,047,430.00",131.21,Canada,Toronto Stock Exchange,CAD,1,CAD
TD,TORONTO DOMINION,Financials,Equity,2024-01-31,"537,192,346.99",4.95,"537,192,346.99","6,577,597.00",81.67,Canada,Toronto Stock Exchange,CAD,1,CAD
SHOP,SHOPIFY SUBORDINATE VOTING INC CLA,Information Technology,Equity,2024-01-31,"466,819,831.95",4.3,"466,819,831.95","4,337,265.00",107.63,Canada,Toronto Stock Exchange,CAD,1,CAD
ENB,ENBRIDGE INC,Energy,Equity,2024-01-31,"365,231,766.90",3.37,"365,231,766.90","7,650,435.00",47.74,Canada,Toronto Stock Exchange,CAD,1,CAD
CP,CANADIAN PACIFIC KANSAS CITY LTD,Industrials,Equity,2024-01-31,"362,842,645.26",3.35,"362,842,645.26","3,353,754.00",108.19,Canada,Toronto Stock Exchange,CAD,1,CAD
CNR,CANADIAN NATIONAL RAILWAY,Industrials,Equity,2024-01-31,"350,309,048.28",3.23,"350,309,048.28","2,100,426.00",166.78,Canada,Toronto Stock Exchange,CAD,1,CAD
CNQ,CANADIAN NATURAL RESOURCES LTD,Energy,Equity,2024-01-31,"335,509,710.48",3.09,"335,509,710.48","3,899,462.00",86.04,Canada,Toronto Stock Exchange,CAD,1,CAD
BMO,BANK OF MONTREAL,Financials,Equity,2024-01-31,"328,599,266.64",3.03,"328,599,266.64","2,594,751.00",126.64,Canada,Toronto Stock Exchange,CAD,1,CAD
BN,BROOKFIELD CORP CLASS A,Financials,Equity,2024-01-31,"274,590,773.44",2.53,"274,590,773.44","5,146,004.00",53.36,Canada,Toronto Stock Exchange,CAD,1,CAD
BNS,BANK OF NOVA SCOTIA,Financials,Equity,2024-01-31,"272,751,310.06",2.51,"272,751,310.06","4,338,338.00",62.87,Canada,Toronto Stock Exchange,CAD,1,CAD
CSU,CONSTELLATION SOFTWARE INC,Information Technology,Equity,2024-01-31,"263,584,529.10",2.43,"263,584,529.10","70,935.00","3,715.86",Canada,Toronto Stock Exchange,CAD,1,CAD
ATD,ALIMENTATION COUCHE TARD INC,Consumer Staples,Equity,2024-01-31,"207,675,109.20",1.91,"207,675,109.20","2,636,140.00",78.78,Canada,Toronto Stock Exchange,CAD,1,CAD
SU,SUNCOR ENERGY INC,Energy,Equity,2024-01-31,"207,510,524.76",1.91,"207,510,524.76","4,661,063.00",44.52,Canada,Toronto Stock Exchange,CAD,1,CAD
CM,CANADIAN IMPERIAL BANK OF COMMERCE,Financials,Equity,2024-01-31,"202,190,991.24",1.86,"202,190,991.24","3,327,699.00",60.76,Canada,Toronto Stock Exchange,CAD,1,CAD
TRP,TC ENERGY CORP,Energy,Equity,2024-01-31,"198,059,846.40",1.83,"198,059,846.40","3,734,160.00",53.04,Canada,Toronto Stock Exchange,CAD,1,CAD
MFC,MANULIFE FINANCIAL CORP,Financials,Equity,2024-01-31,"193,869,979.52",1.79,"193,869,979.52","6,523,216.00",29.72,Canada,Toronto Stock Exchange,CAD,1,CAD
WCN,WASTE CONNECTIONS INC,Industrials,Equity,2024-01-31,"193,538,661.39",1.78,"193,538,661.39","927,309.00",208.71,United States,Toronto Stock Exchange,CAD,1,CAD
BCE,BCE INC,Communication,Equity,2024-01-31,"178,129,061.25",1.64,"178,129,061.25","3,283,485.00",54.25,Canada,Toronto Stock Exchange,CAD,1,CAD
SLF,SUN LIFE FINANCIAL INC,Financials,Equity,2024-01-31,"146,557,442.79",1.35,"146,557,442.79","2,102,991.00",69.69,Canada,Toronto Stock Exchange,CAD,1,CAD
IFC,INTACT FINANCIAL CORP,Financials,Equity,2024-01-31,"134,943,916.50",1.24,"134,943,916.50","641,826.00",210.25,Canada,Toronto Stock Exchange,CAD,1,CAD
ABX,BARRICK GOLD CORP,Materials,Equity,2024-01-31,"132,689,235.00",1.22,"132,689,235.00","6,318,535.00",21,Canada,Toronto Stock Exchange,CAD,1,CAD
T,TELUS CORP,Communication,Equity,2024-01-31,"126,056,127.12",1.16,"126,056,127.12","5,234,889.00",24.08,Canada,Toronto Stock Exchange,CAD,1,CAD
NA,NATIONAL BANK OF CANADA,Financials,Equity,2024-01-31,"125,192,234.44",1.15,"125,192,234.44","1,217,468.00",102.83,Canada,Toronto Stock Exchange,CAD,1,CAD
NTR,NUTRIEN LTD,Materials,Equity,2024-01-31,"119,330,462.56",1.1,"119,330,462.56","1,779,989.00",67.04,Canada,Toronto Stock Exchange,CAD,1,CAD
AEM,AGNICO EAGLE MINES LTD,Materials,Equity,2024-01-31,"118,030,576.16",1.09,"118,030,576.16","1,786,177.00",66.08,Canada,Toronto Stock Exchange,CAD,1,CAD
QSR,RESTAURANTS BRANDS INTERNATIONAL I,Consumer Discretionary,Equity,2024-01-31,"117,865,566.80",1.09,"117,865,566.80","1,123,064.00",104.95,Canada,Toronto Stock Exchange,CAD,1,CAD
FFH,FAIRFAX FINANCIAL HOLDINGS SUB VOT,Financials,Equity,2024-01-31,"112,822,539.41",1.04,"112,822,539.41","80,503.00","1,401.47",Canada,Toronto Stock Exchange,CAD,1,CAD
GIB.A,CGI INC,Information Technology,Equity,2024-01-31,"111,562,551.04",1.03,"111,562,551.04","740,984.00",150.56,Canada,Toronto Stock Exchange,CAD,1,CAD
TRI,THOMSON REUTERS CORP,Industrials,Equity,2024-01-31,"107,990,606.88",1,"107,990,606.88","541,008.00",199.61,Canada,Toronto Stock Exchange,CAD,1,CAD
CVE,CENOVUS ENERGY INC,Energy,Equity,2024-01-31,"104,941,071.18",0.97,"104,941,071.18","4,818,231.00",21.78,Canada,Toronto Stock Exchange,CAD,1,CAD
WPM,WHEATON PRECIOUS METALS CORP,Materials,Equity,2024-01-31,"102,733,898.38",0.95,"102,733,898.38","1,630,438.00",63.01,Canada,Toronto Stock Exchange,CAD,1,CAD
FNV,FRANCO NEVADA CORP,Materials,Equity,2024-01-31,"100,582,826.26",0.93,"100,582,826.26","691,481.00",145.46,Canada,Toronto Stock Exchange,CAD,1,CAD
CCO,CAMECO CORP,Energy,Equity,2024-01-31,"100,237,884.39",0.92,"100,237,884.39","1,561,581.00",64.19,Canada,Toronto Stock Exchange,CAD,1,CAD
DOL,DOLLARAMA INC,Consumer Discretionary,Equity,2024-01-31,"99,877,128.78",0.92,"99,877,128.78","1,012,234.00",98.67,Canada,Toronto Stock Exchange,CAD,1,CAD
FTS,FORTIS INC,Utilities,Equity,2024-01-31,"94,831,806.12",0.87,"94,831,806.12","1,758,098.00",53.94,Canada,Toronto Stock Exchange,CAD,1,CAD
PPL,PEMBINA PIPELINE CORP,Energy,Equity,2024-01-31,"91,544,867.04",0.84,"91,544,867.04","1,976,784.00",46.31,Canada,Toronto Stock Exchange,CAD,1,CAD
TECK.B,TECK RESOURCES SUBORDINATE VOTING,Materials,Equity,2024-01-31,"89,287,255.86",0.82,"89,287,255.86","1,659,306.00",53.81,Canada,Toronto Stock Exchange,CAD,1,CAD
WSP,WSP GLOBAL INC,Industrials,Equity,2024-01-31,"88,599,035.80",0.82,"88,599,035.80","448,580.00",197.51,Canada,Toronto Stock Exchange,CAD,1,CAD
RCI.B,ROGERS COMMUNICATIONS NON-VOTING I,Communication,Equity,2024-01-31,"83,970,633.60",0.77,"83,970,633.60","1,337,112.00",62.8,Canada,Toronto Stock Exchange,CAD,1,CAD
POW,POWER CORPORATION OF CANADA,Financials,Equity,2024-01-31,"78,103,749.69",0.72,"78,103,749.69","1,992,951.00",39.19,Canada,Toronto Stock Exchange,CAD,1,CAD
MG,MAGNA INTERNATIONAL INC,Consumer Discretionary,Equity,2024-01-31,"73,269,854.64",0.68,"73,269,854.64","958,904.00",76.41,Canada,Toronto Stock Exchange,CAD,1,CAD
L,LOBLAW COMPANIES LTD,Consumer Staples,Equity,2024-01-31,"71,455,659.70",0.66,"71,455,659.70","531,862.00",134.35,Canada,Toronto Stock Exchange,CAD,1,CAD
BIP.UN,BROOKFIELD INFRASTRUCTURE PARTNERS,Utilities,Equity,2024-01-31,"69,943,320.85",0.64,"69,943,320.85","1,663,337.00",42.05,Bermuda,Toronto Stock Exchange,CAD,1,CAD
BAM,BROOKFIELD ASSET MANAGEMENT VOTING,Financials,Equity,2024-01-31,"67,399,413.12",0.62,"67,399,413.12","1,246,752.00",54.06,Canada,Toronto Stock Exchange,CAD,1,CAD
TOU,TOURMALINE OIL CORP,Energy,Equity,2024-01-31,"67,067,196.85",0.62,"67,067,196.85","1,153,745.00",58.13,Canada,Toronto Stock Exchange,CAD,1,CAD
MRU,METRO INC,Consumer Staples,Equity,2024-01-31,"58,214,655.33",0.54,"58,214,655.33","824,687.00",70.59,Canada,Toronto Stock Exchange,CAD,1,CAD
OTEX,OPEN TEXT CORP,Information Technology,Equity,2024-01-31,"57,235,309.56",0.53,"57,235,309.56","976,212.00",58.63,Canada,Toronto Stock Exchange,CAD,1,CAD
TFII,TFI INTERNATIONAL INC,Industrials,Equity,2024-01-31,"51,106,875.74",0.47,"51,106,875.74","289,246.00",176.69,Canada,Toronto Stock Exchange,CAD,1,CAD
EMA,EMERA INC,Utilities,Equity,2024-01-31,"46,905,150.19",0.43,"46,905,150.19","987,269.00",47.51,Canada,Toronto Stock Exchange,CAD,1,CAD
H,HYDRO ONE LTD,Utilities,Equity,2024-01-31,"45,570,189.00",0.42,"45,570,189.00","1,142,110.00",39.9,Canada,Toronto Stock Exchange,CAD,1,CAD
ARX,ARC RESOURCES LTD,Energy,Equity,2024-01-31,"45,377,627.04",0.42,"45,377,627.04","2,173,258.00",20.88,Canada,Toronto Stock Exchange,CAD,1,CAD
IMO,IMPERIAL OIL LTD,Energy,Equity,2024-01-31,"44,868,801.45",0.41,"44,868,801.45","578,579.00",77.55,Canada,Toronto Stock Exchange,CAD,1,CAD
GWO,GREAT WEST LIFECO INC,Financials,Equity,2024-01-31,"43,685,788.08",0.4,"43,685,788.08","973,391.00",44.88,Canada,Toronto Stock Exchange,CAD,1,CAD
STN,STANTEC INC,Industrials,Equity,2024-01-31,"43,143,617.01",0.4,"43,143,617.01","399,367.00",108.03,Canada,Toronto Stock Exchange,CAD,1,CAD
WN,GEORGE WESTON LTD,Consumer Staples,Equity,2024-01-31,"36,840,805.80",0.34,"36,840,805.80","215,066.00",171.3,Canada,Toronto Stock Exchange,CAD,1,CAD
DSG,DESCARTES SYSTEMS GROUP INC,Information Technology,Equity,2024-01-31,"36,033,856.56",0.33,"36,033,856.56","306,098.00",117.72,Canada,Toronto Stock Exchange,CAD,1,CAD
TIH,TOROMONT INDUSTRIES LTD,Industrials,Equity,2024-01-31,"34,909,598.72",0.32,"34,909,598.72","296,447.00",117.76,Canada,Toronto Stock Exchange,CAD,1,CAD
FSV,FIRSTSERVICE SUBORDINATE VOTING CO,Real Estate,Equity,2024-01-31,"33,266,956.80",0.31,"33,266,956.80","147,840.00",225.02,Canada,Toronto Stock Exchange,CAD,1,CAD
X,TMX GROUP LTD,Financials,Equity,2024-01-31,"33,241,887.00",0.31,"33,241,887.00","999,756.00",33.25,Canada,Toronto Stock Exchange,CAD,1,CAD
IAG,IA FINANCIAL INC,Financials,Equity,2024-01-31,"33,217,593.40",0.31,"33,217,593.40","363,431.00",91.4,Canada,Toronto Stock Exchange,CAD,1,CAD
GFL,GFL ENVIRONMENTAL SUBORDINATE VOTI,Industrials,Equity,2024-01-31,"32,989,182.40",0.3,"32,989,182.40","722,180.00",45.68,Canada,Toronto Stock Exchange,CAD,1,CAD
K,KINROSS GOLD CORP,Materials,Equity,2024-01-31,"32,701,100.64",0.3,"32,701,100.64","4,413,104.00",7.41,Canada,Toronto Stock Exchange,CAD,1,CAD
EFN,ELEMENT FLEET MANAGEMENT CORP,Industrials,Equity,2024-01-31,"31,776,063.48",0.29,"31,776,063.48","1,401,061.00",22.68,Canada,Toronto Stock Exchange,CAD,1,CAD
CAE,CAE INC,Industrials,Equity,2024-01-31,"30,859,768.92",0.28,"30,859,768.92","1,146,351.00",26.92,Canada,Toronto Stock Exchange,CAD,1,CAD
CCL.B,CCL INDUSTRIES INC CLASS B,Materials,Equity,2024-01-31,"29,921,490.48",0.28,"29,921,490.48","520,012.00",57.54,Canada,Toronto Stock Exchange,CAD,1,CAD
IVN,IVANHOE MINES LTD CLASS A,Materials,Equity,2024-01-31,"29,119,343.18",0.27,"29,119,343.18","2,063,738.00",14.11,Canada,Toronto Stock Exchange,CAD,1,CAD
ALA,ALTAGAS LTD,Utilities,Equity,2024-01-31,"28,323,719.45",0.26,"28,323,719.45","1,013,371.00",27.95,Canada,Toronto Stock Exchange,CAD,1,CAD
ATRL,SNC LAVALIN INC,Industrials,Equity,2024-01-31,"28,160,546.96",0.26,"28,160,546.96","631,544.00",44.59,Canada,Toronto Stock Exchange,CAD,1,CAD
CAR.UN,CANADIAN APARTMENT PROPERTIES REAL,Real Estate,Equity,2024-01-31,"28,105,934.09",0.26,"28,105,934.09","602,227.00",46.67,Canada,Toronto Stock Exchange,CAD,1,CAD
GIL,GILDAN ACTIVEWEAR INC,Consumer Discretionary,Equity,2024-01-31,"27,525,247.20",0.25,"27,525,247.20","619,938.00",44.4,Canada,Toronto Stock Exchange,CAD,1,CAD
BEP.UN,BROOKFIELD RENEWABLE PARTNERS NON,Utilities,Equity,2024-01-31,"27,073,705.26",0.25,"27,073,705.26","776,641.00",34.86,Bermuda,Toronto Stock Exchange,CAD,1,CAD
CTC.A,CANADIAN TIRE LTD CLASS A,Consumer Discretionary,Equity,2024-01-31,"26,851,052.90",0.25,"26,851,052.90","187,901.00",142.9,Canada,Toronto Stock Exchange,CAD,1,CAD
KEY,KEYERA CORP,Energy,Equity,2024-01-31,"26,807,341.68",0.25,"26,807,341.68","824,334.00",32.52,Canada,Toronto Stock Exchange,CAD,1,CAD
LUN,LUNDIN MINING CORP,Materials,Equity,2024-01-31,"26,001,595.26",0.24,"26,001,595.26","2,368,087.00",10.98,Canada,Toronto Stock Exchange,CAD,1,CAD
MEG,MEG ENERGY CORP,Energy,Equity,2024-01-31,"25,775,930.84",0.24,"25,775,930.84","1,014,002.00",25.42,Canada,Toronto Stock Exchange,CAD,1,CAD
FM,FIRST QUANTUM MINERALS LTD,Materials,Equity,2024-01-31,"24,692,580.40",0.23,"24,692,580.40","2,023,982.00",12.2,Canada,Toronto Stock Exchange,CAD,1,CAD
SAP,SAPUTO INC,Consumer Staples,Equity,2024-01-31,"24,466,254.12",0.23,"24,466,254.12","882,621.00",27.72,Canada,Toronto Stock Exchange,CAD,1,CAD
ONEX,ONEX CORP,Financials,Equity,2024-01-31,"23,989,290.39",0.22,"23,989,290.39","241,657.00",99.27,Canada,Toronto Stock Exchange,CAD,1,CAD
PAAS,PAN AMERICAN SILVER CORP,Materials,Equity,2024-01-31,"23,796,882.20",0.22,"23,796,882.20","1,307,521.00",18.2,Canada,Toronto Stock Exchange,CAD,1,CAD
AGI,ALAMOS GOLD INC CLASS A,Materials,Equity,2024-01-31,"23,211,210.00",0.21,"23,211,210.00","1,425,750.00",16.28,Canada,Toronto Stock Exchange,CAD,1,CAD
CAD,CAD CASH,Cash and/or Derivatives,Cash,2024-01-31,"23,188,072.32",0.21,"23,188,072.32","23,188,072.00",100,Canada,,CAD,1,CAD
PKI,PARKLAND CORP,Energy,Equity,2024-01-31,"22,967,206.84",0.21,"22,967,206.84","500,593.00",45.88,Canada,Toronto Stock Exchange,CAD,1,CAD
NPI,NORTHLAND POWER INC,Utilities,Equity,2024-01-31,"22,605,185.40",0.21,"22,605,185.40","913,710.00",24.74,Canada,Toronto Stock Exchange,CAD,1,CAD
BYD,BOYD GROUP INCOME INC,Industrials,Equity,2024-01-31,"22,342,199.72",0.21,"22,342,199.72","77,314.00",288.98,Canada,Toronto Stock Exchange,CAD,1,CAD
WFG,WEST FRASER TIMBER LTD,Materials,Equity,2024-01-31,"22,207,665.93",0.2,"22,207,665.93","207,723.00",106.91,Canada,Toronto Stock Exchange,CAD,1,CAD
CIGI,COLLIERS INTERNATIONAL GROUP SUBOR,Real Estate,Equity,2024-01-31,"22,180,496.26",0.2,"22,180,496.26","140,543.00",157.82,Canada,Toronto Stock Exchange,CAD,1,CAD
AC,AIR CANADA VOTING AND VARIABLE VOT,Industrials,Equity,2024-01-31,"22,138,575.40",0.2,"22,138,575.40","1,215,070.00",18.22,Canada,Toronto Stock Exchange,CAD,1,CAD
FTT,FINNING INTERNATIONAL INC,Industrials,Equity,2024-01-31,"20,335,533.30",0.19,"20,335,533.30","522,630.00",38.91,Canada,Toronto Stock Exchange,CAD,1,CAD
CLS,CELESTICA INC,Information Technology,Equity,2024-01-31,"19,851,631.16",0.18,"19,851,631.16","429,596.00",46.21,Canada,Toronto Stock Exchange,CAD,1,CAD
AQN,ALGONQUIN POWER UTILITIES CORP,Utilities,Equity,2024-01-31,"19,817,859.29",0.18,"19,817,859.29","2,486,557.00",7.97,Canada,Toronto Stock Exchange,CAD,1,CAD
REI.UN,RIOCAN REAL ESTATE INVESTMENT TRUS,Real Estate,Equity,2024-01-31,"19,685,380.68",0.18,"19,685,380.68","1,076,292.00",18.29,Canada,Toronto Stock Exchange,CAD,1,CAD
WCP,WHITECAP RESOURCES INC,Energy,Equity,2024-01-31,"18,994,388.10",0.18,"18,994,388.10","2,183,263.00",8.7,Canada,Toronto Stock Exchange,CAD,1,CAD
EMP.A,EMPIRE LTD CLASS A,Consumer Staples,Equity,2024-01-31,"18,975,606.00",0.17,"18,975,606.00","544,650.00",34.84,Canada,Toronto Stock Exchange,CAD,1,CAD
CPG,CRESCENT POINT ENERGY CORP,Energy,Equity,2024-01-31,"18,308,208.15",0.17,"18,308,208.15","2,087,595.00",8.77,Canada,Toronto Stock Exchange,CAD,1,CAD
QBR.B,QUEBECOR INC CLASS B,Communication,Equity,2024-01-31,"18,087,344.31",0.17,"18,087,344.31","553,299.00",32.69,Canada,Toronto Stock Exchange,CAD,1,CAD
BTO,B2GOLD CORP,Materials,Equity,2024-01-31,"17,515,117.50",0.16,"17,515,117.50","4,670,698.00",3.75,Canada,Toronto Stock Exchange,CAD,1,CAD
PSK,PRAIRIESKY ROYALTY LTD,Energy,Equity,2024-01-31,"16,929,328.60",0.16,"16,929,328.60","763,270.00",22.18,Canada,Toronto Stock Exchange,CAD,1,CAD
KXS,KINAXIS INC,Information Technology,Equity,2024-01-31,"16,838,110.84",0.16,"16,838,110.84","102,847.00",163.72,Canada,Toronto Stock Exchange,CAD,1,CAD
GRT.UN,GRANITE REAL ESTATE INVESTMENT STA,Real Estate,Equity,2024-01-31,"16,582,776.07",0.15,"16,582,776.07","228,949.00",72.43,Canada,Toronto Stock Exchange,CAD,1,CAD
ATS,ATS CORP,Industrials,Equity,2024-01-31,"16,566,158.07",0.15,"16,566,158.07","288,057.00",57.51,Canada,Toronto Stock Exchange,CAD,1,CAD
NXE,NEXGEN ENERGY LTD,Energy,Equity,2024-01-31,"16,265,749.70",0.15,"16,265,749.70","1,579,199.00",10.3,Canada,Toronto Stock Exchange,CAD,1,CAD
CPX,CAPITAL POWER CORP,Utilities,Equity,2024-01-31,"15,632,860.32",0.14,"15,632,860.32","422,967.00",36.96,Canada,Toronto Stock Exchange,CAD,1,CAD
BBD.B,BOMBARDIER INC CLASS B,Industrials,Equity,2024-01-31,"15,524,696.39",0.14,"15,524,696.39","312,431.00",49.69,Canada,Toronto Stock Exchange,CAD,1,CAD
ERF,ENERPLUS CORP,Energy,Equity,2024-01-31,"14,652,200.00",0.14,"14,652,200.00","750,625.00",19.52,Canada,Toronto Stock Exchange,CAD,1,CAD
MX,METHANEX CORP,Materials,Equity,2024-01-31,"14,436,327.18",0.13,"14,436,327.18","242,139.00",59.62,Canada,Toronto Stock Exchange,CAD,1,CAD
SJ,STELLA JONES INC,Materials,Equity,2024-01-31,"14,233,046.68",0.13,"14,233,046.68","178,942.00",79.54,Canada,Toronto Stock Exchange,CAD,1,CAD
TCN,TRICON RESIDENTIAL INC,Real Estate,Equity,2024-01-31,"13,819,559.20",0.13,"13,819,559.20","933,754.00",14.8,Canada,Toronto Stock Exchange,CAD,1,CAD
CHP.UN,CHOICE PROPERTIES REAL ESTATE INVE,Real Estate,Equity,2024-01-31,"13,752,657.36",0.13,"13,752,657.36","979,534.00",14.04,Canada,Toronto Stock Exchange,CAD,1,CAD
CU,CANADIAN UTILITIES LTD CLASS A,Utilities,Equity,2024-01-31,"13,332,291.28",0.12,"13,332,291.28","435,127.00",30.64,Canada,Toronto Stock Exchange,CAD,1,CAD
DIR.UN,DREAM Industrials REAL ESTATE INVES,Real Estate,Equity,2024-01-31,"13,145,654.94",0.12,"13,145,654.94","979,557.00",13.42,Canada,Toronto Stock Exchange,CAD,1,CAD
OR,OSISKO GOLD ROYALTIES LTD,Materials,Equity,2024-01-31,"13,031,424.72",0.12,"13,031,424.72","665,208.00",19.59,Canada,Toronto Stock Exchange,CAD,1,CAD
GEI,GIBSON ENERGY INC,Energy,Equity,2024-01-31,"12,492,381.04",0.12,"12,492,381.04","582,124.00",21.46,Canada,Toronto Stock Exchange,CAD,1,CAD
PBH,PREMIUM BRANDS HOLDINGS CORP,Consumer Staples,Equity,2024-01-31,"12,240,097.41",0.11,"12,240,097.41","133,059.00",91.99,Canada,Toronto Stock Exchange,CAD,1,CAD
LSPD,LIGHTSPEED COMMERCE INC,Information Technology,Equity,2024-01-31,"12,217,783.74",0.11,"12,217,783.74","492,454.00",24.81,Canada,Toronto Stock Exchange,CAD,1,CAD
FCR.UN,FIRST CAPITAL REALTY REAL ESTATE I,Real Estate,Equity,2024-01-31,"12,097,606.47",0.11,"12,097,606.47","765,187.00",15.81,Canada,Toronto Stock Exchange,CAD,1,CAD
ELD,ELDORADO GOLD CORP,Materials,Equity,2024-01-31,"12,095,289.53",0.11,"12,095,289.53","736,171.00",16.43,Canada,Toronto Stock Exchange,CAD,1,CAD
SRU.UN,SMARTCENTRES RL ESTATE INVESTMENT,Real Estate,Equity,2024-01-31,"11,409,565.50",0.11,"11,409,565.50","462,675.00",24.66,Canada,Toronto Stock Exchange,CAD,1,CAD
PRMW,PRIMO WATER CORP,Consumer Staples,Equity,2024-01-31,"11,364,080.58",0.1,"11,364,080.58","579,209.00",19.62,Canada,Toronto Stock Exchange,CAD,1,CAD
DFY,DEFINITY FINANCIAL CORP,Financials,Equity,2024-01-31,"11,267,146.80",0.1,"11,267,146.80","288,015.00",39.12,Canada,Toronto Stock Exchange,CAD,1,CAD
BHC,BAUSCH HEALTH COMPANIES INC,Health Care,Equity,2024-01-31,"11,222,359.60",0.1,"11,222,359.60","1,064,740.00",10.54,Canada,Toronto Stock Exchange,CAD,1,CAD
ATZ,ARITZIA SUBORDINATE VOTING INC,Consumer Discretionary,Equity,2024-01-31,"10,647,399.39",0.1,"10,647,399.39","325,509.00",32.71,Canada,Toronto Stock Exchange,CAD,1,CAD
IGM,IGM FINANCIAL INC,Financials,Equity,2024-01-31,"10,614,584.50",0.1,"10,614,584.50","291,850.00",36.37,Canada,Toronto Stock Exchange,CAD,1,CAD
BLX,BORALEX INC CLASS A,Utilities,Equity,2024-01-31,"10,424,785.65",0.1,"10,424,785.65","321,455.00",32.43,Canada,Toronto Stock Exchange,CAD,1,CAD
BTE,BAYTEX ENERGY CORP,Energy,Equity,2024-01-31,"10,396,591.73",0.1,"10,396,591.73","2,434,799.00",4.27,Canada,Toronto Stock Exchange,CAD,1,CAD
DOO,BRP SUBORDINATE VOTING INC,Consumer Discretionary,Equity,2024-01-31,"10,358,709.48",0.1,"10,358,709.48","122,097.00",84.84,Canada,Toronto Stock Exchange,CAD,1,CAD
CSH.UN,CHARTWELL RETIREMENT RESIDENCES RE,Health Care,Equity,2024-01-31,"10,324,409.15",0.1,"10,324,409.15","861,085.00",11.99,Canada,Toronto Stock Exchange,CAD,1,CAD
CWB,CANADIAN WESTERN BANK,Financials,Equity,2024-01-31,"10,268,066.97",0.09,"10,268,066.97","346,777.00",29.61,Canada,Toronto Stock Exchange,CAD,1,CAD
BEI.UN,BOARDWALK REAL ESTATE INVESTMENT T,Real Estate,Equity,2024-01-31,"10,076,537.40",0.09,"10,076,537.40","144,363.00",69.8,Canada,Toronto Stock Exchange,CAD,1,CAD
ACO.X,ATCO LTD CLASS I,Utilities,Equity,2024-01-31,"9,958,886.40",0.09,"9,958,886.40","264,864.00",37.6,Canada,Toronto Stock Exchange,CAD,1,CAD
CS,CAPSTONE COPPER CORP,Materials,Equity,2024-01-31,"9,959,180.96",0.09,"9,959,180.96","1,504,408.00",6.62,Canada,Toronto Stock Exchange,CAD,1,CAD
RUS,RUSSEL METALS INC,Industrials,Equity,2024-01-31,"9,618,938.94",0.09,"9,618,938.94","218,166.00",44.09,Canada,Toronto Stock Exchange,CAD,1,CAD
HBM,HUDBAY MINERALS INC,Materials,Equity,2024-01-31,"9,426,363.12",0.09,"9,426,363.12","1,261,896.00",7.47,Canada,Toronto Stock Exchange,CAD,1,CAD
LNR,LINAMAR CORP,Consumer Discretionary,Equity,2024-01-31,"9,335,609.15",0.09,"9,335,609.15","146,395.00",63.77,Canada,Toronto Stock Exchange,CAD,1,CAD
HR.UN,H&R REAL ESTATE INVESTMENT TRUST,Real Estate,Equity,2024-01-31,"9,321,320.95",0.09,"9,321,320.95","946,327.00",9.85,Canada,Toronto Stock Exchange,CAD,1,CAD
SSRM,SSR MINING INC,Materials,Equity,2024-01-31,"9,306,659.81",0.09,"9,306,659.81","734,543.00",12.67,Canada,Toronto Stock Exchange,CAD,1,CAD
TA,TRANSALTA CORP,Utilities,Equity,2024-01-31,"9,044,164.66",0.08,"9,044,164.66","928,559.00",9.74,Canada,Toronto Stock Exchange,CAD,1,CAD
PEY,PEYTO EXPLORATION & DEVELOPMENT CO,Energy,Equity,2024-01-31,"9,018,585.74",0.08,"9,018,585.74","695,342.00",12.97,Canada,Toronto Stock Exchange,CAD,1,CAD
AP.UN,ALLIED PROPERTIES REAL ESTATE INVT,Real Estate,Equity,2024-01-31,"8,966,258.24",0.08,"8,966,258.24","459,337.00",19.52,Canada,Toronto Stock Exchange,CAD,1,CAD
ATH,ATHABASCA OIL CORP,Energy,Equity,2024-01-31,"8,937,045.18",0.08,"8,937,045.18","2,059,227.00",4.34,Canada,Toronto Stock Exchange,CAD,1,CAD
EQB,EQB INC,Financials,Equity,2024-01-31,"8,899,648.00",0.08,"8,899,648.00","96,400.00",92.32,Canada,Toronto Stock Exchange,CAD,1,CAD
SES,SECURE ENERGY SERVICES INC,Energy,Equity,2024-01-31,"8,719,239.17",0.08,"8,719,239.17","845,707.00",10.31,Canada,Toronto Stock Exchange,CAD,1,CAD
VET,VERMILION ENERGY INC,Energy,Equity,2024-01-31,"8,543,461.35",0.08,"8,543,461.35","591,243.00",14.45,Canada,Toronto Stock Exchange,CAD,1,CAD
PXT,PAREX RESOURCES INC,Energy,Equity,2024-01-31,"8,414,146.44",0.08,"8,414,146.44","377,994.00",22.26,Canada,Toronto Stock Exchange,CAD,1,CAD
DML,DENISON MINES CORP,Energy,Equity,2024-01-31,"8,031,941.10",0.07,"8,031,941.10","2,974,793.00",2.7,Canada,Toronto Stock Exchange,CAD,1,CAD
RCH,RICHELIEU HARDWARE LTD,Industrials,Equity,2024-01-31,"8,004,173.06",0.07,"8,004,173.06","184,343.00",43.42,Canada,Toronto Stock Exchange,CAD,1,CAD
CIX,CI FINANCIAL CORP,Financials,Equity,2024-01-31,"8,000,936.80",0.07,"8,000,936.80","487,862.00",16.4,Canada,Toronto Stock Exchange,CAD,1,CAD
KMP.UN,KILLAM APARTMENT REIT UNITS CLASS,Real Estate,Equity,2024-01-31,"7,915,110.70",0.07,"7,915,110.70","422,590.00",18.73,Canada,Toronto Stock Exchange,CAD,1,CAD
LIF,LABRADOR IRON ORE ROYALTY CORP,Materials,Equity,2024-01-31,"7,634,189.69",0.07,"7,634,189.69","231,269.00",33.01,Canada,Toronto Stock Exchange,CAD,1,CAD
CJT,CARGOJET INC,Industrials,Equity,2024-01-31,"7,498,504.64",0.07,"7,498,504.64","62,368.00",120.23,Canada,Toronto Stock Exchange,CAD,1,CAD
NVEI,NUVEI SUBORDINATE VOTING CORP,Financials,Equity,2024-01-31,"7,466,728.50",0.07,"7,466,728.50","228,550.00",32.67,Canada,Toronto Stock Exchange,CAD,1,CAD
SPB,SUPERIOR PLUS CORP,Utilities,Equity,2024-01-31,"7,459,431.78",0.07,"7,459,431.78","809,049.00",9.22,Canada,Toronto Stock Exchange,CAD,1,CAD
EIF,EXCHANGE INCOME CORP,Industrials,Equity,2024-01-31,"7,390,987.56",0.07,"7,390,987.56","157,322.00",46.98,Canada,Toronto Stock Exchange,CAD,1,CAD
AIF,ALTUS GROUP LTD,Real Estate,Equity,2024-01-31,"7,384,168.88",0.07,"7,384,168.88","162,934.00",45.32,Canada,Toronto Stock Exchange,CAD,1,CAD
POU,PARAMOUNT RESOURCE LTD CLASS A,Energy,Equity,2024-01-31,"7,252,387.50",0.07,"7,252,387.50","273,675.00",26.5,Canada,Toronto Stock Exchange,CAD,1,CAD
BB,BLACKBERRY LTD,Information Technology,Equity,2024-01-31,"7,143,656.13",0.07,"7,143,656.13","1,894,869.00",3.77,Canada,Toronto Stock Exchange,CAD,1,CAD
GSY,GOEASY LTD,Financials,Equity,2024-01-31,"7,137,688.80",0.07,"7,137,688.80","46,615.00",153.12,Canada,Toronto Stock Exchange,CAD,1,CAD
IIP.UN,INTERRENT REAL ESTATE INVESTMENT T,Real Estate,Equity,2024-01-31,"7,054,171.65",0.07,"7,054,171.65","523,695.00",13.47,Canada,Toronto Stock Exchange,CAD,1,CAD
OGC,OCEANAGOLD CORPORATION CORP,Materials,Equity,2024-01-31,"6,801,261.50",0.06,"6,801,261.50","2,528,350.00",2.69,Canada,Toronto Stock Exchange,CAD,1,CAD
MFI,MAPLE LEAF FOODS INC,Consumer Staples,Equity,2024-01-31,"6,701,860.12",0.06,"6,701,860.12","261,383.00",25.64,Canada,Toronto Stock Exchange,CAD,1,CAD
NWC,NORTH WEST COMPANY INC,Consumer Staples,Equity,2024-01-31,"6,682,779.82",0.06,"6,682,779.82","171,838.00",38.89,Canada,Toronto Stock Exchange,CAD,1,CAD
FIL,FILO CORP,Materials,Equity,2024-01-31,"6,491,516.85",0.06,"6,491,516.85","314,055.00",20.67,Canada,Toronto Stock Exchange,CAD,1,CAD
TPZ,TOPAZ ENERGY CORP,Energy,Equity,2024-01-31,"6,477,680.16",0.06,"6,477,680.16","333,214.00",19.44,Canada,Toronto Stock Exchange,CAD,1,CAD
TLRY,TILRAY BRANDS INC,Health Care,Equity,2024-01-31,"6,440,890.75",0.06,"6,440,890.75","2,628,935.00",2.45,United States,Toronto Stock Exchange,CAD,1,CAD
FR,FIRST MAJESTIC SILVER CORP,Materials,Equity,2024-01-31,"6,438,505.64",0.06,"6,438,505.64","1,033,468.00",6.23,Canada,Toronto Stock Exchange,CAD,1,CAD
TSU,TRISURA GROUP LTD,Financials,Equity,2024-01-31,"6,421,149.35",0.06,"6,421,149.35","171,185.00",37.51,Canada,Toronto Stock Exchange,CAD,1,CAD
FRU,FREEHOLD ROYALTIES LTD,Energy,Equity,2024-01-31,"6,224,899.10",0.06,"6,224,899.10","446,870.00",13.93,Canada,Toronto Stock Exchange,CAD,1,CAD
NVA,NUVISTA ENERGY LTD,Energy,Equity,2024-01-31,"6,167,879.34",0.06,"6,167,879.34","591,927.00",10.42,Canada,Toronto Stock Exchange,CAD,1,CAD
ERO,ERO COPPER CORP,Materials,Equity,2024-01-31,"6,146,052.70",0.06,"6,146,052.70","291,974.00",21.05,Canada,Toronto Stock Exchange,CAD,1,CAD
EQX,EQUINOX GOLD CORP,Materials,Equity,2024-01-31,"6,123,807.36",0.06,"6,123,807.36","1,030,944.00",5.94,Canada,Toronto Stock Exchange,CAD,1,CAD
EFR,ENERGY FUELS INC,Energy,Equity,2024-01-31,"5,892,693.00",0.05,"5,892,693.00","577,715.00",10.2,Canada,Toronto Stock Exchange,CAD,1,CAD
BDGI,BADGER INFRASTRUCTURE SOLUTIONS LT,Industrials,Equity,2024-01-31,"5,840,280.32",0.05,"5,840,280.32","125,006.00",46.72,Canada,Toronto Stock Exchange,CAD,1,CAD
ENGH,ENGHOUSE SYSTEMS LTD,Information Technology,Equity,2024-01-31,"5,808,556.60",0.05,"5,808,556.60","155,309.00",37.4,Canada,Toronto Stock Exchange,CAD,1,CAD
TVE,TAMARACK VALLEY ENERGY LTD,Energy,Equity,2024-01-31,"5,746,312.32",0.05,"5,746,312.32","1,859,648.00",3.09,Canada,Toronto Stock Exchange,CAD,1,CAD
DPM,DUNDEE PRECIOUS METALS INC,Materials,Equity,2024-01-31,"5,739,753.18",0.05,"5,739,753.18","666,638.00",8.61,Canada,Toronto Stock Exchange,CAD,1,CAD
LUG,LUNDIN GOLD INC,Materials,Equity,2024-01-31,"5,570,000.28",0.05,"5,570,000.28","351,198.00",15.86,Canada,Toronto Stock Exchange,CAD,1,CAD
CG,CENTERRA GOLD INC,Materials,Equity,2024-01-31,"5,568,308.75",0.05,"5,568,308.75","785,375.00",7.09,Canada,Toronto Stock Exchange,CAD,1,CAD
KNT,K92 MINING INC,Materials,Equity,2024-01-31,"5,480,575.24",0.05,"5,480,575.24","851,021.00",6.44,Canada,Toronto Stock Exchange,CAD,1,CAD
SSL,SANDSTORM GOLD LTD,Materials,Equity,2024-01-31,"5,401,202.30",0.05,"5,401,202.30","885,443.00",6.1,Canada,Toronto Stock Exchange,CAD,1,CAD
IMG,IAMGOLD CORP,Materials,Equity,2024-01-31,"5,286,384.00",0.05,"5,286,384.00","1,651,995.00",3.2,Canada,Toronto Stock Exchange,CAD,1,CAD
AAV,ADVANTAGE ENERGY LTD,Energy,Equity,2024-01-31,"5,244,742.44",0.05,"5,244,742.44","594,642.00",8.82,Canada,Toronto Stock Exchange,CAD,1,CAD
CRR.UN,CROMBIE REAL ESTATE INVESTMENT TRU,Real Estate,Equity,2024-01-31,"5,231,606.40",0.05,"5,231,606.40","384,960.00",13.59,Canada,Toronto Stock Exchange,CAD,1,CAD
STLC,STELCO HOLDINGS INC,Materials,Equity,2024-01-31,"5,180,667.44",0.05,"5,180,667.44","120,034.00",43.16,Canada,Toronto Stock Exchange,CAD,1,CAD
INE,INNERGEX RENEWABLE ENERGY INC,Utilities,Equity,2024-01-31,"5,147,951.22",0.05,"5,147,951.22","560,779.00",9.18,Canada,Toronto Stock Exchange,CAD,1,CAD
CCA,COGECO COMMUNICATIONS SUBORDINATE,Communication,Equity,2024-01-31,"5,143,945.00",0.05,"5,143,945.00","82,900.00",62.05,Canada,Toronto Stock Exchange,CAD,1,CAD
BBU.UN,BROOKFIELD BUSINESS PARTNERS UNITS,Industrials,Equity,2024-01-31,"5,079,146.86",0.05,"5,079,146.86","174,962.00",29.03,Canada,Toronto Stock Exchange,CAD,1,CAD
HWX,HEADWATER EXPLORATION INC,Energy,Equity,2024-01-31,"4,933,984.61",0.05,"4,933,984.61","781,931.00",6.31,Canada,Toronto Stock Exchange,CAD,1,CAD
BIR,BIRCHCLIFF ENERGY LTD,Energy,Equity,2024-01-31,"4,868,368.20",0.04,"4,868,368.20","954,582.00",5.1,Canada,Toronto Stock Exchange,CAD,1,CAD
PMZ.UN,PRIMARIS REAL ESTATE INVESTMENT UN,Real Estate,Equity,2024-01-31,"4,799,675.61",0.04,"4,799,675.61","345,549.00",13.89,Canada,Toronto Stock Exchange,CAD,1,CAD
WPK,WINPAK LTD,Materials,Equity,2024-01-31,"4,647,729.84",0.04,"4,647,729.84","110,188.00",42.18,Canada,Toronto Stock Exchange,CAD,1,CAD
JWEL,JAMIESON WELLNESS INC,Consumer Staples,Equity,2024-01-31,"4,645,454.43",0.04,"4,645,454.43","150,387.00",30.89,Canada,Toronto Stock Exchange,CAD,1,CAD
IPCO,INTERNATIONAL PETROLEUM CORP,Energy,Equity,2024-01-31,"4,599,467.20",0.04,"4,599,467.20","309,520.00",14.86,Canada,Toronto Stock Exchange,CAD,1,CAD
SVI,STORAGEVAULT CANADA INC,Real Estate,Equity,2024-01-31,"4,581,334.95",0.04,"4,581,334.95","853,135.00",5.37,Canada,Toronto Stock Exchange,CAD,1,CAD
FVI,FORTUNA SILVER MINES INC,Materials,Equity,2024-01-31,"4,523,062.60",0.04,"4,523,062.60","1,103,186.00",4.1,Canada,Toronto Stock Exchange,CAD,1,CAD
MTL,MULLEN GROUP LTD,Industrials,Equity,2024-01-31,"4,442,766.66",0.04,"4,442,766.66","296,778.00",14.97,Canada,Toronto Stock Exchange,CAD,1,CAD
TOY,SPIN MASTER SUBORDINATE VOTING COR,Consumer Discretionary,Equity,2024-01-31,"4,376,479.38",0.04,"4,376,479.38","126,561.00",34.58,Canada,Toronto Stock Exchange,CAD,1,CAD
PD,PRECISION DRILLING CORP,Energy,Equity,2024-01-31,"4,359,708.00",0.04,"4,359,708.00","52,350.00",83.28,Canada,Toronto Stock Exchange,CAD,1,CAD
PSI,PASON SYSTEMS INC,Energy,Equity,2024-01-31,"4,273,052.30",0.04,"4,273,052.30","289,895.00",14.74,Canada,Toronto Stock Exchange,CAD,1,CAD
TXG,TOREX GOLD RESOURCES INC,Materials,Equity,2024-01-31,"4,267,110.47",0.04,"4,267,110.47","308,987.00",13.81,Canada,Toronto Stock Exchange,CAD,1,CAD
MTY,MTY FOOD GROUP INC,Consumer Discretionary,Equity,2024-01-31,"4,245,246.85",0.04,"4,245,246.85","73,715.00",57.59,Canada,Toronto Stock Exchange,CAD,1,CAD
WDO,WESDOME GOLD MINES LTD,Materials,Equity,2024-01-31,"4,213,589.64",0.04,"4,213,589.64","531,348.00",7.93,Canada,Toronto Stock Exchange,CAD,1,CAD
PET,PET VALU HOLDINGS LTD,Consumer Discretionary,Equity,2024-01-31,"4,168,547.74",0.04,"4,168,547.74","133,693.00",31.18,Canada,Toronto Stock Exchange,CAD,1,CAD
LB,LAURENTIAN BANK OF CANADA,Financials,Equity,2024-01-31,"4,129,765.92",0.04,"4,129,765.92","155,664.00",26.53,Canada,Toronto Stock Exchange,CAD,1,CAD
MATR,MATTR CORP,Energy,Equity,2024-01-31,"4,078,628.68",0.04,"4,078,628.68","250,684.00",16.27,Canada,Toronto Stock Exchange,CAD,1,CAD
MAG,MAG SILVER CORP,Materials,Equity,2024-01-31,"4,071,650.00",0.04,"4,071,650.00","336,500.00",12.1,Canada,Toronto Stock Exchange,CAD,1,CAD
NGD,NEW GOLD INC,Materials,Equity,2024-01-31,"3,984,375.42",0.04,"3,984,375.42","2,459,491.00",1.62,Canada,Toronto Stock Exchange,CAD,1,CAD
BLDP,BALLARD POWER SYSTEMS INC,Industrials,Equity,2024-01-31,"3,923,673.60",0.04,"3,923,673.60","891,744.00",4.4,Canada,Toronto Stock Exchange,CAD,1,CAD
SIL,SILVERCREST METALS INC,Materials,Equity,2024-01-31,"3,922,683.36",0.04,"3,922,683.36","527,952.00",7.43,Canada,Toronto Stock Exchange,CAD,1,CAD
ASTL,ALGOMA STEEL GROUP INC,Materials,Equity,2024-01-31,"3,915,731.47",0.04,"3,915,731.47","349,307.00",11.21,Canada,Toronto Stock Exchange,CAD,1,CAD
IFP,INTERFOR CORP,Materials,Equity,2024-01-31,"3,867,905.60",0.04,"3,867,905.60","185,957.00",20.8,Canada,Toronto Stock Exchange,CAD,1,CAD
NWH.UN,NORTHWEST HEALTHCARE PROPERTIES UN,Real Estate,Equity,2024-01-31,"3,774,435.70",0.03,"3,774,435.70","770,293.00",4.9,Canada,Toronto Stock Exchange,CAD,1,CAD
CRT.UN,CT REIT UNITS TRUST,Real Estate,Equity,2024-01-31,"3,772,309.80",0.03,"3,772,309.80","259,980.00",14.51,Canada,Toronto Stock Exchange,CAD,1,CAD
SEA,SEABRIDGE GOLD INC,Materials,Equity,2024-01-31,"3,616,248.51",0.03,"3,616,248.51","255,927.00",14.13,Canada,Toronto Stock Exchange,CAD,1,CAD
TCL.A,TRANSCONTINENTAL SUB VOTING INC CL,Materials,Equity,2024-01-31,"3,612,753.54",0.03,"3,612,753.54","267,018.00",13.53,Canada,Toronto Stock Exchange,CAD,1,CAD
SII,SPROTT INC,Financials,Equity,2024-01-31,"3,536,659.98",0.03,"3,536,659.98","74,961.00",47.18,Canada,Toronto Stock Exchange,CAD,1,CAD
WTE,WESTSHORE TERMINALS INVESTMENT COR,Industrials,Equity,2024-01-31,"3,513,932.00",0.03,"3,513,932.00","123,730.00",28.4,Canada,Toronto Stock Exchange,CAD,1,CAD
AOI,AFRICA OIL CORP,Energy,Equity,2024-01-31,"3,508,075.23",0.03,"3,508,075.23","1,386,591.00",2.53,Canada,Toronto Stock Exchange,CAD,1,CAD
OLA,ORLA MINING LTD,Materials,Equity,2024-01-31,"3,388,098.56",0.03,"3,388,098.56","756,272.00",4.48,Canada,Toronto Stock Exchange,CAD,1,CAD
CFP,CANFOR CORP,Materials,Equity,2024-01-31,"3,308,128.56",0.03,"3,308,128.56","203,202.00",16.28,Canada,Toronto Stock Exchange,CAD,1,CAD
ZZZ,SLEEP COUNTRY CANADA HOLDINGS INC,Consumer Discretionary,Equity,2024-01-31,"3,223,461.73",0.03,"3,223,461.73","124,027.00",25.99,Canada,Toronto Stock Exchange,CAD,1,CAD
SIA,SIENNA SENIOR LIVING INC,Health Care,Equity,2024-01-31,"3,117,529.24",0.03,"3,117,529.24","258,931.00",12.04,Canada,Toronto Stock Exchange,CAD,1,CAD
KEL,KELT EXPLORATION LTD,Energy,Equity,2024-01-31,"3,109,230.00",0.03,"3,109,230.00","579,000.00",5.37,Canada,Toronto Stock Exchange,CAD,1,CAD
NG,NOVAGOLD RESOURCES INC,Materials,Equity,2024-01-31,"2,986,758.25",0.03,"2,986,758.25","870,775.00",3.43,Canada,Toronto Stock Exchange,CAD,1,CAD
GOOS,CANADA GOOSE HOLDINGS SUB VOTING I,Consumer Discretionary,Equity,2024-01-31,"2,916,785.04",0.03,"2,916,785.04","180,942.00",16.12,Canada,Toronto Stock Exchange,CAD,1,CAD
USD,USD CASH,Cash and/or Derivatives,Cash,2024-01-31,"2,832,337.78",0.03,"2,832,337.78","2,119,934.00",133.61,United States,,CAD,0.75,USD
OSK,OSISKO MINING INC,Materials,Equity,2024-01-31,"2,791,515.98",0.03,"2,791,515.98","1,153,519.00",2.42,Canada,Toronto Stock Exchange,CAD,1,CAD
LAAC,LITHIUM AMERICAS ARGENTINA CORP,Materials,Equity,2024-01-31,"2,472,202.04",0.02,"2,472,202.04","414,799.00",5.96,Canada,Toronto Stock Exchange,CAD,1,CAD
LAC,LITHIUM AMERICAS CORP,Materials,Equity,2024-01-31,"2,430,722.14",0.02,"2,430,722.14","414,799.00",5.86,Canada,Toronto Stock Exchange,CAD,1,CAD
2299955D,CONSTELLATION SOFTWARE INC,Information Technology,Equity,2024-01-31,0.61,0,0.61,"60,915.00",0,Canada,Toronto Stock Exchange,CAD,1,CAD
RY,ROYAL BANK OF CANADA,Financials,Equity,2024-02-29,"665,843,369.59",6.03,"665,843,369.59","5,051,922.00",131.8000099,Canada,Toronto Stock Exchange,CAD,1,CAD
TD,TORONTO DOMINION,Financials,Equity,2024-02-29,"536,649,879.97",4.86,"536,649,879.97","6,585,469.00",81.49000169,Canada,Toronto Stock Exchange,CAD,1,CAD
SHOP,SHOPIFY SUBORDINATE VOTING INC CLA,Information Technology,Equity,2024-02-29,"450,520,886.89",4.08,"450,520,886.89","4,344,883.00",103.6899928,Canada,Toronto Stock Exchange,CAD,1,CAD
CP,CANADIAN PACIFIC KANSAS CITY LTD,Industrials,Equity,2024-02-29,"387,580,468.87",3.51,"387,580,468.87","3,363,538.00",115.2299956,Canada,Toronto Stock Exchange,CAD,1,CAD
CNR,CANADIAN NATIONAL RAILWAY,Industrials,Equity,2024-02-29,"369,912,983.11",3.35,"369,912,983.11","2,102,137.00",175.9699692,Canada,Toronto Stock Exchange,CAD,1,CAD
CNQ,CANADIAN NATURAL RESOURCES LTD,Energy,Equity,2024-02-29,"368,808,765.25",3.34,"368,808,765.25","3,901,087.00",94.54000007,Canada,Toronto Stock Exchange,CAD,1,CAD
ENB,ENBRIDGE INC,Energy,Equity,2024-02-29,"357,766,586.65",3.24,"357,766,586.65","7,669,166.00",46.64999905,Canada,Toronto Stock Exchange,CAD,1,CAD
BMO,BANK OF MONTREAL,Financials,Equity,2024-02-29,"319,118,961.55",2.89,"319,118,961.55","2,597,842.00",122.8400193,Canada,Toronto Stock Exchange,CAD,1,CAD
BN,BROOKFIELD CORP CLASS A,Financials,Equity,2024-02-29,"288,200,861.46",2.61,"288,200,861.46","5,146,444.00",55.99999951,Canada,Toronto Stock Exchange,CAD,1,CAD
BNS,BANK OF NOVA SCOTIA,Financials,Equity,2024-02-29,"285,992,425.74",2.59,"285,992,425.74","4,345,729.00",65.81000006,Canada,Toronto Stock Exchange,CAD,1,CAD
CSU,CONSTELLATION SOFTWARE INC,Information Technology,Equity,2024-02-29,"268,324,939.98",2.43,"268,324,939.98","71,016.00",3778.373042,Canada,Toronto Stock Exchange,CAD,1,CAD
ATD,ALIMENTATION COUCHE TARD INC,Consumer Staples,Equity,2024-02-29,"221,947,789.86",2.01,"221,947,789.86","2,636,899.00",84.17000039,Canada,Toronto Stock Exchange,CAD,1,CAD
SU,SUNCOR ENERGY INC,Energy,Equity,2024-02-29,"217,530,918.42",1.97,"217,530,918.42","4,665,042.00",46.63000214,Canada,Toronto Stock Exchange,CAD,1,CAD
CM,CANADIAN IMPERIAL BANK OF COMMERCE,Financials,Equity,2024-02-29,"214,218,264.84",1.94,"214,218,264.84","3,335,694.00",64.21999885,Canada,Toronto Stock Exchange,CAD,1,CAD
MFC,MANULIFE FINANCIAL CORP,Financials,Equity,2024-02-29,"210,905,611.26",1.91,"210,905,611.26","6,547,830.00",32.21000106,Canada,Toronto Stock Exchange,CAD,1,CAD
WCN,WASTE CONNECTIONS INC,Industrials,Equity,2024-02-29,"209,801,393.40",1.9,"209,801,393.40","929,065.00",225.8199301,United States,Toronto Stock Exchange,CAD,1,CAD
TRP,TC ENERGY CORP,Energy,Equity,2024-02-29,"200,967,650.52",1.82,"200,967,650.52","3,743,809.00",53.67999557,Canada,Toronto Stock Exchange,CAD,1,CAD
BCE,BCE INC,Communication,Equity,2024-02-29,"165,632,679.00",1.5,"165,632,679.00","3,288,973.00",50.35999961,Canada,Toronto Stock Exchange,CAD,1,CAD
SLF,SUN LIFE FINANCIAL INC,Financials,Equity,2024-02-29,"152,382,064.68",1.38,"152,382,064.68","2,114,069.00",72.07998636,Canada,Toronto Stock Exchange,CAD,1,CAD
IFC,INTACT FINANCIAL CORP,Financials,Equity,2024-02-29,"144,652,539.66",1.31,"144,652,539.66","640,963.00",225.6800153,Canada,Toronto Stock Exchange,CAD,1,CAD
NA,NATIONAL BANK OF CANADA,Financials,Equity,2024-02-29,"129,193,489.62",1.17,"129,193,489.62","1,219,612.00",105.9299922,Canada,Toronto Stock Exchange,CAD,1,CAD
NTR,NUTRIEN LTD,Materials,Equity,2024-02-29,"125,880,836.04",1.14,"125,880,836.04","1,776,974.00",70.83999881,Canada,Toronto Stock Exchange,CAD,1,CAD
ABX,BARRICK GOLD CORP,Materials,Equity,2024-02-29,"124,776,618.18",1.13,"124,776,618.18","6,305,034.00",19.78999926,Canada,Toronto Stock Exchange,CAD,1,CAD
T,TELUS CORP,Communication,Equity,2024-02-29,"123,672,400.32",1.12,"123,672,400.32","5,224,858.00",23.67000219,Canada,Toronto Stock Exchange,CAD,1,CAD
QSR,RESTAURANTS BRANDS INTERNATIONAL I,Consumer Discretionary,Equity,2024-02-29,"118,151,311.02",1.07,"118,151,311.02","1,121,193.00",105.3799935,Canada,Toronto Stock Exchange,CAD,1,CAD
FFH,FAIRFAX FINANCIAL HOLDINGS SUB VOT,Financials,Equity,2024-02-29,"117,047,093.16",1.06,"117,047,093.16","80,801.00",1448.58471,Canada,Toronto Stock Exchange,CAD,1,CAD
AEM,AGNICO EAGLE MINES LTD,Materials,Equity,2024-02-29,"115,942,875.30",1.05,"115,942,875.30","1,781,270.00",65.09000618,Canada,Toronto Stock Exchange,CAD,1,CAD
TRI,THOMSON REUTERS CORP,Industrials,Equity,2024-02-29,"115,942,875.30",1.05,"115,942,875.30","541,182.00",214.2400806,Canada,Toronto Stock Exchange,CAD,1,CAD
GIB.A,CGI INC,Information Technology,Equity,2024-02-29,"115,942,875.30",1.05,"115,942,875.30","744,082.00",155.8200243,Canada,Toronto Stock Exchange,CAD,1,CAD
CVE,CENOVUS ENERGY INC,Energy,Equity,2024-02-29,"113,734,439.58",1.03,"113,734,439.58","4,809,067.00",23.65000105,Canada,Toronto Stock Exchange,CAD,1,CAD
DOL,DOLLARAMA INC,Consumer Discretionary,Equity,2024-02-29,"106,004,914.56",0.96,"106,004,914.56","1,009,763.00",104.9799949,Canada,Toronto Stock Exchange,CAD,1,CAD
FNV,FRANCO NEVADA CORP,Materials,Equity,2024-02-29,"98,275,389.54",0.89,"98,275,389.54","691,642.00",142.0899678,Canada,Toronto Stock Exchange,CAD,1,CAD
WSP,WSP GLOBAL INC,Industrials,Equity,2024-02-29,"97,171,171.68",0.88,"97,171,171.68","451,078.00",215.4198868,Canada,Toronto Stock Exchange,CAD,1,CAD
PPL,PEMBINA PIPELINE CORP,Energy,Equity,2024-02-29,"93,858,518.10",0.85,"93,858,518.10","1,987,265.00",47.22999605,Canada,Toronto Stock Exchange,CAD,1,CAD
FTS,FORTIS INC,Utilities,Equity,2024-02-29,"91,650,082.38",0.83,"91,650,082.38","1,751,387.00",52.33000038,Canada,Toronto Stock Exchange,CAD,1,CAD
WPM,WHEATON PRECIOUS METALS CORP,Materials,Equity,2024-02-29,"91,650,082.38",0.83,"91,650,082.38","1,638,657.00",55.92999779,Canada,Toronto Stock Exchange,CAD,1,CAD
TECK.B,TECK RESOURCES SUBORDINATE VOTING,Materials,Equity,2024-02-29,"86,128,993.08",0.78,"86,128,993.08","1,651,563.00",52.14998948,Canada,Toronto Stock Exchange,CAD,1,CAD
CCO,CAMECO CORP,Energy,Equity,2024-02-29,"86,128,993.08",0.78,"86,128,993.08","1,565,982.00",54.9999892,Canada,Toronto Stock Exchange,CAD,1,CAD
RCI.B,ROGERS COMMUNICATIONS NON-VOTING I,Communication,Equity,2024-02-29,"80,607,903.78",0.73,"80,607,903.78","1,342,123.00",60.05999732,Canada,Toronto Stock Exchange,CAD,1,CAD
POW,POWER CORPORATION OF CANADA,Financials,Equity,2024-02-29,"78,399,468.06",0.71,"78,399,468.06","1,999,476.00",39.21000705,Canada,Toronto Stock Exchange,CAD,1,CAD
L,LOBLAW COMPANIES LTD,Consumer Staples,Equity,2024-02-29,"77,295,250.20",0.7,"77,295,250.20","534,397.00",144.6401275,Canada,Toronto Stock Exchange,CAD,1,CAD
MG,MAGNA INTERNATIONAL INC,Consumer Discretionary,Equity,2024-02-29,"71,774,160.90",0.65,"71,774,160.90","959,804.00",74.78001853,Canada,Toronto Stock Exchange,CAD,1,CAD
TOU,TOURMALINE OIL CORP,Energy,Equity,2024-02-29,"70,669,943.04",0.64,"70,669,943.04","1,150,601.00",61.42002574,Canada,Toronto Stock Exchange,CAD,1,CAD
BAM,BROOKFIELD ASSET MANAGEMENT VOTING,Financials,Equity,2024-02-29,"69,565,725.18",0.63,"69,565,725.18","1,257,742.00",55.31001205,Canada,Toronto Stock Exchange,CAD,1,CAD
BIP.UN,BROOKFIELD INFRASTRUCTURE PARTNERS,Utilities,Equity,2024-02-29,"64,044,635.88",0.58,"64,044,635.88","1,656,612.00",38.66000963,Bermuda,Toronto Stock Exchange,CAD,1,CAD
MRU,METRO INC,Consumer Staples,Equity,2024-02-29,"60,731,982.30",0.55,"60,731,982.30","826,510.00",73.48003327,Canada,Toronto Stock Exchange,CAD,1,CAD
TFII,TFI INTERNATIONAL INC,Industrials,Equity,2024-02-29,"58,523,546.58",0.53,"58,523,546.58","291,859.00",200.5199311,Canada,Toronto Stock Exchange,CAD,1,CAD
OTEX,OPEN TEXT CORP,Information Technology,Equity,2024-02-29,"50,794,021.56",0.46,"50,794,021.56","973,252.00",52.18999967,Canada,Toronto Stock Exchange,CAD,1,CAD
ARX,ARC RESOURCES LTD,Energy,Equity,2024-02-29,"50,794,021.56",0.46,"50,794,021.56","2,196,023.00",23.13000436,Canada,Toronto Stock Exchange,CAD,1,CAD
IMO,IMPERIAL OIL LTD,Energy,Equity,2024-02-29,"49,689,803.70",0.45,"49,689,803.70","585,137.00",84.91994815,Canada,Toronto Stock Exchange,CAD,1,CAD
EMA,EMERA INC,Utilities,Equity,2024-02-29,"47,481,367.98",0.43,"47,481,367.98","997,508.00",47.59998715,Canada,Toronto Stock Exchange,CAD,1,CAD
H,HYDRO ONE LTD,Utilities,Equity,2024-02-29,"46,377,150.12",0.42,"46,377,150.12","1,146,530.00",40.45001014,Canada,Toronto Stock Exchange,CAD,1,CAD
STN,STANTEC INC,Industrials,Equity,2024-02-29,"45,272,932.26",0.41,"45,272,932.26","399,514.00",113.3200145,Canada,Toronto Stock Exchange,CAD,1,CAD
GWO,GREAT WEST LIFECO INC,Financials,Equity,2024-02-29,"40,856,060.82",0.37,"40,856,060.82","977,418.00",41.79998815,Canada,Toronto Stock Exchange,CAD,1,CAD
WN,GEORGE WESTON LTD,Consumer Staples,Equity,2024-02-29,"38,647,625.10",0.35,"38,647,625.10","217,415.00",177.7596997,Canada,Toronto Stock Exchange,CAD,1,CAD
TIH,TOROMONT INDUSTRIES LTD,Industrials,Equity,2024-02-29,"37,543,407.24",0.34,"37,543,407.24","301,191.00",124.649831,Canada,Toronto Stock Exchange,CAD,1,CAD
DSG,DESCARTES SYSTEMS GROUP INC,Information Technology,Equity,2024-02-29,"36,439,189.38",0.33,"36,439,189.38","309,778.00",117.6300105,Canada,Toronto Stock Exchange,CAD,1,CAD
CCL.B,CCL INDUSTRIES INC CLASS B,Materials,Equity,2024-02-29,"36,439,189.38",0.33,"36,439,189.38","526,730.00",69.18001515,Canada,Toronto Stock Exchange,CAD,1,CAD
X,TMX GROUP LTD,Financials,Equity,2024-02-29,"35,334,971.52",0.32,"35,334,971.52","992,555.00",35.60001362,Canada,Toronto Stock Exchange,CAD,1,CAD
GFL,GFL ENVIRONMENTAL SUBORDINATE VOTI,Industrials,Equity,2024-02-29,"35,334,971.52",0.32,"35,334,971.52","722,154.00",48.92996718,Canada,Toronto Stock Exchange,CAD,1,CAD
FSV,FIRSTSERVICE SUBORDINATE VOTING CO,Real Estate,Equity,2024-02-29,"33,126,535.80",0.3,"33,126,535.80","148,323.00",223.340519,Canada,Toronto Stock Exchange,CAD,1,CAD
FM,FIRST QUANTUM MINERALS LTD,Materials,Equity,2024-02-29,"33,126,535.80",0.3,"33,126,535.80","2,577,941.00",12.84999765,Canada,Toronto Stock Exchange,CAD,1,CAD
EFN,ELEMENT FLEET MANAGEMENT CORP,Industrials,Equity,2024-02-29,"32,022,317.94",0.29,"32,022,317.94","1,413,789.00",22.64999794,Canada,Toronto Stock Exchange,CAD,1,CAD
IAG,IA FINANCIAL INC,Financials,Equity,2024-02-29,"30,918,100.08",0.28,"30,918,100.08","367,373.00",84.15996843,Canada,Toronto Stock Exchange,CAD,1,CAD
IVN,IVANHOE MINES LTD CLASS A,Materials,Equity,2024-02-29,"29,813,882.22",0.27,"29,813,882.22","2,066,104.00",14.43000073,Canada,Toronto Stock Exchange,CAD,1,CAD
ALA,ALTAGAS LTD,Utilities,Equity,2024-02-29,"29,813,882.22",0.27,"29,813,882.22","1,024,884.00",29.0900065,Canada,Toronto Stock Exchange,CAD,1,CAD
MEG,MEG ENERGY CORP,Energy,Equity,2024-02-29,"29,813,882.22",0.27,"29,813,882.22","1,026,295.00",29.05001215,Canada,Toronto Stock Exchange,CAD,1,CAD
K,KINROSS GOLD CORP,Materials,Equity,2024-02-29,"29,813,882.22",0.27,"29,813,882.22","4,490,043.00",6.639999265,Canada,Toronto Stock Exchange,CAD,1,CAD
GIL,GILDAN ACTIVEWEAR INC,Consumer Discretionary,Equity,2024-02-29,"29,813,882.22",0.27,"29,813,882.22","630,848.00",47.2600091,Canada,Toronto Stock Exchange,CAD,1,CAD
ATRL,SNC LAVALIN INC,Industrials,Equity,2024-02-29,"28,709,664.36",0.26,"28,709,664.36","625,892.00",45.86999732,Canada,Toronto Stock Exchange,CAD,1,CAD
CAE,CAE INC,Industrials,Equity,2024-02-29,"28,709,664.36",0.26,"28,709,664.36","1,132,978.00",25.34000162,Canada,Toronto Stock Exchange,CAD,1,CAD
CAR.UN,CANADIAN APARTMENT PROPERTIES REAL,Real Estate,Equity,2024-02-29,"28,709,664.36",0.26,"28,709,664.36","603,018.00",47.60996249,Canada,Toronto Stock Exchange,CAD,1,CAD
KEY,KEYERA CORP,Energy,Equity,2024-02-29,"27,605,446.50",0.25,"27,605,446.50","826,758.00",33.38999623,Canada,Toronto Stock Exchange,CAD,1,CAD
CTC.A,CANADIAN TIRE LTD CLASS A,Consumer Discretionary,Equity,2024-02-29,"25,397,010.78",0.23,"25,397,010.78","183,903.00",138.1000352,Canada,Toronto Stock Exchange,CAD,1,CAD
LUN,LUNDIN MINING CORP,Materials,Equity,2024-02-29,"25,397,010.78",0.23,"25,397,010.78","2,366,916.00",10.73000089,Canada,Toronto Stock Exchange,CAD,1,CAD
CLS,CELESTICA INC,Information Technology,Equity,2024-02-29,"24,292,792.92",0.22,"24,292,792.92","421,165.00",57.67998984,Canada,Toronto Stock Exchange,CAD,1,CAD
BYD,BOYD GROUP INCOME INC,Industrials,Equity,2024-02-29,"24,292,792.92",0.22,"24,292,792.92","76,270.00",318.5104618,Canada,Toronto Stock Exchange,CAD,1,CAD
SAP,SAPUTO INC,Consumer Staples,Equity,2024-02-29,"24,292,792.92",0.22,"24,292,792.92","879,855.00",27.60999587,Canada,Toronto Stock Exchange,CAD,1,CAD
ONEX,ONEX CORP,Financials,Equity,2024-02-29,"24,292,792.92",0.22,"24,292,792.92","240,356.00",101.0700499,Canada,Toronto Stock Exchange,CAD,1,CAD
CIGI,COLLIERS INTERNATIONAL GROUP SUBOR,Real Estate,Equity,2024-02-29,"23,188,575.06",0.21,"23,188,575.06","146,828.00",157.9301976,Canada,Toronto Stock Exchange,CAD,1,CAD
BEP.UN,BROOKFIELD RENEWABLE PARTNERS NON,Utilities,Equity,2024-02-29,"23,188,575.06",0.21,"23,188,575.06","761,780.00",30.43998932,Bermuda,Toronto Stock Exchange,CAD,1,CAD
AGI,ALAMOS GOLD INC CLASS A,Materials,Equity,2024-02-29,"23,188,575.06",0.21,"23,188,575.06","1,448,381.00",16.00999672,Canada,Toronto Stock Exchange,CAD,1,CAD
WFG,WEST FRASER TIMBER LTD,Materials,Equity,2024-02-29,"23,188,575.06",0.21,"23,188,575.06","212,311.00",109.2198476,Canada,Toronto Stock Exchange,CAD,1,CAD
PAAS,PAN AMERICAN SILVER CORP,Materials,Equity,2024-02-29,"22,084,357.20",0.2,"22,084,357.20","1,311,423.00",16.83999533,Canada,Toronto Stock Exchange,CAD,1,CAD
AC,AIR CANADA VOTING AND VARIABLE VOT,Industrials,Equity,2024-02-29,"22,084,357.20",0.2,"22,084,357.20","1,218,784.00",18.11999271,Canada,Toronto Stock Exchange,CAD,1,CAD
PKI,PARKLAND CORP,Energy,Equity,2024-02-29,"22,084,357.20",0.2,"22,084,357.20","508,739.00",43.40999452,Canada,Toronto Stock Exchange,CAD,1,CAD
NPI,NORTHLAND POWER INC,Utilities,Equity,2024-02-29,"20,980,139.34",0.19,"20,980,139.34","912,180.00",22.99999928,Canada,Toronto Stock Exchange,CAD,1,CAD
CPG,CRESCENT POINT ENERGY CORP,Energy,Equity,2024-02-29,"20,980,139.34",0.19,"20,980,139.34","2,121,349.00",9.88999893,Canada,Toronto Stock Exchange,CAD,1,CAD
WCP,WHITECAP RESOURCES INC,Energy,Equity,2024-02-29,"20,980,139.34",0.19,"20,980,139.34","2,227,191.00",9.420000054,Canada,Toronto Stock Exchange,CAD,1,CAD
AQN,ALGONQUIN POWER UTILITIES CORP,Utilities,Equity,2024-02-29,"19,875,921.48",0.18,"19,875,921.48","2,506,421.00",7.930001177,Canada,Toronto Stock Exchange,CAD,1,CAD
REI.UN,RIOCAN REAL ESTATE INVESTMENT TRUS,Real Estate,Equity,2024-02-29,"19,875,921.48",0.18,"19,875,921.48","1,111,629.00",17.87999547,Canada,Toronto Stock Exchange,CAD,1,CAD
EMP.A,EMPIRE LTD CLASS A,Consumer Staples,Equity,2024-02-29,"18,771,703.62",0.17,"18,771,703.62","545,848.00",34.38998333,Canada,Toronto Stock Exchange,CAD,1,CAD
PSK,PRAIRIESKY ROYALTY LTD,Energy,Equity,2024-02-29,"18,771,703.62",0.17,"18,771,703.62","774,730.00",24.22999448,Canada,Toronto Stock Exchange,CAD,1,CAD
FTT,FINNING INTERNATIONAL INC,Industrials,Equity,2024-02-29,"18,771,703.62",0.17,"18,771,703.62","527,591.00",35.58003002,Canada,Toronto Stock Exchange,CAD,1,CAD
ERF,ENERPLUS CORP,Energy,Equity,2024-02-29,"17,667,485.76",0.16,"17,667,485.76","734,615.00",24.04999321,Canada,Toronto Stock Exchange,CAD,1,CAD
QBR.B,QUEBECOR INC CLASS B,Communication,Equity,2024-02-29,"17,667,485.76",0.16,"17,667,485.76","556,632.00",31.73997499,Canada,Toronto Stock Exchange,CAD,1,CAD
GRT.UN,GRANITE REAL ESTATE INVESTMENT STA,Real Estate,Equity,2024-02-29,"16,563,267.90",0.15,"16,563,267.90","229,822.00",72.06998416,Canada,Toronto Stock Exchange,CAD,1,CAD
CPX,CAPITAL POWER CORP,Utilities,Equity,2024-02-29,"16,563,267.90",0.15,"16,563,267.90","431,897.00",38.35004156,Canada,Toronto Stock Exchange,CAD,1,CAD
BBD.B,BOMBARDIER INC CLASS B,Industrials,Equity,2024-02-29,"15,459,050.04",0.14,"15,459,050.04","314,464.00",49.15999936,Canada,Toronto Stock Exchange,CAD,1,CAD
BTO,B2GOLD CORP,Materials,Equity,2024-02-29,"15,459,050.04",0.14,"15,459,050.04","4,727,538.00",3.270000165,Canada,Toronto Stock Exchange,CAD,1,CAD
NXE,NEXGEN ENERGY LTD,Energy,Equity,2024-02-29,"15,459,050.04",0.14,"15,459,050.04","1,615,366.00",9.569998403,Canada,Toronto Stock Exchange,CAD,1,CAD
ATS,ATS CORP,Industrials,Equity,2024-02-29,"14,354,832.18",0.13,"14,354,832.18","280,697.00",51.13995583,Canada,Toronto Stock Exchange,CAD,1,CAD
MX,METHANEX CORP,Materials,Equity,2024-02-29,"14,354,832.18",0.13,"14,354,832.18","236,488.00",60.70004474,Canada,Toronto Stock Exchange,CAD,1,CAD
KXS,KINAXIS INC,Information Technology,Equity,2024-02-29,"14,354,832.18",0.13,"14,354,832.18","102,039.00",140.6798595,Canada,Toronto Stock Exchange,CAD,1,CAD
TCN,TRICON RESIDENTIAL INC,Real Estate,Equity,2024-02-29,"14,354,832.18",0.13,"14,354,832.18","951,281.00",15.09000199,Canada,Toronto Stock Exchange,CAD,1,CAD
SJ,STELLA JONES INC,Materials,Equity,2024-02-29,"13,250,614.32",0.12,"13,250,614.32","173,665.00",76.29985501,Canada,Toronto Stock Exchange,CAD,1,CAD
BHC,BAUSCH HEALTH COMPANIES INC,Health Care,Equity,2024-02-29,"13,250,614.32",0.12,"13,250,614.32","1,037,636.00",12.77000251,Canada,Toronto Stock Exchange,CAD,1,CAD
CU,CANADIAN UTILITIES LTD CLASS A,Utilities,Equity,2024-02-29,"13,250,614.32",0.12,"13,250,614.32","433,593.00",30.56002823,Canada,Toronto Stock Exchange,CAD,1,CAD
CAD,CAD CASH,Cash and/or Derivatives,Cash,2024-02-29,"13,250,614.32",0.12,"13,250,614.32","132,506.00",100.0001081,Canada,,CAD,1,CAD
DFY,DEFINITY FINANCIAL CORP,Financials,Equity,2024-02-29,"13,250,614.32",0.12,"13,250,614.32","288,747.00",45.89005018,Canada,Toronto Stock Exchange,CAD,1,CAD
OR,OSISKO GOLD ROYALTIES LTD,Materials,Equity,2024-02-29,"13,250,614.32",0.12,"13,250,614.32","668,548.00",19.81998947,Canada,Toronto Stock Exchange,CAD,1,CAD
CHP.UN,CHOICE PROPERTIES REAL ESTATE INVE,Real Estate,Equity,2024-02-29,"13,250,614.32",0.12,"13,250,614.32","989,590.00",13.39000426,Canada,Toronto Stock Exchange,CAD,1,CAD
GEI,GIBSON ENERGY INC,Energy,Equity,2024-02-29,"13,250,614.32",0.12,"13,250,614.32","590,228.00",22.44999275,Canada,Toronto Stock Exchange,CAD,1,CAD
PRMW,PRIMO WATER CORP,Consumer Staples,Equity,2024-02-29,"13,250,614.32",0.12,"13,250,614.32","601,208.00",22.03998337,Canada,Toronto Stock Exchange,CAD,1,CAD
DIR.UN,DREAM Industrials REAL ESTATE INVES,Real Estate,Equity,2024-02-29,"12,146,396.46",0.11,"12,146,396.46","955,657.00",12.7099958,Canada,Toronto Stock Exchange,CAD,1,CAD
CS,CAPSTONE COPPER CORP,Materials,Equity,2024-02-29,"12,146,396.46",0.11,"12,146,396.46","1,705,955.00",7.11999816,Canada,Toronto Stock Exchange,CAD,1,CAD
PBH,PREMIUM BRANDS HOLDINGS CORP,Consumer Staples,Equity,2024-02-29,"12,146,396.46",0.11,"12,146,396.46","135,366.00",89.73003901,Canada,Toronto Stock Exchange,CAD,1,CAD
FCR.UN,FIRST CAPITAL REALTY REAL ESTATE I,Real Estate,Equity,2024-02-29,"12,146,396.46",0.11,"12,146,396.46","781,621.00",15.54000783,Canada,Toronto Stock Exchange,CAD,1,CAD
ATZ,ARITZIA SUBORDINATE VOTING INC,Consumer Discretionary,Equity,2024-02-29,"12,146,396.46",0.11,"12,146,396.46","338,434.00",35.89000059,Canada,Toronto Stock Exchange,CAD,1,CAD
BEI.UN,BOARDWALK REAL ESTATE INVESTMENT T,Real Estate,Equity,2024-02-29,"11,042,178.60",0.1,"11,042,178.60","145,234.00",76.03025876,Canada,Toronto Stock Exchange,CAD,1,CAD
DOO,BRP SUBORDINATE VOTING INC,Consumer Discretionary,Equity,2024-02-29,"11,042,178.60",0.1,"11,042,178.60","123,266.00",89.58008372,Canada,Toronto Stock Exchange,CAD,1,CAD
SRU.UN,SMARTCENTRES RL ESTATE INVESTMENT,Real Estate,Equity,2024-02-29,"11,042,178.60",0.1,"11,042,178.60","475,751.00",23.20999557,Canada,Toronto Stock Exchange,CAD,1,CAD
CSH.UN,CHARTWELL RETIREMENT RESIDENCES RE,Health Care,Equity,2024-02-29,"11,042,178.60",0.1,"11,042,178.60","908,074.00",12.15999863,Canada,Toronto Stock Exchange,CAD,1,CAD
BTE,BAYTEX ENERGY CORP,Energy,Equity,2024-02-29,"11,042,178.60",0.1,"11,042,178.60","2,550,157.00",4.329999526,Canada,Toronto Stock Exchange,CAD,1,CAD
IGM,IGM FINANCIAL INC,Financials,Equity,2024-02-29,"9,937,960.74",0.09,"9,937,960.74","278,765.00",35.64995871,Canada,Toronto Stock Exchange,CAD,1,CAD
ELD,ELDORADO GOLD CORP,Materials,Equity,2024-02-29,"9,937,960.74",0.09,"9,937,960.74","704,320.00",14.11000787,Canada,Toronto Stock Exchange,CAD,1,CAD
ATH,ATHABASCA OIL CORP,Energy,Equity,2024-02-29,"9,937,960.74",0.09,"9,937,960.74","2,019,911.00",4.919999317,Canada,Toronto Stock Exchange,CAD,1,CAD
HBM,HUDBAY MINERALS INC,Materials,Equity,2024-02-29,"9,937,960.74",0.09,"9,937,960.74","1,243,800.00",7.989998987,Canada,Toronto Stock Exchange,CAD,1,CAD
CWB,CANADIAN WESTERN BANK,Financials,Equity,2024-02-29,"9,937,960.74",0.09,"9,937,960.74","342,807.00",28.98995861,Canada,Toronto Stock Exchange,CAD,1,CAD
ACO.X,ATCO LTD CLASS I,Utilities,Equity,2024-02-29,"9,937,960.74",0.09,"9,937,960.74","267,365.00",37.1700138,Canada,Toronto Stock Exchange,CAD,1,CAD
PEY,PEYTO EXPLORATION & DEVELOPMENT CO,Energy,Equity,2024-02-29,"9,937,960.74",0.09,"9,937,960.74","705,320.00",14.09000275,Canada,Toronto Stock Exchange,CAD,1,CAD
LNR,LINAMAR CORP,Consumer Discretionary,Equity,2024-02-29,"9,937,960.74",0.09,"9,937,960.74","149,623.00",66.42000722,Canada,Toronto Stock Exchange,CAD,1,CAD
RUS,RUSSEL METALS INC,Industrials,Equity,2024-02-29,"9,937,960.74",0.09,"9,937,960.74","223,476.00",44.46992402,Canada,Toronto Stock Exchange,CAD,1,CAD
SES,SECURE ENERGY SERVICES INC,Energy,Equity,2024-02-29,"9,937,960.74",0.09,"9,937,960.74","872,516.00",11.39000401,Canada,Toronto Stock Exchange,CAD,1,CAD
BLX,BORALEX INC CLASS A,Utilities,Equity,2024-02-29,"9,937,960.74",0.09,"9,937,960.74","333,153.00",29.83002026,Canada,Toronto Stock Exchange,CAD,1,CAD
LSPD,LIGHTSPEED COMMERCE INC,Information Technology,Equity,2024-02-29,"8,833,742.88",0.08,"8,833,742.88","463,714.00",19.04998098,Canada,Toronto Stock Exchange,CAD,1,CAD
VET,VERMILION ENERGY INC,Energy,Equity,2024-02-29,"8,833,742.88",0.08,"8,833,742.88","585,792.00",15.07999918,Canada,Toronto Stock Exchange,CAD,1,CAD
TA,TRANSALTA CORP,Utilities,Equity,2024-02-29,"8,833,742.88",0.08,"8,833,742.88","948,845.00",9.309995711,Canada,Toronto Stock Exchange,CAD,1,CAD
HR.UN,H&R REAL ESTATE INVESTMENT TRUST,Real Estate,Equity,2024-02-29,"8,833,742.88",0.08,"8,833,742.88","993,672.00",8.889998793,Canada,Toronto Stock Exchange,CAD,1,CAD
EQB,EQB INC,Financials,Equity,2024-02-29,"8,833,742.88",0.08,"8,833,742.88","102,503.00",86.18033502,Canada,Toronto Stock Exchange,CAD,1,CAD
PXT,PAREX RESOURCES INC,Energy,Equity,2024-02-29,"7,729,525.02",0.07,"7,729,525.02","352,946.00",21.90002159,Canada,Toronto Stock Exchange,CAD,1,CAD
AIF,ALTUS GROUP LTD,Real Estate,Equity,2024-02-29,"7,729,525.02",0.07,"7,729,525.02","154,313.00",50.08991478,Canada,Toronto Stock Exchange,CAD,1,CAD
CIX,CI FINANCIAL CORP,Financials,Equity,2024-02-29,"7,729,525.02",0.07,"7,729,525.02","456,828.00",16.91998962,Canada,Toronto Stock Exchange,CAD,1,CAD
NVEI,NUVEI SUBORDINATE VOTING CORP,Financials,Equity,2024-02-29,"7,729,525.02",0.07,"7,729,525.02","215,127.00",35.93005536,Canada,Toronto Stock Exchange,CAD,1,CAD
RCH,RICHELIEU HARDWARE LTD,Industrials,Equity,2024-02-29,"7,729,525.02",0.07,"7,729,525.02","177,120.00",43.64004641,Canada,Toronto Stock Exchange,CAD,1,CAD
POU,PARAMOUNT RESOURCE LTD CLASS A,Energy,Equity,2024-02-29,"7,729,525.02",0.07,"7,729,525.02","259,641.00",29.77004795,Canada,Toronto Stock Exchange,CAD,1,CAD
KMP.UN,KILLAM APARTMENT REIT UNITS CLASS,Real Estate,Equity,2024-02-29,"7,729,525.02",0.07,"7,729,525.02","406,176.00",19.02998951,Canada,Toronto Stock Exchange,CAD,1,CAD
AP.UN,ALLIED PROPERTIES REAL ESTATE INVT,Real Estate,Equity,2024-02-29,"7,729,525.02",0.07,"7,729,525.02","454,946.00",16.98998347,Canada,Toronto Stock Exchange,CAD,1,CAD
GSY,GOEASY LTD,Financials,Equity,2024-02-29,"7,729,525.02",0.07,"7,729,525.02","46,426.00",166.4912984,Canada,Toronto Stock Exchange,CAD,1,CAD
SPB,SUPERIOR PLUS CORP,Utilities,Equity,2024-02-29,"7,729,525.02",0.07,"7,729,525.02","809,374.00",9.550004102,Canada,Toronto Stock Exchange,CAD,1,CAD
EIF,EXCHANGE INCOME CORP,Industrials,Equity,2024-02-29,"7,729,525.02",0.07,"7,729,525.02","159,503.00",48.46006044,Canada,Toronto Stock Exchange,CAD,1,CAD
TSU,TRISURA GROUP LTD,Financials,Equity,2024-02-29,"7,729,525.02",0.07,"7,729,525.02","176,675.00",43.74996474,Canada,Toronto Stock Exchange,CAD,1,CAD
DML,DENISON MINES CORP,Energy,Equity,2024-02-29,"7,729,525.02",0.07,"7,729,525.02","3,167,838.00",2.440000095,Canada,Toronto Stock Exchange,CAD,1,CAD
BB,BLACKBERRY LTD,Information Technology,Equity,2024-02-29,"7,729,525.02",0.07,"7,729,525.02","2,034,086.00",3.799999125,Canada,Toronto Stock Exchange,CAD,1,CAD
IIP.UN,INTERRENT REAL ESTATE INVESTMENT T,Real Estate,Equity,2024-02-29,"6,625,307.16",0.06,"6,625,307.16","487,872.00",13.58001107,Canada,Toronto Stock Exchange,CAD,1,CAD
LIF,LABRADOR IRON ORE ROYALTY CORP,Materials,Equity,2024-02-29,"6,625,307.16",0.06,"6,625,307.16","219,018.00",30.2500578,Canada,Toronto Stock Exchange,CAD,1,CAD
NWC,NORTH WEST COMPANY INC,Consumer Staples,Equity,2024-02-29,"6,625,307.16",0.06,"6,625,307.16","164,359.00",40.30997487,Canada,Toronto Stock Exchange,CAD,1,CAD
CJT,CARGOJET INC,Industrials,Equity,2024-02-29,"6,625,307.16",0.06,"6,625,307.16","59,833.00",110.7299845,Canada,Toronto Stock Exchange,CAD,1,CAD
NVA,NUVISTA ENERGY LTD,Energy,Equity,2024-02-29,"6,625,307.16",0.06,"6,625,307.16","569,184.00",11.64000949,Canada,Toronto Stock Exchange,CAD,1,CAD
FIL,FILO CORP,Materials,Equity,2024-02-29,"6,625,307.16",0.06,"6,625,307.16","302,112.00",21.92997021,Canada,Toronto Stock Exchange,CAD,1,CAD
ERO,ERO COPPER CORP,Materials,Equity,2024-02-29,"6,625,307.16",0.06,"6,625,307.16","286,562.00",23.11997809,Canada,Toronto Stock Exchange,CAD,1,CAD
TPZ,TOPAZ ENERGY CORP,Energy,Equity,2024-02-29,"6,625,307.16",0.06,"6,625,307.16","330,604.00",20.04000907,Canada,Toronto Stock Exchange,CAD,1,CAD
FR,FIRST MAJESTIC SILVER CORP,Materials,Equity,2024-02-29,"6,625,307.16",0.06,"6,625,307.16","1,084,338.00",6.110001826,Canada,Toronto Stock Exchange,CAD,1,CAD
FRU,FREEHOLD ROYALTIES LTD,Energy,Equity,2024-02-29,"6,625,307.16",0.06,"6,625,307.16","481,490.00",13.76000989,Canada,Toronto Stock Exchange,CAD,1,CAD
TVE,TAMARACK VALLEY ENERGY LTD,Energy,Equity,2024-02-29,"6,625,307.16",0.06,"6,625,307.16","1,971,818.00",3.359999331,Canada,Toronto Stock Exchange,CAD,1,CAD
TLRY,TILRAY BRANDS INC,Health Care,Equity,2024-02-29,"6,625,307.16",0.06,"6,625,307.16","2,819,280.00",2.349999702,United States,Toronto Stock Exchange,CAD,1,CAD
DPM,DUNDEE PRECIOUS METALS INC,Materials,Equity,2024-02-29,"6,625,307.16",0.06,"6,625,307.16","721,711.00",9.18000025,Canada,Toronto Stock Exchange,CAD,1,CAD
MFI,MAPLE LEAF FOODS INC,Consumer Staples,Equity,2024-02-29,"5,521,089.30",0.05,"5,521,089.30","239,112.00",23.08997165,Canada,Toronto Stock Exchange,CAD,1,CAD
AAV,ADVANTAGE ENERGY LTD,Energy,Equity,2024-02-29,"5,521,089.30",0.05,"5,521,089.30","549,909.00",10.04000535,Canada,Toronto Stock Exchange,CAD,1,CAD
IMG,IAMGOLD CORP,Materials,Equity,2024-02-29,"5,521,089.30",0.05,"5,521,089.30","1,559,630.00",3.539999423,Canada,Toronto Stock Exchange,CAD,1,CAD
BDGI,BADGER INFRASTRUCTURE SOLUTIONS LT,Industrials,Equity,2024-02-29,"5,521,089.30",0.05,"5,521,089.30","118,580.00",46.56003795,Canada,Toronto Stock Exchange,CAD,1,CAD
USD,USD CASH,Cash and/or Derivatives,Cash,2024-02-29,"5,521,089.30",0.05,"5,521,089.30","40,704.00",135.639969,United States,,CAD,0.74,USD
EQX,EQUINOX GOLD CORP,Materials,Equity,2024-02-29,"5,521,089.30",0.05,"5,521,089.30","1,000,197.00",5.52000186,Canada,Toronto Stock Exchange,CAD,1,CAD
OGC,OCEANAGOLD CORPORATION CORP,Materials,Equity,2024-02-29,"5,521,089.30",0.05,"5,521,089.30","2,453,817.00",2.250000428,Canada,Toronto Stock Exchange,CAD,1,CAD
LUG,LUNDIN GOLD INC,Materials,Equity,2024-02-29,"5,521,089.30",0.05,"5,521,089.30","349,215.00",15.81000043,Canada,Toronto Stock Exchange,CAD,1,CAD
ENGH,ENGHOUSE SYSTEMS LTD,Information Technology,Equity,2024-02-29,"5,521,089.30",0.05,"5,521,089.30","155,611.00",35.48007082,Canada,Toronto Stock Exchange,CAD,1,CAD
CG,CENTERRA GOLD INC,Materials,Equity,2024-02-29,"5,521,089.30",0.05,"5,521,089.30","810,733.00",6.809997003,Canada,Toronto Stock Exchange,CAD,1,CAD
HWX,HEADWATER EXPLORATION INC,Energy,Equity,2024-02-29,"5,521,089.30",0.05,"5,521,089.30","808,359.00",6.829996697,Canada,Toronto Stock Exchange,CAD,1,CAD
CRR.UN,CROMBIE REAL ESTATE INVESTMENT TRU,Real Estate,Equity,2024-02-29,"5,521,089.30",0.05,"5,521,089.30","398,635.00",13.84998633,Canada,Toronto Stock Exchange,CAD,1,CAD
BBU.UN,BROOKFIELD BUSINESS PARTNERS UNITS,Industrials,Equity,2024-02-29,"5,521,089.30",0.05,"5,521,089.30","188,949.00",29.21999746,Canada,Toronto Stock Exchange,CAD,1,CAD
BIR,BIRCHCLIFF ENERGY LTD,Energy,Equity,2024-02-29,"5,521,089.30",0.05,"5,521,089.30","1,022,424.00",5.399999707,Canada,Toronto Stock Exchange,CAD,1,CAD
SSL,SANDSTORM GOLD LTD,Materials,Equity,2024-02-29,"5,521,089.30",0.05,"5,521,089.30","966,916.00",5.709998904,Canada,Toronto Stock Exchange,CAD,1,CAD
EFR,ENERGY FUELS INC,Energy,Equity,2024-02-29,"5,521,089.30",0.05,"5,521,089.30","640,498.00",8.619994598,Canada,Toronto Stock Exchange,CAD,1,CAD
CCA,COGECO COMMUNICATIONS SUBORDINATE,Communication,Equity,2024-02-29,"4,416,871.44",0.04,"4,416,871.44","73,960.00",59.71973283,Canada,Toronto Stock Exchange,CAD,1,CAD
STLC,STELCO HOLDINGS INC,Materials,Equity,2024-02-29,"4,416,871.44",0.04,"4,416,871.44","109,464.00",40.34999123,Canada,Toronto Stock Exchange,CAD,1,CAD
INE,INNERGEX RENEWABLE ENERGY INC,Utilities,Equity,2024-02-29,"4,416,871.44",0.04,"4,416,871.44","522,707.00",8.449994816,Canada,Toronto Stock Exchange,CAD,1,CAD
WDO,WESDOME GOLD MINES LTD,Materials,Equity,2024-02-29,"4,416,871.44",0.04,"4,416,871.44","488,052.00",9.050001721,Canada,Toronto Stock Exchange,CAD,1,CAD
KNT,K92 MINING INC,Materials,Equity,2024-02-29,"4,416,871.44",0.04,"4,416,871.44","787,321.00",5.6100008,Canada,Toronto Stock Exchange,CAD,1,CAD
PMZ.UN,PRIMARIS REAL ESTATE INVESTMENT UN,Real Estate,Equity,2024-02-29,"4,416,871.44",0.04,"4,416,871.44","327,418.00",13.490008,Canada,Toronto Stock Exchange,CAD,1,CAD
JWEL,JAMIESON WELLNESS INC,Consumer Staples,Equity,2024-02-29,"4,416,871.44",0.04,"4,416,871.44","142,987.00",30.89002105,Canada,Toronto Stock Exchange,CAD,1,CAD
SVI,STORAGEVAULT CANADA INC,Real Estate,Equity,2024-02-29,"4,416,871.44",0.04,"4,416,871.44","819,457.00",5.389997816,Canada,Toronto Stock Exchange,CAD,1,CAD
MTL,MULLEN GROUP LTD,Industrials,Equity,2024-02-29,"4,416,871.44",0.04,"4,416,871.44","294,458.00",15.00000489,Canada,Toronto Stock Exchange,CAD,1,CAD
WPK,WINPAK LTD,Materials,Equity,2024-02-29,"4,416,871.44",0.04,"4,416,871.44","109,627.00",40.28999644,Canada,Toronto Stock Exchange,CAD,1,CAD
IPCO,INTERNATIONAL PETROLEUM CORP,Energy,Equity,2024-02-29,"4,416,871.44",0.04,"4,416,871.44","309,088.00",14.29001268,Canada,Toronto Stock Exchange,CAD,1,CAD
TXG,TOREX GOLD RESOURCES INC,Materials,Equity,2024-02-29,"4,416,871.44",0.04,"4,416,871.44","311,047.00",14.20001299,Canada,Toronto Stock Exchange,CAD,1,CAD
SSRM,SSR MINING INC,Materials,Equity,2024-02-29,"4,416,871.44",0.04,"4,416,871.44","758,913.00",5.819997075,Canada,Toronto Stock Exchange,CAD,1,CAD
PD,PRECISION DRILLING CORP,Energy,Equity,2024-02-29,"4,416,871.44",0.04,"4,416,871.44","54,786.00",80.62044026,Canada,Toronto Stock Exchange,CAD,1,CAD
LB,LAURENTIAN BANK OF CANADA,Financials,Equity,2024-02-29,"4,416,871.44",0.04,"4,416,871.44","167,433.00",26.37993371,Canada,Toronto Stock Exchange,CAD,1,CAD
TOY,SPIN MASTER SUBORDINATE VOTING COR,Consumer Discretionary,Equity,2024-02-29,"4,416,871.44",0.04,"4,416,871.44","136,703.00",32.30998179,Canada,Toronto Stock Exchange,CAD,1,CAD
NGD,NEW GOLD INC,Materials,Equity,2024-02-29,"4,416,871.44",0.04,"4,416,871.44","2,660,766.00",1.659999955,Canada,Toronto Stock Exchange,CAD,1,CAD
FVI,FORTUNA SILVER MINES INC,Materials,Equity,2024-02-29,"4,416,871.44",0.04,"4,416,871.44","1,196,984.00",3.690000401,Canada,Toronto Stock Exchange,CAD,1,CAD
PSI,PASON SYSTEMS INC,Energy,Equity,2024-02-29,"4,416,871.44",0.04,"4,416,871.44","319,138.00",13.84000476,Canada,Toronto Stock Exchange,CAD,1,CAD
PET,PET VALU HOLDINGS LTD,Consumer Discretionary,Equity,2024-02-29,"4,416,871.44",0.04,"4,416,871.44","147,721.00",29.90009166,Canada,Toronto Stock Exchange,CAD,1,CAD
BLDP,BALLARD POWER SYSTEMS INC,Industrials,Equity,2024-02-29,"4,416,871.44",0.04,"4,416,871.44","1,027,179.00",4.300001694,Canada,Toronto Stock Exchange,CAD,1,CAD
SEA,SEABRIDGE GOLD INC,Materials,Equity,2024-02-29,"4,416,871.44",0.04,"4,416,871.44","287,183.00",15.37998921,Canada,Toronto Stock Exchange,CAD,1,CAD
ASTL,ALGOMA STEEL GROUP INC,Materials,Equity,2024-02-29,"3,312,653.58",0.03,"3,312,653.58","301,150.00",11.00001189,Canada,Toronto Stock Exchange,CAD,1,CAD
TCL.A,TRANSCONTINENTAL SUB VOTING INC CL,Materials,Equity,2024-02-29,"3,312,653.58",0.03,"3,312,653.58","231,008.00",14.33999507,Canada,Toronto Stock Exchange,CAD,1,CAD
MAG,MAG SILVER CORP,Materials,Equity,2024-02-29,"3,312,653.58",0.03,"3,312,653.58","293,155.00",11.3000071,Canada,Toronto Stock Exchange,CAD,1,CAD
MATR,MATTR CORP,Energy,Equity,2024-02-29,"3,312,653.58",0.03,"3,312,653.58","219,236.00",15.10998914,Canada,Toronto Stock Exchange,CAD,1,CAD
IFP,INTERFOR CORP,Materials,Equity,2024-02-29,"3,312,653.58",0.03,"3,312,653.58","163,265.00",20.29004122,Canada,Toronto Stock Exchange,CAD,1,CAD
SII,SPROTT INC,Financials,Equity,2024-02-29,"3,312,653.58",0.03,"3,312,653.58","66,029.00",50.16967666,Canada,Toronto Stock Exchange,CAD,1,CAD
MTY,MTY FOOD GROUP INC,Consumer Discretionary,Equity,2024-02-29,"3,312,653.58",0.03,"3,312,653.58","65,597.00",50.50007744,Canada,Toronto Stock Exchange,CAD,1,CAD
SIL,SILVERCREST METALS INC,Materials,Equity,2024-02-29,"3,312,653.58",0.03,"3,312,653.58","482,191.00",6.870002924,Canada,Toronto Stock Exchange,CAD,1,CAD
CRT.UN,CT REIT UNITS TRUST,Real Estate,Equity,2024-02-29,"3,312,653.58",0.03,"3,312,653.58","239,181.00",13.84998633,Canada,Toronto Stock Exchange,CAD,1,CAD
SIA,SIENNA SENIOR LIVING INC,Health Care,Equity,2024-02-29,"3,312,653.58",0.03,"3,312,653.58","249,072.00",13.29998386,Canada,Toronto Stock Exchange,CAD,1,CAD
ZZZ,SLEEP COUNTRY CANADA HOLDINGS INC,Consumer Discretionary,Equity,2024-02-29,"3,312,653.58",0.03,"3,312,653.58","115,625.00",28.64997691,Canada,Toronto Stock Exchange,CAD,1,CAD
KEL,KELT EXPLORATION LTD,Energy,Equity,2024-02-29,"3,312,653.58",0.03,"3,312,653.58","566,266.00",5.84999555,Canada,Toronto Stock Exchange,CAD,1,CAD
OLA,ORLA MINING LTD,Materials,Equity,2024-02-29,"3,312,653.58",0.03,"3,312,653.58","741,086.00",4.469998867,Canada,Toronto Stock Exchange,CAD,1,CAD
CFP,CANFOR CORP,Materials,Equity,2024-02-29,"3,312,653.58",0.03,"3,312,653.58","200,403.00",16.52996003,Canada,Toronto Stock Exchange,CAD,1,CAD
GOOS,CANADA GOOSE HOLDINGS SUB VOTING I,Consumer Discretionary,Equity,2024-02-29,"3,312,653.58",0.03,"3,312,653.58","179,159.00",18.49002048,Canada,Toronto Stock Exchange,CAD,1,CAD
WTE,WESTSHORE TERMINALS INVESTMENT COR,Industrials,Equity,2024-02-29,"3,312,653.58",0.03,"3,312,653.58","130,317.00",25.41996501,Canada,Toronto Stock Exchange,CAD,1,CAD
LAC,LITHIUM AMERICAS CORP,Materials,Equity,2024-02-29,"3,312,653.58",0.03,"3,312,653.58","444,055.00",7.460007387,Canada,Toronto Stock Exchange,CAD,1,CAD
NWH.UN,NORTHWEST HEALTHCARE PROPERTIES UN,Real Estate,Equity,2024-02-29,"3,312,653.58",0.03,"3,312,653.58","832,325.00",3.980000096,Canada,Toronto Stock Exchange,CAD,1,CAD
NG,NOVAGOLD RESOURCES INC,Materials,Equity,2024-02-29,"3,312,653.58",0.03,"3,312,653.58","988,852.00",3.349999373,Canada,Toronto Stock Exchange,CAD,1,CAD
AOI,AFRICA OIL CORP,Energy,Equity,2024-02-29,"3,312,653.58",0.03,"3,312,653.58","1,585,002.00",2.089999621,Canada,Toronto Stock Exchange,CAD,1,CAD
OSK,OSISKO MINING INC,Materials,Equity,2024-02-29,"3,312,653.58",0.03,"3,312,653.58","1,335,747.00",2.480000764,Canada,Toronto Stock Exchange,CAD,1,CAD
LAAC,LITHIUM AMERICAS ARGENTINA CORP,Materials,Equity,2024-02-29,"3,312,653.58",0.03,"3,312,653.58","495,165.00",6.689999455,Canada,Toronto Stock Exchange,CAD,1,CAD
USD,USD/CAD,Cash and/or Derivatives,FX,2024-02-29,0,0,0,#DIV/0!,#DIV/0!,Canada,-,CAD,0.74,CAD
2299955D,CONSTELLATION SOFTWARE INC,Information Technology,Equity,2024-02-29,0,0,0,#DIV/0!,#DIV/0!,Canada,Toronto Stock Exchange,CAD,1,CAD
RY,ROYAL BANK OF CANADA,Financials,Equity,2024-03-28,"694,492,522.81",6.04,"694,492,522.81","5,083,388.00",136.62,Canada,Toronto Stock Exchange,CAD,1,CAD
TD,TORONTO DOMINION,Financials,Equity,2024-03-28,"524,318,858.28",4.56,"524,318,858.28","6,413,686.00",81.75,Canada,Toronto Stock Exchange,CAD,1,CAD
SHOP,SHOPIFY SUBORDINATE VOTING INC CLA,Information Technology,Equity,2024-03-28,"456,479,356.88",3.97,"456,479,356.88","4,368,224.00",104.5,Canada,Toronto Stock Exchange,CAD,1,CAD
CP,CANADIAN PACIFIC KANSAS CITY LTD,Industrials,Equity,2024-03-28,"402,437,720.17",3.5,"402,437,720.17","3,369,654.00",119.43,Canada,Toronto Stock Exchange,CAD,1,CAD
CNQ,CANADIAN NATURAL RESOURCES LTD,Energy,Equity,2024-03-28,"400,138,076.06",3.48,"400,138,076.06","3,872,429.00",103.33,Canada,Toronto Stock Exchange,CAD,1,CAD
ENB,ENBRIDGE INC,Energy,Equity,2024-03-28,"375,991,812.85",3.27,"375,991,812.85","7,681,140.00",48.95,Canada,Toronto Stock Exchange,CAD,1,CAD
CNR,CANADIAN NATIONAL RAILWAY,Industrials,Equity,2024-03-28,"372,542,346.67",3.24,"372,542,346.67","2,088,593.00",178.37,Canada,Toronto Stock Exchange,CAD,1,CAD
BMO,BANK OF MONTREAL,Financials,Equity,2024-03-28,"346,096,439.35",3.01,"346,096,439.35","2,616,986.00",132.25,Canada,Toronto Stock Exchange,CAD,1,CAD
BNS,BANK OF NOVA SCOTIA,Financials,Equity,2024-03-28,"307,002,489.39",2.67,"307,002,489.39","4,381,368.00",70.07,Canada,Toronto Stock Exchange,CAD,1,CAD
BN,BROOKFIELD CORP CLASS A,Financials,Equity,2024-03-28,"293,204,624.70",2.55,"293,204,624.70","5,172,982.00",56.68,Canada,Toronto Stock Exchange,CAD,1,CAD
CSU,CONSTELLATION SOFTWARE INC,Information Technology,Equity,2024-03-28,"263,309,251.20",2.29,"263,309,251.20","71,165.00","3,699.98",Canada,Toronto Stock Exchange,CAD,1,CAD
SU,SUNCOR ENERGY INC,Energy,Equity,2024-03-28,"233,413,877.70",2.03,"233,413,877.70","4,669,211.00",49.99,Canada,Toronto Stock Exchange,CAD,1,CAD
CM,CANADIAN IMPERIAL BANK OF COMMERCE,Financials,Equity,2024-03-28,"231,114,233.59",2.01,"231,114,233.59","3,365,578.00",68.67,Canada,Toronto Stock Exchange,CAD,1,CAD
MFC,MANULIFE FINANCIAL CORP,Financials,Equity,2024-03-28,"220,765,835.07",1.92,"220,765,835.07","6,525,742.00",33.83,Canada,Toronto Stock Exchange,CAD,1,CAD
WCN,WASTE CONNECTIONS INC,Industrials,Equity,2024-03-28,"217,316,368.89",1.89,"217,316,368.89","933,209.00",232.87,United States,Toronto Stock Exchange,CAD,1,CAD
TRP,TC ENERGY CORP,Energy,Equity,2024-03-28,"204,668,326.26",1.78,"204,668,326.26","3,759,521.00",54.44,Canada,Toronto Stock Exchange,CAD,1,CAD
ATD,ALIMENTATION COUCHE TARD INC,Consumer Staples,Equity,2024-03-28,"203,518,504.20",1.77,"203,518,504.20","2,632,499.00",77.31,Canada,Toronto Stock Exchange,CAD,1,CAD
SLF,SUN LIFE FINANCIAL INC,Financials,Equity,2024-03-28,"156,375,799.84",1.36,"156,375,799.84","2,115,760.00",73.91,Canada,Toronto Stock Exchange,CAD,1,CAD
BCE,BCE INC,Communication,Equity,2024-03-28,"151,776,511.61",1.32,"151,776,511.61","3,297,339.00",46.03,Canada,Toronto Stock Exchange,CAD,1,CAD
AEM,AGNICO EAGLE MINES LTD,Materials,Equity,2024-03-28,"144,877,579.26",1.26,"144,877,579.26","1,793,705.00",80.77,Canada,Toronto Stock Exchange,CAD,1,CAD
ABX,BARRICK GOLD CORP,Materials,Equity,2024-03-28,"142,577,935.15",1.24,"142,577,935.15","6,328,359.00",22.53,Canada,Toronto Stock Exchange,CAD,1,CAD
IFC,INTACT FINANCIAL CORP,Financials,Equity,2024-03-28,"141,428,113.09",1.23,"141,428,113.09","642,738.00",220.04,Canada,Toronto Stock Exchange,CAD,1,CAD
NA,NATIONAL BANK OF CANADA,Financials,Equity,2024-03-28,"140,278,291.03",1.22,"140,278,291.03","1,229,864.00",114.06,Canada,Toronto Stock Exchange,CAD,1,CAD
NTR,NUTRIEN LTD,Materials,Equity,2024-03-28,"131,079,714.57",1.14,"131,079,714.57","1,781,216.00",73.59,Canada,Toronto Stock Exchange,CAD,1,CAD
CVE,CENOVUS ENERGY INC,Energy,Equity,2024-03-28,"129,929,892.51",1.13,"129,929,892.51","4,798,002.00",27.08,Canada,Toronto Stock Exchange,CAD,1,CAD
QSR,RESTAURANTS BRANDS INTERNATIONAL I,Consumer Discretionary,Equity,2024-03-28,"121,881,138.11",1.06,"121,881,138.11","1,133,040.00",107.57,Canada,Toronto Stock Exchange,CAD,1,CAD
FFH,FAIRFAX FINANCIAL HOLDINGS SUB VOT,Financials,Equity,2024-03-28,"119,581,493.99",1.04,"119,581,493.99","81,900.00","1,460.09",Canada,Toronto Stock Exchange,CAD,1,CAD
T,TELUS CORP,Communication,Equity,2024-03-28,"114,982,205.76",1,"114,982,205.76","5,306,055.00",21.67,Canada,Toronto Stock Exchange,CAD,1,CAD
TRI,THOMSON REUTERS CORP,Industrials,Equity,2024-03-28,"113,832,383.71",0.99,"113,832,383.71","540,002.00",210.8,Canada,Toronto Stock Exchange,CAD,1,CAD
FNV,FRANCO NEVADA CORP,Materials,Equity,2024-03-28,"111,532,739.59",0.97,"111,532,739.59","691,033.00",161.4,Canada,Toronto Stock Exchange,CAD,1,CAD
GIB.A,CGI INC,Information Technology,Equity,2024-03-28,"111,532,739.59",0.97,"111,532,739.59","746,338.00",149.44,Canada,Toronto Stock Exchange,CAD,1,CAD
DOL,DOLLARAMA INC,Consumer Discretionary,Equity,2024-03-28,"104,633,807.24",0.91,"104,633,807.24","1,013,992.00",103.19,Canada,Toronto Stock Exchange,CAD,1,CAD
WPM,WHEATON PRECIOUS METALS CORP,Materials,Equity,2024-03-28,"104,633,807.24",0.91,"104,633,807.24","1,640,028.00",63.8,Canada,Toronto Stock Exchange,CAD,1,CAD
TECK.B,TECK RESOURCES SUBORDINATE VOTING,Materials,Equity,2024-03-28,"102,334,163.13",0.89,"102,334,163.13","1,650,551.00",62,Canada,Toronto Stock Exchange,CAD,1,CAD
WSP,WSP GLOBAL INC,Industrials,Equity,2024-03-28,"101,184,341.07",0.88,"101,184,341.07","448,194.00",225.76,Canada,Toronto Stock Exchange,CAD,1,CAD
PPL,PEMBINA PIPELINE CORP,Energy,Equity,2024-03-28,"95,435,230.78",0.83,"95,435,230.78","1,996,135.00",47.81,Canada,Toronto Stock Exchange,CAD,1,CAD
FTS,FORTIS INC,Utilities,Equity,2024-03-28,"95,435,230.78",0.83,"95,435,230.78","1,783,169.00",53.52,Canada,Toronto Stock Exchange,CAD,1,CAD
CCO,CAMECO CORP,Energy,Equity,2024-03-28,"91,985,764.61",0.8,"91,985,764.61","1,568,652.00",58.64,Canada,Toronto Stock Exchange,CAD,1,CAD
L,LOBLAW COMPANIES LTD,Consumer Staples,Equity,2024-03-28,"79,337,721.98",0.69,"79,337,721.98","528,566.00",150.1,Canada,Toronto Stock Exchange,CAD,1,CAD
TOU,TOURMALINE OIL CORP,Energy,Equity,2024-03-28,"75,888,255.80",0.66,"75,888,255.80","1,198,299.00",63.33,Canada,Toronto Stock Exchange,CAD,1,CAD
POW,POWER CORPORATION OF CANADA,Financials,Equity,2024-03-28,"74,738,433.75",0.65,"74,738,433.75","1,967,837.00",37.98,Canada,Toronto Stock Exchange,CAD,1,CAD
RCI.B,ROGERS COMMUNICATIONS NON-VOTING I,Communication,Equity,2024-03-28,"74,738,433.75",0.65,"74,738,433.75","1,346,638.00",55.5,Canada,Toronto Stock Exchange,CAD,1,CAD
BAM,BROOKFIELD ASSET MANAGEMENT VOTING,Financials,Equity,2024-03-28,"71,288,967.57",0.62,"71,288,967.57","1,252,882.00",56.9,Canada,Toronto Stock Exchange,CAD,1,CAD
MG,MAGNA INTERNATIONAL INC,Consumer Discretionary,Equity,2024-03-28,"71,288,967.57",0.62,"71,288,967.57","966,106.00",73.79,Canada,Toronto Stock Exchange,CAD,1,CAD
BIP.UN,BROOKFIELD INFRASTRUCTURE PARTNERS,Utilities,Equity,2024-03-28,"70,139,145.52",0.61,"70,139,145.52","1,658,136.00",42.3,Bermuda,Toronto Stock Exchange,CAD,1,CAD
TFII,TFI INTERNATIONAL INC,Industrials,Equity,2024-03-28,"62,090,391.11",0.54,"62,090,391.11","287,456.00",216,Canada,Toronto Stock Exchange,CAD,1,CAD
MRU,METRO INC,Consumer Staples,Equity,2024-03-28,"59,790,747.00",0.52,"59,790,747.00","822,205.00",72.72,Canada,Toronto Stock Exchange,CAD,1,CAD
IMO,IMPERIAL OIL LTD,Energy,Equity,2024-03-28,"54,041,636.71",0.47,"54,041,636.71","578,418.00",93.43,Canada,Toronto Stock Exchange,CAD,1,CAD
ARX,ARC RESOURCES LTD,Energy,Equity,2024-03-28,"51,741,992.59",0.45,"51,741,992.59","2,142,526.00",24.15,Canada,Toronto Stock Exchange,CAD,1,CAD
OTEX,OPEN TEXT CORP,Information Technology,Equity,2024-03-28,"51,741,992.59",0.45,"51,741,992.59","984,437.00",52.56,Canada,Toronto Stock Exchange,CAD,1,CAD
EMA,EMERA INC,Utilities,Equity,2024-03-28,"49,442,348.48",0.43,"49,442,348.48","1,037,180.00",47.67,Canada,Toronto Stock Exchange,CAD,1,CAD
STN,STANTEC INC,Industrials,Equity,2024-03-28,"45,992,882.31",0.4,"45,992,882.31","408,971.00",112.46,Canada,Toronto Stock Exchange,CAD,1,CAD
H,HYDRO ONE LTD,Utilities,Equity,2024-03-28,"44,843,060.25",0.39,"44,843,060.25","1,135,267.00",39.5,Canada,Toronto Stock Exchange,CAD,1,CAD
GWO,GREAT WEST LIFECO INC,Financials,Equity,2024-03-28,"42,543,416.13",0.37,"42,543,416.13","982,073.00",43.32,Canada,Toronto Stock Exchange,CAD,1,CAD
WN,GEORGE WESTON LTD,Consumer Staples,Equity,2024-03-28,"39,093,949.96",0.34,"39,093,949.96","213,616.00",183.01,Canada,Toronto Stock Exchange,CAD,1,CAD
TIH,TOROMONT INDUSTRIES LTD,Industrials,Equity,2024-03-28,"39,093,949.96",0.34,"39,093,949.96","299,915.00",130.35,Canada,Toronto Stock Exchange,CAD,1,CAD
DSG,DESCARTES SYSTEMS GROUP INC,Information Technology,Equity,2024-03-28,"37,944,127.90",0.33,"37,944,127.90","306,248.00",123.9,Canada,Toronto Stock Exchange,CAD,1,CAD
GFL,GFL ENVIRONMENTAL SUBORDINATE VOTI,Industrials,Equity,2024-03-28,"37,944,127.90",0.33,"37,944,127.90","812,334.00",46.71,Canada,Toronto Stock Exchange,CAD,1,CAD
FM,FIRST QUANTUM MINERALS LTD,Materials,Equity,2024-03-28,"36,794,305.84",0.32,"36,794,305.84","2,527,081.00",14.56,Canada,Toronto Stock Exchange,CAD,1,CAD
K,KINROSS GOLD CORP,Materials,Equity,2024-03-28,"36,794,305.84",0.32,"36,794,305.84","4,427,714.00",8.31,Canada,Toronto Stock Exchange,CAD,1,CAD
CCL.B,CCL INDUSTRIES INC CLASS B,Materials,Equity,2024-03-28,"35,644,483.79",0.31,"35,644,483.79","514,870.00",69.23,Canada,Toronto Stock Exchange,CAD,1,CAD
X,TMX GROUP LTD,Financials,Equity,2024-03-28,"35,644,483.79",0.31,"35,644,483.79","997,607.00",35.73,Canada,Toronto Stock Exchange,CAD,1,CAD
CAD,CAD CASH,Cash and/or Derivatives,Cash,2024-03-28,"35,644,483.79",0.31,"35,644,483.79","356,445.00",100,Canada,,CAD,1,CAD
ATRL,SNC LAVALIN INC,Industrials,Equity,2024-03-28,"35,644,483.79",0.31,"35,644,483.79","643,402.00",55.4,Canada,Toronto Stock Exchange,CAD,1,CAD
IVN,IVANHOE MINES LTD CLASS A,Materials,Equity,2024-03-28,"34,494,661.73",0.3,"34,494,661.73","2,134,571.00",16.16,Canada,Toronto Stock Exchange,CAD,1,CAD
FSV,FIRSTSERVICE SUBORDINATE VOTING CO,Real Estate,Equity,2024-03-28,"33,344,839.67",0.29,"33,344,839.67","148,695.00",224.25,Canada,Toronto Stock Exchange,CAD,1,CAD
LUN,LUNDIN MINING CORP,Materials,Equity,2024-03-28,"33,344,839.67",0.29,"33,344,839.67","2,405,833.00",13.86,Canada,Toronto Stock Exchange,CAD,1,CAD
CAE,CAE INC,Industrials,Equity,2024-03-28,"32,195,017.61",0.28,"32,195,017.61","1,151,055.00",27.97,Canada,Toronto Stock Exchange,CAD,1,CAD
ALA,ALTAGAS LTD,Utilities,Equity,2024-03-28,"32,195,017.61",0.28,"32,195,017.61","1,076,037.00",29.92,Canada,Toronto Stock Exchange,CAD,1,CAD
GIL,GILDAN ACTIVEWEAR INC,Consumer Discretionary,Equity,2024-03-28,"31,045,195.56",0.27,"31,045,195.56","617,569.00",50.27,Canada,Toronto Stock Exchange,CAD,1,CAD
MEG,MEG ENERGY CORP,Energy,Equity,2024-03-28,"31,045,195.56",0.27,"31,045,195.56","998,238.00",31.1,Canada,Toronto Stock Exchange,CAD,1,CAD
EFN,ELEMENT FLEET MANAGEMENT CORP,Industrials,Equity,2024-03-28,"31,045,195.56",0.27,"31,045,195.56","1,418,236.00",21.89,Canada,Toronto Stock Exchange,CAD,1,CAD
IAG,IA FINANCIAL INC,Financials,Equity,2024-03-28,"29,895,373.50",0.26,"29,895,373.50","355,263.00",84.15,Canada,Toronto Stock Exchange,CAD,1,CAD
KEY,KEYERA CORP,Energy,Equity,2024-03-28,"28,745,551.44",0.25,"28,745,551.44","823,891.00",34.89,Canada,Toronto Stock Exchange,CAD,1,CAD
AGI,ALAMOS GOLD INC CLASS A,Materials,Equity,2024-03-28,"28,745,551.44",0.25,"28,745,551.44","1,439,437.00",19.97,Canada,Toronto Stock Exchange,CAD,1,CAD
CAR.UN,CANADIAN APARTMENT PROPERTIES REAL,Real Estate,Equity,2024-03-28,"27,595,729.38",0.24,"27,595,729.38","593,584.00",46.49,Canada,Toronto Stock Exchange,CAD,1,CAD
PAAS,PAN AMERICAN SILVER CORP,Materials,Equity,2024-03-28,"26,445,907.33",0.23,"26,445,907.33","1,295,098.00",20.42,Canada,Toronto Stock Exchange,CAD,1,CAD
CLS,CELESTICA INC,Information Technology,Equity,2024-03-28,"26,445,907.33",0.23,"26,445,907.33","434,537.00",60.86,Canada,Toronto Stock Exchange,CAD,1,CAD
CTC.A,CANADIAN TIRE LTD CLASS A,Consumer Discretionary,Equity,2024-03-28,"25,296,085.27",0.22,"25,296,085.27","187,240.00",135.1,Canada,Toronto Stock Exchange,CAD,1,CAD
CIGI,COLLIERS INTERNATIONAL GROUP SUBOR,Real Estate,Equity,2024-03-28,"25,296,085.27",0.22,"25,296,085.27","152,782.00",165.57,Canada,Toronto Stock Exchange,CAD,1,CAD
BEP.UN,BROOKFIELD RENEWABLE PARTNERS NON,Utilities,Equity,2024-03-28,"24,146,263.21",0.21,"24,146,263.21","766,548.00",31.5,Bermuda,Toronto Stock Exchange,CAD,1,CAD
WFG,WEST FRASER TIMBER LTD,Materials,Equity,2024-03-28,"24,146,263.21",0.21,"24,146,263.21","206,449.00",116.96,Canada,Toronto Stock Exchange,CAD,1,CAD
ONEX,ONEX CORP,Financials,Equity,2024-03-28,"24,146,263.21",0.21,"24,146,263.21","237,965.00",101.47,Canada,Toronto Stock Exchange,CAD,1,CAD
AC,AIR CANADA VOTING AND VARIABLE VOT,Industrials,Equity,2024-03-28,"24,146,263.21",0.21,"24,146,263.21","1,231,324.00",19.61,Canada,Toronto Stock Exchange,CAD,1,CAD
SAP,SAPUTO INC,Consumer Staples,Equity,2024-03-28,"24,146,263.21",0.21,"24,146,263.21","906,051.00",26.65,Canada,Toronto Stock Exchange,CAD,1,CAD
CPG,CRESCENT POINT ENERGY CORP,Energy,Equity,2024-03-28,"22,996,441.15",0.2,"22,996,441.15","2,075,491.00",11.08,Canada,Toronto Stock Exchange,CAD,1,CAD
BYD,BOYD GROUP INCOME INC,Industrials,Equity,2024-03-28,"21,846,619.10",0.19,"21,846,619.10","76,280.00",286.4,Canada,Toronto Stock Exchange,CAD,1,CAD
WCP,WHITECAP RESOURCES INC,Energy,Equity,2024-03-28,"21,846,619.10",0.19,"21,846,619.10","2,131,377.00",10.25,Canada,Toronto Stock Exchange,CAD,1,CAD
PKI,PARKLAND CORP,Energy,Equity,2024-03-28,"21,846,619.10",0.19,"21,846,619.10","506,412.00",43.14,Canada,Toronto Stock Exchange,CAD,1,CAD
AQN,ALGONQUIN POWER UTILITIES CORP,Utilities,Equity,2024-03-28,"21,846,619.10",0.19,"21,846,619.10","2,552,175.00",8.56,Canada,Toronto Stock Exchange,CAD,1,CAD
FTT,FINNING INTERNATIONAL INC,Industrials,Equity,2024-03-28,"20,696,797.04",0.18,"20,696,797.04","519,889.00",39.81,Canada,Toronto Stock Exchange,CAD,1,CAD
PSK,PRAIRIESKY ROYALTY LTD,Energy,Equity,2024-03-28,"20,696,797.04",0.18,"20,696,797.04","780,128.00",26.53,Canada,Toronto Stock Exchange,CAD,1,CAD
NPI,NORTHLAND POWER INC,Utilities,Equity,2024-03-28,"20,696,797.04",0.18,"20,696,797.04","935,237.00",22.13,Canada,Toronto Stock Exchange,CAD,1,CAD
REI.UN,RIOCAN REAL ESTATE INVESTMENT TRUS,Real Estate,Equity,2024-03-28,"19,546,974.98",0.17,"19,546,974.98","1,058,309.00",18.47,Canada,Toronto Stock Exchange,CAD,1,CAD
ERF,ENERPLUS CORP,Energy,Equity,2024-03-28,"19,546,974.98",0.17,"19,546,974.98","734,573.00",26.61,Canada,Toronto Stock Exchange,CAD,1,CAD
BBD.B,BOMBARDIER INC CLASS B,Industrials,Equity,2024-03-28,"18,397,152.92",0.16,"18,397,152.92","316,374.00",58.15,Canada,Toronto Stock Exchange,CAD,1,CAD
CPX,CAPITAL POWER CORP,Utilities,Equity,2024-03-28,"17,247,330.86",0.15,"17,247,330.86","451,383.00",38.21,Canada,Toronto Stock Exchange,CAD,1,CAD
GRT.UN,GRANITE REAL ESTATE INVESTMENT STA,Real Estate,Equity,2024-03-28,"17,247,330.86",0.15,"17,247,330.86","223,093.00",77.31,Canada,Toronto Stock Exchange,CAD,1,CAD
EMP.A,EMPIRE LTD CLASS A,Consumer Staples,Equity,2024-03-28,"17,247,330.86",0.15,"17,247,330.86","521,382.00",33.08,Canada,Toronto Stock Exchange,CAD,1,CAD
NXE,NEXGEN ENERGY LTD,Energy,Equity,2024-03-28,"17,247,330.86",0.15,"17,247,330.86","1,637,923.00",10.53,Canada,Toronto Stock Exchange,CAD,1,CAD
BTO,B2GOLD CORP,Materials,Equity,2024-03-28,"17,247,330.86",0.15,"17,247,330.86","4,858,403.00",3.55,Canada,Toronto Stock Exchange,CAD,1,CAD
QBR.B,QUEBECOR INC CLASS B,Communication,Equity,2024-03-28,"16,097,508.81",0.14,"16,097,508.81","542,186.00",29.69,Canada,Toronto Stock Exchange,CAD,1,CAD
KXS,KINAXIS INC,Information Technology,Equity,2024-03-28,"16,097,508.81",0.14,"16,097,508.81","104,529.00",154,Canada,Toronto Stock Exchange,CAD,1,CAD
BHC,BAUSCH HEALTH COMPANIES INC,Health Care,Equity,2024-03-28,"14,947,686.75",0.13,"14,947,686.75","1,041,651.00",14.35,Canada,Toronto Stock Exchange,CAD,1,CAD
CS,CAPSTONE COPPER CORP,Materials,Equity,2024-03-28,"14,947,686.75",0.13,"14,947,686.75","1,734,070.00",8.62,Canada,Toronto Stock Exchange,CAD,1,CAD
OR,OSISKO GOLD ROYALTIES LTD,Materials,Equity,2024-03-28,"14,947,686.75",0.13,"14,947,686.75","672,411.00",22.23,Canada,Toronto Stock Exchange,CAD,1,CAD
MX,METHANEX CORP,Materials,Equity,2024-03-28,"14,947,686.75",0.13,"14,947,686.75","247,601.00",60.37,Canada,Toronto Stock Exchange,CAD,1,CAD
PRMW,PRIMO WATER CORP,Consumer Staples,Equity,2024-03-28,"13,797,864.69",0.12,"13,797,864.69","559,524.00",24.66,Canada,Toronto Stock Exchange,CAD,1,CAD
TCN,TRICON RESIDENTIAL INC,Real Estate,Equity,2024-03-28,"13,797,864.69",0.12,"13,797,864.69","913,766.00",15.1,Canada,Toronto Stock Exchange,CAD,1,CAD
SJ,STELLA JONES INC,Materials,Equity,2024-03-28,"13,797,864.69",0.12,"13,797,864.69","174,657.00",79,Canada,Toronto Stock Exchange,CAD,1,CAD
ELD,ELDORADO GOLD CORP,Materials,Equity,2024-03-28,"13,797,864.69",0.12,"13,797,864.69","724,678.00",19.04,Canada,Toronto Stock Exchange,CAD,1,CAD
CU,CANADIAN UTILITIES LTD CLASS A,Utilities,Equity,2024-03-28,"13,797,864.69",0.12,"13,797,864.69","447,257.00",30.85,Canada,Toronto Stock Exchange,CAD,1,CAD
CHP.UN,CHOICE PROPERTIES REAL ESTATE INVE,Real Estate,Equity,2024-03-28,"13,797,864.69",0.12,"13,797,864.69","1,001,296.00",13.78,Canada,Toronto Stock Exchange,CAD,1,CAD
GEI,GIBSON ENERGY INC,Energy,Equity,2024-03-28,"13,797,864.69",0.12,"13,797,864.69","598,346.00",23.06,Canada,Toronto Stock Exchange,CAD,1,CAD
ATS,ATS CORP,Industrials,Equity,2024-03-28,"13,797,864.69",0.12,"13,797,864.69","302,718.00",45.58,Canada,Toronto Stock Exchange,CAD,1,CAD
DIR.UN,DREAM Industrials REAL ESTATE INVES,Real Estate,Equity,2024-03-28,"12,648,042.63",0.11,"12,648,042.63","959,639.00",13.18,Canada,Toronto Stock Exchange,CAD,1,CAD
DFY,DEFINITY FINANCIAL CORP,Financials,Equity,2024-03-28,"12,648,042.63",0.11,"12,648,042.63","293,186.00",43.14,Canada,Toronto Stock Exchange,CAD,1,CAD
ATZ,ARITZIA SUBORDINATE VOTING INC,Consumer Discretionary,Equity,2024-03-28,"12,648,042.63",0.11,"12,648,042.63","338,183.00",37.4,Canada,Toronto Stock Exchange,CAD,1,CAD
HBM,HUDBAY MINERALS INC,Materials,Equity,2024-03-28,"11,498,220.58",0.1,"11,498,220.58","1,212,892.00",9.48,Canada,Toronto Stock Exchange,CAD,1,CAD
FCR.UN,FIRST CAPITAL REALTY REAL ESTATE I,Real Estate,Equity,2024-03-28,"11,498,220.58",0.1,"11,498,220.58","731,905.00",15.71,Canada,Toronto Stock Exchange,CAD,1,CAD
PBH,PREMIUM BRANDS HOLDINGS CORP,Consumer Staples,Equity,2024-03-28,"11,498,220.58",0.1,"11,498,220.58","129,923.00",88.5,Canada,Toronto Stock Exchange,CAD,1,CAD
BTE,BAYTEX ENERGY CORP,Energy,Equity,2024-03-28,"11,498,220.58",0.1,"11,498,220.58","2,351,374.00",4.89,Canada,Toronto Stock Exchange,CAD,1,CAD
BEI.UN,BOARDWALK REAL ESTATE INVESTMENT T,Real Estate,Equity,2024-03-28,"11,498,220.58",0.1,"11,498,220.58","147,262.00",78.08,Canada,Toronto Stock Exchange,CAD,1,CAD
DOO,BRP SUBORDINATE VOTING INC,Consumer Discretionary,Equity,2024-03-28,"10,348,398.52",0.09,"10,348,398.52","113,781.00",90.95,Canada,Toronto Stock Exchange,CAD,1,CAD
ATH,ATHABASCA OIL CORP,Energy,Equity,2024-03-28,"10,348,398.52",0.09,"10,348,398.52","1,978,661.00",5.23,Canada,Toronto Stock Exchange,CAD,1,CAD
SRU.UN,SMARTCENTRES RL ESTATE INVESTMENT,Real Estate,Equity,2024-03-28,"10,348,398.52",0.09,"10,348,398.52","445,476.00",23.23,Canada,Toronto Stock Exchange,CAD,1,CAD
CSH.UN,CHARTWELL RETIREMENT RESIDENCES RE,Health Care,Equity,2024-03-28,"10,348,398.52",0.09,"10,348,398.52","837,249.00",12.36,Canada,Toronto Stock Exchange,CAD,1,CAD
LNR,LINAMAR CORP,Consumer Discretionary,Equity,2024-03-28,"10,348,398.52",0.09,"10,348,398.52","143,728.00",72,Canada,Toronto Stock Exchange,CAD,1,CAD
PEY,PEYTO EXPLORATION & DEVELOPMENT CO,Energy,Equity,2024-03-28,"10,348,398.52",0.09,"10,348,398.52","693,128.00",14.93,Canada,Toronto Stock Exchange,CAD,1,CAD
IGM,IGM FINANCIAL INC,Financials,Equity,2024-03-28,"10,348,398.52",0.09,"10,348,398.52","296,261.00",34.93,Canada,Toronto Stock Exchange,CAD,1,CAD
ACO.X,ATCO LTD CLASS I,Utilities,Equity,2024-03-28,"10,348,398.52",0.09,"10,348,398.52","274,421.00",37.71,Canada,Toronto Stock Exchange,CAD,1,CAD
VET,VERMILION ENERGY INC,Energy,Equity,2024-03-28,"10,348,398.52",0.09,"10,348,398.52","614,513.00",16.84,Canada,Toronto Stock Exchange,CAD,1,CAD
CWB,CANADIAN WESTERN BANK,Financials,Equity,2024-03-28,"10,348,398.52",0.09,"10,348,398.52","366,964.00",28.2,Canada,Toronto Stock Exchange,CAD,1,CAD
NVEI,NUVEI SUBORDINATE VOTING CORP,Financials,Equity,2024-03-28,"10,348,398.52",0.09,"10,348,398.52","241,672.00",42.82,Canada,Toronto Stock Exchange,CAD,1,CAD
RUS,RUSSEL METALS INC,Industrials,Equity,2024-03-28,"10,348,398.52",0.09,"10,348,398.52","229,607.00",45.07,Canada,Toronto Stock Exchange,CAD,1,CAD
LSPD,LIGHTSPEED COMMERCE INC,Information Technology,Equity,2024-03-28,"9,198,576.46",0.08,"9,198,576.46","482,865.00",19.05,Canada,Toronto Stock Exchange,CAD,1,CAD
SES,SECURE ENERGY SERVICES INC,Energy,Equity,2024-03-28,"9,198,576.46",0.08,"9,198,576.46","824,984.00",11.15,Canada,Toronto Stock Exchange,CAD,1,CAD
BLX,BORALEX INC CLASS A,Utilities,Equity,2024-03-28,"9,198,576.46",0.08,"9,198,576.46","321,404.00",28.62,Canada,Toronto Stock Exchange,CAD,1,CAD
TLRY,TILRAY BRANDS INC,Health Care,Equity,2024-03-28,"9,198,576.46",0.08,"9,198,576.46","2,762,335.00",3.33,United States,Toronto Stock Exchange,CAD,1,CAD
HR.UN,H&R REAL ESTATE INVESTMENT TRUST,Real Estate,Equity,2024-03-28,"9,198,576.46",0.08,"9,198,576.46","994,441.00",9.25,Canada,Toronto Stock Exchange,CAD,1,CAD
AIF,ALTUS GROUP LTD,Real Estate,Equity,2024-03-28,"9,198,576.46",0.08,"9,198,576.46","177,305.00",51.88,Canada,Toronto Stock Exchange,CAD,1,CAD
CIX,CI FINANCIAL CORP,Financials,Equity,2024-03-28,"8,048,754.40",0.07,"8,048,754.40","464,709.00",17.32,Canada,Toronto Stock Exchange,CAD,1,CAD
EQX,EQUINOX GOLD CORP,Materials,Equity,2024-03-28,"8,048,754.40",0.07,"8,048,754.40","985,160.00",8.17,Canada,Toronto Stock Exchange,CAD,1,CAD
ERO,ERO COPPER CORP,Materials,Equity,2024-03-28,"8,048,754.40",0.07,"8,048,754.40","308,145.00",26.12,Canada,Toronto Stock Exchange,CAD,1,CAD
EQB,EQB INC,Financials,Equity,2024-03-28,"8,048,754.40",0.07,"8,048,754.40","94,747.00",84.95,Canada,Toronto Stock Exchange,CAD,1,CAD
FR,FIRST MAJESTIC SILVER CORP,Materials,Equity,2024-03-28,"8,048,754.40",0.07,"8,048,754.40","1,012,422.00",7.95,Canada,Toronto Stock Exchange,CAD,1,CAD
AP.UN,ALLIED PROPERTIES REAL ESTATE INVT,Real Estate,Equity,2024-03-28,"8,048,754.40",0.07,"8,048,754.40","455,504.00",17.67,Canada,Toronto Stock Exchange,CAD,1,CAD
SPB,SUPERIOR PLUS CORP,Utilities,Equity,2024-03-28,"8,048,754.40",0.07,"8,048,754.40","797,696.00",10.09,Canada,Toronto Stock Exchange,CAD,1,CAD
PXT,PAREX RESOURCES INC,Energy,Equity,2024-03-28,"8,048,754.40",0.07,"8,048,754.40","371,939.00",21.64,Canada,Toronto Stock Exchange,CAD,1,CAD
TA,TRANSALTA CORP,Utilities,Equity,2024-03-28,"8,048,754.40",0.07,"8,048,754.40","926,209.00",8.69,Canada,Toronto Stock Exchange,CAD,1,CAD
DML,DENISON MINES CORP,Energy,Equity,2024-03-28,"8,048,754.40",0.07,"8,048,754.40","3,037,266.00",2.65,Canada,Toronto Stock Exchange,CAD,1,CAD
KMP.UN,KILLAM APARTMENT REIT UNITS CLASS,Real Estate,Equity,2024-03-28,"8,048,754.40",0.07,"8,048,754.40","433,195.00",18.58,Canada,Toronto Stock Exchange,CAD,1,CAD
RCH,RICHELIEU HARDWARE LTD,Industrials,Equity,2024-03-28,"8,048,754.40",0.07,"8,048,754.40","188,938.00",42.6,Canada,Toronto Stock Exchange,CAD,1,CAD
EIF,EXCHANGE INCOME CORP,Industrials,Equity,2024-03-28,"8,048,754.40",0.07,"8,048,754.40","162,568.00",49.51,Canada,Toronto Stock Exchange,CAD,1,CAD
OGC,OCEANAGOLD CORPORATION CORP,Materials,Equity,2024-03-28,"8,048,754.40",0.07,"8,048,754.40","2,630,312.00",3.06,Canada,Toronto Stock Exchange,CAD,1,CAD
POU,PARAMOUNT RESOURCE LTD CLASS A,Energy,Equity,2024-03-28,"8,048,754.40",0.07,"8,048,754.40","292,788.00",27.49,Canada,Toronto Stock Exchange,CAD,1,CAD
IMG,IAMGOLD CORP,Materials,Equity,2024-03-28,"8,048,754.40",0.07,"8,048,754.40","1,780,698.00",4.52,Canada,Toronto Stock Exchange,CAD,1,CAD
TPZ,TOPAZ ENERGY CORP,Energy,Equity,2024-03-28,"8,048,754.40",0.07,"8,048,754.40","360,931.00",22.3,Canada,Toronto Stock Exchange,CAD,1,CAD
FIL,FILO CORP,Materials,Equity,2024-03-28,"8,048,754.40",0.07,"8,048,754.40","340,328.00",23.65,Canada,Toronto Stock Exchange,CAD,1,CAD
GSY,GOEASY LTD,Financials,Equity,2024-03-28,"8,048,754.40",0.07,"8,048,754.40","50,497.00",159.39,Canada,Toronto Stock Exchange,CAD,1,CAD
TSU,TRISURA GROUP LTD,Financials,Equity,2024-03-28,"6,898,932.35",0.06,"6,898,932.35","165,641.00",41.65,Canada,Toronto Stock Exchange,CAD,1,CAD
BB,BLACKBERRY LTD,Information Technology,Equity,2024-03-28,"6,898,932.35",0.06,"6,898,932.35","1,859,550.00",3.71,Canada,Toronto Stock Exchange,CAD,1,CAD
TVE,TAMARACK VALLEY ENERGY LTD,Energy,Equity,2024-03-28,"6,898,932.35",0.06,"6,898,932.35","1,796,597.00",3.84,Canada,Toronto Stock Exchange,CAD,1,CAD
IIP.UN,INTERRENT REAL ESTATE INVESTMENT T,Real Estate,Equity,2024-03-28,"6,898,932.35",0.06,"6,898,932.35","508,771.00",13.56,Canada,Toronto Stock Exchange,CAD,1,CAD
NVA,NUVISTA ENERGY LTD,Energy,Equity,2024-03-28,"6,898,932.35",0.06,"6,898,932.35","580,718.00",11.88,Canada,Toronto Stock Exchange,CAD,1,CAD
CJT,CARGOJET INC,Industrials,Equity,2024-03-28,"6,898,932.35",0.06,"6,898,932.35","61,653.00",111.9,Canada,Toronto Stock Exchange,CAD,1,CAD
NWC,NORTH WEST COMPANY INC,Consumer Staples,Equity,2024-03-28,"6,898,932.35",0.06,"6,898,932.35","175,769.00",39.25,Canada,Toronto Stock Exchange,CAD,1,CAD
DPM,DUNDEE PRECIOUS METALS INC,Materials,Equity,2024-03-28,"6,898,932.35",0.06,"6,898,932.35","669,799.00",10.3,Canada,Toronto Stock Exchange,CAD,1,CAD
LUG,LUNDIN GOLD INC,Materials,Equity,2024-03-28,"6,898,932.35",0.06,"6,898,932.35","362,339.00",19.04,Canada,Toronto Stock Exchange,CAD,1,CAD
LIF,LABRADOR IRON ORE ROYALTY CORP,Materials,Equity,2024-03-28,"6,898,932.35",0.06,"6,898,932.35","238,883.00",28.88,Canada,Toronto Stock Exchange,CAD,1,CAD
FRU,FREEHOLD ROYALTIES LTD,Energy,Equity,2024-03-28,"6,898,932.35",0.06,"6,898,932.35","472,853.00",14.59,Canada,Toronto Stock Exchange,CAD,1,CAD
SSL,SANDSTORM GOLD LTD,Materials,Equity,2024-03-28,"6,898,932.35",0.06,"6,898,932.35","971,681.00",7.1,Canada,Toronto Stock Exchange,CAD,1,CAD
CG,CENTERRA GOLD INC,Materials,Equity,2024-03-28,"5,749,110.29",0.05,"5,749,110.29","718,639.00",8,Canada,Toronto Stock Exchange,CAD,1,CAD
TXG,TOREX GOLD RESOURCES INC,Materials,Equity,2024-03-28,"5,749,110.29",0.05,"5,749,110.29","288,320.00",19.94,Canada,Toronto Stock Exchange,CAD,1,CAD
BDGI,BADGER INFRASTRUCTURE SOLUTIONS LT,Industrials,Equity,2024-03-28,"5,749,110.29",0.05,"5,749,110.29","114,524.00",50.2,Canada,Toronto Stock Exchange,CAD,1,CAD
HWX,HEADWATER EXPLORATION INC,Energy,Equity,2024-03-28,"5,749,110.29",0.05,"5,749,110.29","749,558.00",7.67,Canada,Toronto Stock Exchange,CAD,1,CAD
MFI,MAPLE LEAF FOODS INC,Consumer Staples,Equity,2024-03-28,"5,749,110.29",0.05,"5,749,110.29","258,852.00",22.21,Canada,Toronto Stock Exchange,CAD,1,CAD
AAV,ADVANTAGE ENERGY LTD,Energy,Equity,2024-03-28,"5,749,110.29",0.05,"5,749,110.29","581,894.00",9.88,Canada,Toronto Stock Exchange,CAD,1,CAD
NGD,NEW GOLD INC,Materials,Equity,2024-03-28,"5,749,110.29",0.05,"5,749,110.29","2,521,540.00",2.28,Canada,Toronto Stock Exchange,CAD,1,CAD
FVI,FORTUNA SILVER MINES INC,Materials,Equity,2024-03-28,"5,749,110.29",0.05,"5,749,110.29","1,142,964.00",5.03,Canada,Toronto Stock Exchange,CAD,1,CAD
WDO,WESDOME GOLD MINES LTD,Materials,Equity,2024-03-28,"5,749,110.29",0.05,"5,749,110.29","569,783.00",10.09,Canada,Toronto Stock Exchange,CAD,1,CAD
STLC,STELCO HOLDINGS INC,Materials,Equity,2024-03-28,"5,749,110.29",0.05,"5,749,110.29","128,702.00",44.67,Canada,Toronto Stock Exchange,CAD,1,CAD
CRR.UN,CROMBIE REAL ESTATE INVESTMENT TRU,Real Estate,Equity,2024-03-28,"5,749,110.29",0.05,"5,749,110.29","419,950.00",13.69,Canada,Toronto Stock Exchange,CAD,1,CAD
KNT,K92 MINING INC,Materials,Equity,2024-03-28,"5,749,110.29",0.05,"5,749,110.29","912,557.00",6.3,Canada,Toronto Stock Exchange,CAD,1,CAD
BBU.UN,BROOKFIELD BUSINESS PARTNERS UNITS,Industrials,Equity,2024-03-28,"5,749,110.29",0.05,"5,749,110.29","191,637.00",30,Canada,Toronto Stock Exchange,CAD,1,CAD
SEA,SEABRIDGE GOLD INC,Materials,Equity,2024-03-28,"5,749,110.29",0.05,"5,749,110.29","280,718.00",20.48,Canada,Toronto Stock Exchange,CAD,1,CAD
CCA,COGECO COMMUNICATIONS SUBORDINATE,Communication,Equity,2024-03-28,"5,749,110.29",0.05,"5,749,110.29","95,691.00",60.08,Canada,Toronto Stock Exchange,CAD,1,CAD
BIR,BIRCHCLIFF ENERGY LTD,Energy,Equity,2024-03-28,"4,599,288.23",0.04,"4,599,288.23","861,290.00",5.34,Canada,Toronto Stock Exchange,CAD,1,CAD
USD,USD CASH,Cash and/or Derivatives,Cash,2024-03-28,"4,599,288.23",0.04,"4,599,288.23","33,986.00",135.33,United States,,CAD,0.74,USD
MDA,MDA LTD,Industrials,Equity,2024-03-28,"4,599,288.23",0.04,"4,599,288.23","312,664.00",14.71,Canada,Toronto Stock Exchange,CAD,1,CAD
EFR,ENERGY FUELS INC,Energy,Equity,2024-03-28,"4,599,288.23",0.04,"4,599,288.23","543,009.00",8.47,Canada,Toronto Stock Exchange,CAD,1,CAD
IPCO,INTERNATIONAL PETROLEUM CORP,Energy,Equity,2024-03-28,"4,599,288.23",0.04,"4,599,288.23","286,560.00",16.05,Canada,Toronto Stock Exchange,CAD,1,CAD
PMZ.UN,PRIMARIS REAL ESTATE INVESTMENT UN,Real Estate,Equity,2024-03-28,"4,599,288.23",0.04,"4,599,288.23","329,698.00",13.95,Canada,Toronto Stock Exchange,CAD,1,CAD
MAG,MAG SILVER CORP,Materials,Equity,2024-03-28,"4,599,288.23",0.04,"4,599,288.23","321,854.00",14.29,Canada,Toronto Stock Exchange,CAD,1,CAD
SIL,SILVERCREST METALS INC,Materials,Equity,2024-03-28,"4,599,288.23",0.04,"4,599,288.23","509,334.00",9.03,Canada,Toronto Stock Exchange,CAD,1,CAD
ENGH,ENGHOUSE SYSTEMS LTD,Information Technology,Equity,2024-03-28,"4,599,288.23",0.04,"4,599,288.23","150,648.00",30.53,Canada,Toronto Stock Exchange,CAD,1,CAD
PD,PRECISION DRILLING CORP,Energy,Equity,2024-03-28,"4,599,288.23",0.04,"4,599,288.23","50,470.00",91.13,Canada,Toronto Stock Exchange,CAD,1,CAD
PSI,PASON SYSTEMS INC,Energy,Equity,2024-03-28,"4,599,288.23",0.04,"4,599,288.23","294,072.00",15.64,Canada,Toronto Stock Exchange,CAD,1,CAD
INE,INNERGEX RENEWABLE ENERGY INC,Utilities,Equity,2024-03-28,"4,599,288.23",0.04,"4,599,288.23","575,631.00",7.99,Canada,Toronto Stock Exchange,CAD,1,CAD
WPK,WINPAK LTD,Materials,Equity,2024-03-28,"4,599,288.23",0.04,"4,599,288.23","113,451.00",40.54,Canada,Toronto Stock Exchange,CAD,1,CAD
SSRM,SSR MINING INC,Materials,Equity,2024-03-28,"4,599,288.23",0.04,"4,599,288.23","762,734.00",6.03,Canada,Toronto Stock Exchange,CAD,1,CAD
SVI,STORAGEVAULT CANADA INC,Real Estate,Equity,2024-03-28,"4,599,288.23",0.04,"4,599,288.23","891,335.00",5.16,Canada,Toronto Stock Exchange,CAD,1,CAD
TOY,SPIN MASTER SUBORDINATE VOTING COR,Consumer Discretionary,Equity,2024-03-28,"4,599,288.23",0.04,"4,599,288.23","132,697.00",34.66,Canada,Toronto Stock Exchange,CAD,1,CAD
LB,LAURENTIAN BANK OF CANADA,Financials,Equity,2024-03-28,"4,599,288.23",0.04,"4,599,288.23","164,143.00",28.02,Canada,Toronto Stock Exchange,CAD,1,CAD
MTL,MULLEN GROUP LTD,Industrials,Equity,2024-03-28,"4,599,288.23",0.04,"4,599,288.23","316,755.00",14.52,Canada,Toronto Stock Exchange,CAD,1,CAD
MATR,MATTR CORP,Energy,Equity,2024-03-28,"4,599,288.23",0.04,"4,599,288.23","258,969.00",17.76,Canada,Toronto Stock Exchange,CAD,1,CAD
PET,PET VALU HOLDINGS LTD,Consumer Discretionary,Equity,2024-03-28,"4,599,288.23",0.04,"4,599,288.23","145,271.00",31.66,Canada,Toronto Stock Exchange,CAD,1,CAD
ASTL,ALGOMA STEEL GROUP INC,Materials,Equity,2024-03-28,"4,599,288.23",0.04,"4,599,288.23","398,207.00",11.55,Canada,Toronto Stock Exchange,CAD,1,CAD
JWEL,JAMIESON WELLNESS INC,Consumer Staples,Equity,2024-03-28,"4,599,288.23",0.04,"4,599,288.23","172,516.00",26.66,Canada,Toronto Stock Exchange,CAD,1,CAD
IFP,INTERFOR CORP,Materials,Equity,2024-03-28,"3,449,466.17",0.03,"3,449,466.17","163,018.00",21.16,Canada,Toronto Stock Exchange,CAD,1,CAD
OLA,ORLA MINING LTD,Materials,Equity,2024-03-28,"3,449,466.17",0.03,"3,449,466.17","672,411.00",5.13,Canada,Toronto Stock Exchange,CAD,1,CAD
TCL.A,TRANSCONTINENTAL SUB VOTING INC CL,Materials,Equity,2024-03-28,"3,449,466.17",0.03,"3,449,466.17","234,498.00",14.71,Canada,Toronto Stock Exchange,CAD,1,CAD
MTY,MTY FOOD GROUP INC,Consumer Discretionary,Equity,2024-03-28,"3,449,466.17",0.03,"3,449,466.17","67,465.00",51.13,Canada,Toronto Stock Exchange,CAD,1,CAD
SII,SPROTT INC,Financials,Equity,2024-03-28,"3,449,466.17",0.03,"3,449,466.17","69,017.00",49.98,Canada,Toronto Stock Exchange,CAD,1,CAD
OSK,OSISKO MINING INC,Materials,Equity,2024-03-28,"3,449,466.17",0.03,"3,449,466.17","1,240,815.00",2.78,Canada,Toronto Stock Exchange,CAD,1,CAD
CRT.UN,CT REIT UNITS TRUST,Real Estate,Equity,2024-03-28,"3,449,466.17",0.03,"3,449,466.17","241,729.00",14.27,Canada,Toronto Stock Exchange,CAD,1,CAD
NWH.UN,NORTHWEST HEALTHCARE PROPERTIES UN,Real Estate,Equity,2024-03-28,"3,449,466.17",0.03,"3,449,466.17","735,494.00",4.69,Canada,Toronto Stock Exchange,CAD,1,CAD
ZZZ,SLEEP COUNTRY CANADA HOLDINGS INC,Consumer Discretionary,Equity,2024-03-28,"3,449,466.17",0.03,"3,449,466.17","115,328.00",29.91,Canada,Toronto Stock Exchange,CAD,1,CAD
NG,NOVAGOLD RESOURCES INC,Materials,Equity,2024-03-28,"3,449,466.17",0.03,"3,449,466.17","851,720.00",4.05,Canada,Toronto Stock Exchange,CAD,1,CAD
KEL,KELT EXPLORATION LTD,Energy,Equity,2024-03-28,"3,449,466.17",0.03,"3,449,466.17","570,160.00",6.05,Canada,Toronto Stock Exchange,CAD,1,CAD
CFP,CANFOR CORP,Materials,Equity,2024-03-28,"3,449,466.17",0.03,"3,449,466.17","201,605.00",17.11,Canada,Toronto Stock Exchange,CAD,1,CAD
SIA,SIENNA SENIOR LIVING INC,Health Care,Equity,2024-03-28,"3,449,466.17",0.03,"3,449,466.17","257,039.00",13.42,Canada,Toronto Stock Exchange,CAD,1,CAD
BLDP,BALLARD POWER SYSTEMS INC,Industrials,Equity,2024-03-28,"3,449,466.17",0.03,"3,449,466.17","914,978.00",3.77,Canada,Toronto Stock Exchange,CAD,1,CAD
AOI,AFRICA OIL CORP,Energy,Equity,2024-03-28,"3,449,466.17",0.03,"3,449,466.17","1,461,638.00",2.36,Canada,Toronto Stock Exchange,CAD,1,CAD
WTE,WESTSHORE TERMINALS INVESTMENT COR,Industrials,Equity,2024-03-28,"3,449,466.17",0.03,"3,449,466.17","134,640.00",25.62,Canada,Toronto Stock Exchange,CAD,1,CAD
GOOS,CANADA GOOSE HOLDINGS SUB VOTING I,Consumer Discretionary,Equity,2024-03-28,"2,299,644.12",0.02,"2,299,644.12","140,823.00",16.33,Canada,Toronto Stock Exchange,CAD,1,CAD
2299955D,CONSTELLATION SOFTWARE INC,Information Technology,Equity,2024-03-28,0,0,0,#DIV/0!,#DIV/0!,Canada,Toronto Stock Exchange,CAD,1,CAD
RY,ROYAL BANK OF CANADA,Financials,Equity,2024-04-30,"679,594,968.31",6.02,"679,594,968.31","5,102,447.00",133.1900103,Canada,Toronto Stock Exchange,CAD,1,CAD
TD,TORONTO DOMINION,Financials,Equity,2024-04-30,"524,936,312.73",4.65,"524,936,312.73","6,427,529.00",81.670003,Canada,Toronto Stock Exchange,CAD,1,CAD
SHOP,SHOPIFY SUBORDINATE VOTING INC CLA,Information Technology,Equity,2024-04-30,"423,335,736.07",3.75,"423,335,736.07","4,380,090.00",96.65000858,Canada,Toronto Stock Exchange,CAD,1,CAD
CNQ,CANADIAN NATURAL RESOURCES LTD,Energy,Equity,2024-04-30,"405,273,411.33",3.59,"405,273,411.33","3,884,906.00",104.3200045,Canada,Toronto Stock Exchange,CAD,1,CAD
ENB,ENBRIDGE INC,Energy,Equity,2024-04-30,"377,051,028.93",3.34,"377,051,028.93","7,702,779.00",48.94999959,Canada,Toronto Stock Exchange,CAD,1,CAD
CP,CANADIAN PACIFIC KANSAS CITY LTD,Industrials,Equity,2024-04-30,"364,633,180.67",3.23,"364,633,180.67","3,376,233.00",108.0000049,Canada,Toronto Stock Exchange,CAD,1,CAD
CNR,CANADIAN NATIONAL RAILWAY,Industrials,Equity,2024-04-30,"349,957,541.82",3.1,"349,957,541.82","2,094,425.00",167.0900327,Canada,Toronto Stock Exchange,CAD,1,CAD
BMO,BANK OF MONTREAL,Financials,Equity,2024-04-30,"322,864,054.71",2.86,"322,864,054.71","2,625,551.00",122.9700184,Canada,Toronto Stock Exchange,CAD,1,CAD
BN,BROOKFIELD CORP CLASS A,Financials,Equity,2024-04-30,"286,739,405.23",2.54,"286,739,405.23","5,192,673.00",55.22000042,Canada,Toronto Stock Exchange,CAD,1,CAD
BNS,BANK OF NOVA SCOTIA,Financials,Equity,2024-04-30,"277,708,242.86",2.46,"277,708,242.86","4,396,901.00",63.15999447,Canada,Toronto Stock Exchange,CAD,1,CAD
CSU,CONSTELLATION SOFTWARE INC,Information Technology,Equity,2024-04-30,"252,872,546.35",2.24,"252,872,546.35","71,347.00",3544.263197,Canada,Toronto Stock Exchange,CAD,1,CAD
SU,SUNCOR ENERGY INC,Energy,Equity,2024-04-30,"246,099,174.57",2.18,"246,099,174.57","4,684,926.00",52.53000252,Canada,Toronto Stock Exchange,CAD,1,CAD
CM,CANADIAN IMPERIAL BANK OF COMMERCE,Financials,Equity,2024-04-30,"216,747,896.87",1.92,"216,747,896.87","3,372,983.00",64.26000275,Canada,Toronto Stock Exchange,CAD,1,CAD
MFC,MANULIFE FINANCIAL CORP,Financials,Equity,2024-04-30,"209,974,525.09",1.86,"209,974,525.09","6,539,225.00",32.11000158,Canada,Toronto Stock Exchange,CAD,1,CAD
WCN,WASTE CONNECTIONS INC,Industrials,Equity,2024-04-30,"208,845,629.79",1.85,"208,845,629.79","935,688.00",223.2000729,United States,Toronto Stock Exchange,CAD,1,CAD
ATD,ALIMENTATION COUCHE TARD INC,Consumer Staples,Equity,2024-04-30,"202,072,258.02",1.79,"202,072,258.02","2,648,391.00",76.30000933,Canada,Toronto Stock Exchange,CAD,1,CAD
TRP,TC ENERGY CORP,Energy,Equity,2024-04-30,"185,138,828.57",1.64,"185,138,828.57","3,753,829.00",49.31999528,Canada,Toronto Stock Exchange,CAD,1,CAD
AEM,AGNICO EAGLE MINES LTD,Materials,Equity,2024-04-30,"156,916,446.17",1.39,"156,916,446.17","1,799,913.00",87.18001713,Canada,Toronto Stock Exchange,CAD,1,CAD
BCE,BCE INC,Communication,Equity,2024-04-30,"149,014,179.10",1.32,"149,014,179.10","3,294,587.00",45.23000276,Canada,Toronto Stock Exchange,CAD,1,CAD
SLF,SUN LIFE FINANCIAL INC,Financials,Equity,2024-04-30,"149,014,179.10",1.32,"149,014,179.10","2,119,991.00",70.29000552,Canada,Toronto Stock Exchange,CAD,1,CAD
IFC,INTACT FINANCIAL CORP,Financials,Equity,2024-04-30,"146,756,388.50",1.3,"146,756,388.50","648,590.00",226.2698908,Canada,Toronto Stock Exchange,CAD,1,CAD
ABX,BARRICK GOLD CORP,Materials,Equity,2024-04-30,"145,627,493.21",1.29,"145,627,493.21","6,364,838.00",22.87999996,Canada,Toronto Stock Exchange,CAD,1,CAD
CVE,CENOVUS ENERGY INC,Energy,Equity,2024-04-30,"136,596,330.84",1.21,"136,596,330.84","4,830,139.00",28.27999998,Canada,Toronto Stock Exchange,CAD,1,CAD
NA,NATIONAL BANK OF CANADA,Financials,Equity,2024-04-30,"135,467,435.54",1.2,"135,467,435.54","1,225,506.00",110.5400019,Canada,Toronto Stock Exchange,CAD,1,CAD
NTR,NUTRIEN LTD,Materials,Equity,2024-04-30,"129,822,959.06",1.15,"129,822,959.06","1,788,441.00",72.59001503,Canada,Toronto Stock Exchange,CAD,1,CAD
FFH,FAIRFAX FINANCIAL HOLDINGS SUB VOT,Financials,Equity,2024-04-30,"123,049,587.28",1.09,"123,049,587.28","82,213.00",1496.71691,Canada,Toronto Stock Exchange,CAD,1,CAD
QSR,RESTAURANTS BRANDS INTERNATIONAL I,Consumer Discretionary,Equity,2024-04-30,"118,534,006.10",1.05,"118,534,006.10","1,134,948.00",104.4400326,Canada,Toronto Stock Exchange,CAD,1,CAD
WPM,WHEATON PRECIOUS METALS CORP,Materials,Equity,2024-04-30,"117,405,110.80",1.04,"117,405,110.80","1,636,993.00",71.71998341,Canada,Toronto Stock Exchange,CAD,1,CAD
T,TELUS CORP,Communication,Equity,2024-04-30,"117,405,110.80",1.04,"117,405,110.80","5,310,046.00",22.10999882,Canada,Toronto Stock Exchange,CAD,1,CAD
DOL,DOLLARAMA INC,Consumer Discretionary,Equity,2024-04-30,"117,405,110.80",1.04,"117,405,110.80","1,022,336.00",114.8400436,Canada,Toronto Stock Exchange,CAD,1,CAD
FNV,FRANCO NEVADA CORP,Materials,Equity,2024-04-30,"115,147,320.21",1.02,"115,147,320.21","694,831.00",165.7198948,Canada,Toronto Stock Exchange,CAD,1,CAD
TRI,THOMSON REUTERS CORP,Industrials,Equity,2024-04-30,"112,889,529.62",1,"112,889,529.62","542,921.00",207.9299375,Canada,Toronto Stock Exchange,CAD,1,CAD
TECK.B,TECK RESOURCES SUBORDINATE VOTING,Materials,Equity,2024-04-30,"112,889,529.62",1,"112,889,529.62","1,667,743.00",67.69000357,Canada,Toronto Stock Exchange,CAD,1,CAD
GIB.A,CGI INC,Information Technology,Equity,2024-04-30,"103,858,367.25",0.92,"103,858,367.25","744,558.00",139.4899622,Canada,Toronto Stock Exchange,CAD,1,CAD
CCO,CAMECO CORP,Energy,Equity,2024-04-30,"99,342,786.06",0.88,"99,342,786.06","1,581,640.00",62.80998588,Canada,Toronto Stock Exchange,CAD,1,CAD
PPL,PEMBINA PIPELINE CORP,Energy,Equity,2024-04-30,"95,956,100.18",0.85,"95,956,100.18","1,980,927.00",48.43999813,Canada,Toronto Stock Exchange,CAD,1,CAD
FTS,FORTIS INC,Utilities,Equity,2024-04-30,"95,956,100.18",0.85,"95,956,100.18","1,774,993.00",54.05998794,Canada,Toronto Stock Exchange,CAD,1,CAD
WSP,WSP GLOBAL INC,Industrials,Equity,2024-04-30,"94,827,204.88",0.84,"94,827,204.88","453,958.00",208.8898199,Canada,Toronto Stock Exchange,CAD,1,CAD
TOU,TOURMALINE OIL CORP,Energy,Equity,2024-04-30,"80,151,566.03",0.71,"80,151,566.03","1,191,313.00",67.28002299,Canada,Toronto Stock Exchange,CAD,1,CAD
L,LOBLAW COMPANIES LTD,Consumer Staples,Equity,2024-04-30,"80,151,566.03",0.71,"80,151,566.03","530,946.00",150.9599206,Canada,Toronto Stock Exchange,CAD,1,CAD
POW,POWER CORPORATION OF CANADA,Financials,Equity,2024-04-30,"73,378,194.25",0.65,"73,378,194.25","2,000,496.00",36.68000049,Canada,Toronto Stock Exchange,CAD,1,CAD
RCI.B,ROGERS COMMUNICATIONS NON-VOTING I,Communication,Equity,2024-04-30,"69,991,508.36",0.62,"69,991,508.36","1,357,214.00",51.56998702,Canada,Toronto Stock Exchange,CAD,1,CAD
BAM,BROOKFIELD ASSET MANAGEMENT VOTING,Financials,Equity,2024-04-30,"66,604,822.48",0.59,"66,604,822.48","1,266,492.00",52.59000647,Canada,Toronto Stock Exchange,CAD,1,CAD
MG,MAGNA INTERNATIONAL INC,Consumer Discretionary,Equity,2024-04-30,"63,218,136.59",0.56,"63,218,136.59","960,762.00",65.79999686,Canada,Toronto Stock Exchange,CAD,1,CAD
BIP.UN,BROOKFIELD INFRASTRUCTURE PARTNERS,Utilities,Equity,2024-04-30,"62,089,241.29",0.55,"62,089,241.29","1,679,904.00",36.95999372,Bermuda,Toronto Stock Exchange,CAD,1,CAD
MRU,METRO INC,Consumer Staples,Equity,2024-04-30,"57,573,660.11",0.51,"57,573,660.11","817,575.00",70.42003499,Canada,Toronto Stock Exchange,CAD,1,CAD
IMO,IMPERIAL OIL LTD,Energy,Equity,2024-04-30,"55,315,869.51",0.49,"55,315,869.51","584,425.00",94.65007403,Canada,Toronto Stock Exchange,CAD,1,CAD
ARX,ARC RESOURCES LTD,Energy,Equity,2024-04-30,"54,186,974.22",0.48,"54,186,974.22","2,173,565.00",24.92999943,Canada,Toronto Stock Exchange,CAD,1,CAD
TFII,TFI INTERNATIONAL INC,Industrials,Equity,2024-04-30,"51,929,183.62",0.46,"51,929,183.62","289,654.00",179.2800501,Canada,Toronto Stock Exchange,CAD,1,CAD
OTEX,OPEN TEXT CORP,Information Technology,Equity,2024-04-30,"47,413,602.44",0.42,"47,413,602.44","975,388.00",48.60999155,Canada,Toronto Stock Exchange,CAD,1,CAD
EMA,EMERA INC,Utilities,Equity,2024-04-30,"47,413,602.44",0.42,"47,413,602.44","1,021,185.00",46.42998324,Canada,Toronto Stock Exchange,CAD,1,CAD
STN,STANTEC INC,Industrials,Equity,2024-04-30,"45,155,811.85",0.4,"45,155,811.85","411,968.00",109.6099985,Canada,Toronto Stock Exchange,CAD,1,CAD
FM,FIRST QUANTUM MINERALS LTD,Materials,Equity,2024-04-30,"45,155,811.85",0.4,"45,155,811.85","2,583,284.00",17.48000291,Canada,Toronto Stock Exchange,CAD,1,CAD
H,HYDRO ONE LTD,Utilities,Equity,2024-04-30,"44,026,916.55",0.39,"44,026,916.55","1,141,777.00",38.559996,Canada,Toronto Stock Exchange,CAD,1,CAD
IVN,IVANHOE MINES LTD CLASS A,Materials,Equity,2024-04-30,"40,640,230.66",0.36,"40,640,230.66","2,177,933.00",18.66000041,Canada,Toronto Stock Exchange,CAD,1,CAD
GWO,GREAT WEST LIFECO INC,Financials,Equity,2024-04-30,"39,511,335.37",0.35,"39,511,335.37","970,556.00",40.71000062,Canada,Toronto Stock Exchange,CAD,1,CAD
K,KINROSS GOLD CORP,Materials,Equity,2024-04-30,"39,511,335.37",0.35,"39,511,335.37","4,449,475.00",8.879999408,Canada,Toronto Stock Exchange,CAD,1,CAD
DSG,DESCARTES SYSTEMS GROUP INC,Information Technology,Equity,2024-04-30,"39,511,335.37",0.35,"39,511,335.37","309,407.00",127.7001987,Canada,Toronto Stock Exchange,CAD,1,CAD
WN,GEORGE WESTON LTD,Consumer Staples,Equity,2024-04-30,"38,382,440.07",0.34,"38,382,440.07","211,859.00",181.1697406,Canada,Toronto Stock Exchange,CAD,1,CAD
LUN,LUNDIN MINING CORP,Materials,Equity,2024-04-30,"37,253,544.77",0.33,"37,253,544.77","2,369,818.00",15.72000245,Canada,Toronto Stock Exchange,CAD,1,CAD
TIH,TOROMONT INDUSTRIES LTD,Industrials,Equity,2024-04-30,"37,253,544.77",0.33,"37,253,544.77","295,663.00",126.0000229,Canada,Toronto Stock Exchange,CAD,1,CAD
CCL.B,CCL INDUSTRIES INC CLASS B,Materials,Equity,2024-04-30,"37,253,544.77",0.33,"37,253,544.77","529,922.00",70.30005317,Canada,Toronto Stock Exchange,CAD,1,CAD
X,TMX GROUP LTD,Financials,Equity,2024-04-30,"36,124,649.48",0.32,"36,124,649.48","991,074.00",36.4500022,Canada,Toronto Stock Exchange,CAD,1,CAD
GFL,GFL ENVIRONMENTAL SUBORDINATE VOTI,Industrials,Equity,2024-04-30,"34,995,754.18",0.31,"34,995,754.18","796,625.00",43.93002251,Canada,Toronto Stock Exchange,CAD,1,CAD
ATRL,SNC LAVALIN INC,Industrials,Equity,2024-04-30,"33,866,858.89",0.3,"33,866,858.89","640,690.00",52.85997735,Canada,Toronto Stock Exchange,CAD,1,CAD
PAAS,PAN AMERICAN SILVER CORP,Materials,Equity,2024-04-30,"33,866,858.89",0.3,"33,866,858.89","1,333,866.00",25.39000086,Canada,Toronto Stock Exchange,CAD,1,CAD
ALA,ALTAGAS LTD,Utilities,Equity,2024-04-30,"32,737,963.59",0.29,"32,737,963.59","1,084,757.00",30.17999754,Canada,Toronto Stock Exchange,CAD,1,CAD
MEG,MEG ENERGY CORP,Energy,Equity,2024-04-30,"31,609,068.29",0.28,"31,609,068.29","1,009,552.00",31.30999522,Canada,Toronto Stock Exchange,CAD,1,CAD
EFN,ELEMENT FLEET MANAGEMENT CORP,Industrials,Equity,2024-04-30,"30,480,173.00",0.27,"30,480,173.00","1,387,354.00",21.97000405,Canada,Toronto Stock Exchange,CAD,1,CAD
CAE,CAE INC,Industrials,Equity,2024-04-30,"30,480,173.00",0.27,"30,480,173.00","1,147,597.00",26.5599971,Canada,Toronto Stock Exchange,CAD,1,CAD
FSV,FIRSTSERVICE SUBORDINATE VOTING CO,Real Estate,Equity,2024-04-30,"30,480,173.00",0.27,"30,480,173.00","150,743.00",202.1995913,Canada,Toronto Stock Exchange,CAD,1,CAD
IAG,IA FINANCIAL INC,Financials,Equity,2024-04-30,"30,480,173.00",0.27,"30,480,173.00","365,207.00",83.45999118,Canada,Toronto Stock Exchange,CAD,1,CAD
GIL,GILDAN ACTIVEWEAR INC,Consumer Discretionary,Equity,2024-04-30,"29,351,277.70",0.26,"29,351,277.70","615,073.00",47.71999047,Canada,Toronto Stock Exchange,CAD,1,CAD
KEY,KEYERA CORP,Energy,Equity,2024-04-30,"29,351,277.70",0.26,"29,351,277.70","831,010.00",35.32000542,Canada,Toronto Stock Exchange,CAD,1,CAD
AGI,ALAMOS GOLD INC CLASS A,Materials,Equity,2024-04-30,"29,351,277.70",0.26,"29,351,277.70","1,449,446.00",20.24999738,Canada,Toronto Stock Exchange,CAD,1,CAD
CAR.UN,CANADIAN APARTMENT PROPERTIES REAL,Real Estate,Equity,2024-04-30,"25,964,591.81",0.23,"25,964,591.81","605,941.00",42.85003294,Canada,Toronto Stock Exchange,CAD,1,CAD
CLS,CELESTICA INC,Information Technology,Equity,2024-04-30,"25,964,591.81",0.23,"25,964,591.81","435,574.00",59.61005894,Canada,Toronto Stock Exchange,CAD,1,CAD
CPG,CRESCENT POINT ENERGY CORP,Energy,Equity,2024-04-30,"25,964,591.81",0.23,"25,964,591.81","2,138,764.00",12.13999853,Canada,Toronto Stock Exchange,CAD,1,CAD
CTC.A,CANADIAN TIRE LTD CLASS A,Consumer Discretionary,Equity,2024-04-30,"24,835,696.52",0.22,"24,835,696.52","186,749.00",132.9897162,Canada,Toronto Stock Exchange,CAD,1,CAD
AC,AIR CANADA VOTING AND VARIABLE VOT,Industrials,Equity,2024-04-30,"24,835,696.52",0.22,"24,835,696.52","1,222,229.00",20.32000265,Canada,Toronto Stock Exchange,CAD,1,CAD
SAP,SAPUTO INC,Consumer Staples,Equity,2024-04-30,"23,706,801.22",0.21,"23,706,801.22","895,610.00",26.47000505,Canada,Toronto Stock Exchange,CAD,1,CAD
ONEX,ONEX CORP,Financials,Equity,2024-04-30,"23,706,801.22",0.21,"23,706,801.22","242,723.00",97.67018873,Canada,Toronto Stock Exchange,CAD,1,CAD
WCP,WHITECAP RESOURCES INC,Energy,Equity,2024-04-30,"22,577,905.92",0.2,"22,577,905.92","2,162,635.00",10.43999839,Canada,Toronto Stock Exchange,CAD,1,CAD
BEP.UN,BROOKFIELD RENEWABLE PARTNERS NON,Utilities,Equity,2024-04-30,"22,577,905.92",0.2,"22,577,905.92","781,242.00",28.90001552,Bermuda,Toronto Stock Exchange,CAD,1,CAD
FTT,FINNING INTERNATIONAL INC,Industrials,Equity,2024-04-30,"22,577,905.92",0.2,"22,577,905.92","522,758.00",43.18997686,Canada,Toronto Stock Exchange,CAD,1,CAD
CAD,CAD CASH,Cash and/or Derivatives,Cash,2024-04-30,"22,577,905.92",0.2,"22,577,905.92","225,779.00",100.0000262,Canada,,CAD,1,CAD
WFG,WEST FRASER TIMBER LTD,Materials,Equity,2024-04-30,"21,449,010.63",0.19,"21,449,010.63","203,424.00",105.4399217,Canada,Toronto Stock Exchange,CAD,1,CAD
CIGI,COLLIERS INTERNATIONAL GROUP SUBOR,Real Estate,Equity,2024-04-30,"21,449,010.63",0.19,"21,449,010.63","149,616.00",143.3604068,Canada,Toronto Stock Exchange,CAD,1,CAD
PKI,PARKLAND CORP,Energy,Equity,2024-04-30,"21,449,010.63",0.19,"21,449,010.63","505,754.00",42.40996735,Canada,Toronto Stock Exchange,CAD,1,CAD
AQN,ALGONQUIN POWER UTILITIES CORP,Utilities,Equity,2024-04-30,"21,449,010.63",0.19,"21,449,010.63","2,550,417.00",8.410001434,Canada,Toronto Stock Exchange,CAD,1,CAD
PSK,PRAIRIESKY ROYALTY LTD,Energy,Equity,2024-04-30,"20,320,115.33",0.18,"20,320,115.33","774,690.00",26.22999565,Canada,Toronto Stock Exchange,CAD,1,CAD
BYD,BOYD GROUP INCOME INC,Industrials,Equity,2024-04-30,"20,320,115.33",0.18,"20,320,115.33","78,935.00",257.428458,Canada,Toronto Stock Exchange,CAD,1,CAD
BBD.B,BOMBARDIER INC CLASS B,Industrials,Equity,2024-04-30,"20,320,115.33",0.18,"20,320,115.33","323,981.00",62.72008337,Canada,Toronto Stock Exchange,CAD,1,CAD
ERF,ENERPLUS CORP,Energy,Equity,2024-04-30,"20,320,115.33",0.18,"20,320,115.33","754,553.00",26.93000403,Canada,Toronto Stock Exchange,CAD,1,CAD
NPI,NORTHLAND POWER INC,Utilities,Equity,2024-04-30,"19,191,220.04",0.17,"19,191,220.04","913,433.00",21.00999201,Canada,Toronto Stock Exchange,CAD,1,CAD
REI.UN,RIOCAN REAL ESTATE INVESTMENT TRUS,Real Estate,Equity,2024-04-30,"19,191,220.04",0.17,"19,191,220.04","1,100,414.00",17.43999989,Canada,Toronto Stock Exchange,CAD,1,CAD
CS,CAPSTONE COPPER CORP,Materials,Equity,2024-04-30,"19,191,220.04",0.17,"19,191,220.04","2,013,769.00",9.530000728,Canada,Toronto Stock Exchange,CAD,1,CAD
EMP.A,EMPIRE LTD CLASS A,Consumer Staples,Equity,2024-04-30,"16,933,429.44",0.15,"16,933,429.44","528,015.00",32.06997802,Canada,Toronto Stock Exchange,CAD,1,CAD
CPX,CAPITAL POWER CORP,Utilities,Equity,2024-04-30,"16,933,429.44",0.15,"16,933,429.44","471,289.00",35.93003326,Canada,Toronto Stock Exchange,CAD,1,CAD
NXE,NEXGEN ENERGY LTD,Energy,Equity,2024-04-30,"16,933,429.44",0.15,"16,933,429.44","1,615,785.00",10.48000164,Canada,Toronto Stock Exchange,CAD,1,CAD
BTO,B2GOLD CORP,Materials,Equity,2024-04-30,"16,933,429.44",0.15,"16,933,429.44","4,865,928.00",3.480000001,Canada,Toronto Stock Exchange,CAD,1,CAD
MX,METHANEX CORP,Materials,Equity,2024-04-30,"15,804,534.15",0.14,"15,804,534.15","239,753.00",65.92006835,Canada,Toronto Stock Exchange,CAD,1,CAD
QBR.B,QUEBECOR INC CLASS B,Communication,Equity,2024-04-30,"15,804,534.15",0.14,"15,804,534.15","554,740.00",28.48998476,Canada,Toronto Stock Exchange,CAD,1,CAD
GRT.UN,GRANITE REAL ESTATE INVESTMENT STA,Real Estate,Equity,2024-04-30,"15,804,534.15",0.14,"15,804,534.15","232,249.00",68.04995564,Canada,Toronto Stock Exchange,CAD,1,CAD
PRMW,PRIMO WATER CORP,Consumer Staples,Equity,2024-04-30,"14,675,638.85",0.13,"14,675,638.85","565,317.00",25.96001686,Canada,Toronto Stock Exchange,CAD,1,CAD
KXS,KINAXIS INC,Information Technology,Equity,2024-04-30,"14,675,638.85",0.13,"14,675,638.85","100,114.00",146.5892767,Canada,Toronto Stock Exchange,CAD,1,CAD
HBM,HUDBAY MINERALS INC,Materials,Equity,2024-04-30,"14,675,638.85",0.13,"14,675,638.85","1,266,233.00",11.58999872,Canada,Toronto Stock Exchange,CAD,1,CAD
TCN,TRICON RESIDENTIAL INC,Real Estate,Equity,2024-04-30,"14,675,638.85",0.13,"14,675,638.85","951,728.00",15.41999274,Canada,Toronto Stock Exchange,CAD,1,CAD
ELD,ELDORADO GOLD CORP,Materials,Equity,2024-04-30,"14,675,638.85",0.13,"14,675,638.85","747,994.00",19.61999541,Canada,Toronto Stock Exchange,CAD,1,CAD
SJ,STELLA JONES INC,Materials,Equity,2024-04-30,"14,675,638.85",0.13,"14,675,638.85","183,491.00",79.98015625,Canada,Toronto Stock Exchange,CAD,1,CAD
OR,OSISKO GOLD ROYALTIES LTD,Materials,Equity,2024-04-30,"14,675,638.85",0.13,"14,675,638.85","693,884.00",21.14998883,Canada,Toronto Stock Exchange,CAD,1,CAD
CU,CANADIAN UTILITIES LTD CLASS A,Utilities,Equity,2024-04-30,"13,546,743.55",0.12,"13,546,743.55","440,115.00",30.78000876,Canada,Toronto Stock Exchange,CAD,1,CAD
DFY,DEFINITY FINANCIAL CORP,Financials,Equity,2024-04-30,"13,546,743.55",0.12,"13,546,743.55","295,200.00",45.89005269,Canada,Toronto Stock Exchange,CAD,1,CAD
GEI,GIBSON ENERGY INC,Energy,Equity,2024-04-30,"13,546,743.55",0.12,"13,546,743.55","599,944.00",22.58001339,Canada,Toronto Stock Exchange,CAD,1,CAD
ATS,ATS CORP,Industrials,Equity,2024-04-30,"13,546,743.55",0.12,"13,546,743.55","299,111.00",45.29002128,Canada,Toronto Stock Exchange,CAD,1,CAD
BHC,BAUSCH HEALTH COMPANIES INC,Health Care,Equity,2024-04-30,"12,417,848.26",0.11,"12,417,848.26","1,030,527.00",12.04999797,Canada,Toronto Stock Exchange,CAD,1,CAD
CHP.UN,CHOICE PROPERTIES REAL ESTATE INVE,Real Estate,Equity,2024-04-30,"12,417,848.26",0.11,"12,417,848.26","953,752.00",13.01999708,Canada,Toronto Stock Exchange,CAD,1,CAD
DIR.UN,DREAM Industrials REAL ESTATE INVES,Real Estate,Equity,2024-04-30,"12,417,848.26",0.11,"12,417,848.26","1,000,632.00",12.41000513,Canada,Toronto Stock Exchange,CAD,1,CAD
BTE,BAYTEX ENERGY CORP,Energy,Equity,2024-04-30,"12,417,848.26",0.11,"12,417,848.26","2,434,872.00",5.100000435,Canada,Toronto Stock Exchange,CAD,1,CAD
PBH,PREMIUM BRANDS HOLDINGS CORP,Consumer Staples,Equity,2024-04-30,"12,417,848.26",0.11,"12,417,848.26","137,670.00",90.20010357,Canada,Toronto Stock Exchange,CAD,1,CAD
ATZ,ARITZIA SUBORDINATE VOTING INC,Consumer Discretionary,Equity,2024-04-30,"11,288,952.96",0.1,"11,288,952.96","316,750.00",35.63994621,Canada,Toronto Stock Exchange,CAD,1,CAD
FCR.UN,FIRST CAPITAL REALTY REAL ESTATE I,Real Estate,Equity,2024-04-30,"11,288,952.96",0.1,"11,288,952.96","763,799.00",14.7800049,Canada,Toronto Stock Exchange,CAD,1,CAD
DOO,BRP SUBORDINATE VOTING INC,Consumer Discretionary,Equity,2024-04-30,"11,288,952.96",0.1,"11,288,952.96","121,885.00",92.61970679,Canada,Toronto Stock Exchange,CAD,1,CAD
CSH.UN,CHARTWELL RETIREMENT RESIDENCES RE,Health Care,Equity,2024-04-30,"11,288,952.96",0.1,"11,288,952.96","903,839.00",12.49000426,Canada,Toronto Stock Exchange,CAD,1,CAD
PEY,PEYTO EXPLORATION & DEVELOPMENT CO,Energy,Equity,2024-04-30,"11,288,952.96",0.1,"11,288,952.96","733,525.00",15.39000438,Canada,Toronto Stock Exchange,CAD,1,CAD
BEI.UN,BOARDWALK REAL ESTATE INVESTMENT T,Real Estate,Equity,2024-04-30,"10,160,057.67",0.09,"10,160,057.67","143,362.00",70.86994926,Canada,Toronto Stock Exchange,CAD,1,CAD
SRU.UN,SMARTCENTRES RL ESTATE INVESTMENT,Real Estate,Equity,2024-04-30,"10,160,057.67",0.09,"10,160,057.67","456,017.00",22.2799976,Canada,Toronto Stock Exchange,CAD,1,CAD
NVEI,NUVEI SUBORDINATE VOTING CORP,Financials,Equity,2024-04-30,"10,160,057.67",0.09,"10,160,057.67","230,126.00",44.14997725,Canada,Toronto Stock Exchange,CAD,1,CAD
IGM,IGM FINANCIAL INC,Financials,Equity,2024-04-30,"10,160,057.67",0.09,"10,160,057.67","295,265.00",34.4099628,Canada,Toronto Stock Exchange,CAD,1,CAD
ATH,ATHABASCA OIL CORP,Energy,Equity,2024-04-30,"10,160,057.67",0.09,"10,160,057.67","2,116,679.00",4.799999275,Canada,Toronto Stock Exchange,CAD,1,CAD
ACO.X,ATCO LTD CLASS I,Utilities,Equity,2024-04-30,"10,160,057.67",0.09,"10,160,057.67","270,430.00",37.57000949,Canada,Toronto Stock Exchange,CAD,1,CAD
SES,SECURE ENERGY SERVICES INC,Energy,Equity,2024-04-30,"10,160,057.67",0.09,"10,160,057.67","871,360.00",11.66000008,Canada,Toronto Stock Exchange,CAD,1,CAD
LNR,LINAMAR CORP,Consumer Discretionary,Equity,2024-04-30,"9,031,162.37",0.08,"9,031,162.37","139,305.00",64.83013797,Canada,Toronto Stock Exchange,CAD,1,CAD
FR,FIRST MAJESTIC SILVER CORP,Materials,Equity,2024-04-30,"9,031,162.37",0.08,"9,031,162.37","983,787.00",9.179997672,Canada,Toronto Stock Exchange,CAD,1,CAD
VET,VERMILION ENERGY INC,Energy,Equity,2024-04-30,"9,031,162.37",0.08,"9,031,162.37","569,430.00",15.86000451,Canada,Toronto Stock Exchange,CAD,1,CAD
TLRY,TILRAY BRANDS INC,Health Care,Equity,2024-04-30,"9,031,162.37",0.08,"9,031,162.37","2,640,691.00",3.419999678,United States,Toronto Stock Exchange,CAD,1,CAD
CWB,CANADIAN WESTERN BANK,Financials,Equity,2024-04-30,"9,031,162.37",0.08,"9,031,162.37","341,960.00",26.4099964,Canada,Toronto Stock Exchange,CAD,1,CAD
EQX,EQUINOX GOLD CORP,Materials,Equity,2024-04-30,"9,031,162.37",0.08,"9,031,162.37","1,212,237.00",7.449997294,Canada,Toronto Stock Exchange,CAD,1,CAD
ERO,ERO COPPER CORP,Materials,Equity,2024-04-30,"9,031,162.37",0.08,"9,031,162.37","321,737.00",28.07001486,Canada,Toronto Stock Exchange,CAD,1,CAD
LSPD,LIGHTSPEED COMMERCE INC,Information Technology,Equity,2024-04-30,"9,031,162.37",0.08,"9,031,162.37","500,896.00",18.03001495,Canada,Toronto Stock Exchange,CAD,1,CAD
PXT,PAREX RESOURCES INC,Energy,Equity,2024-04-30,"9,031,162.37",0.08,"9,031,162.37","376,298.00",24.00002756,Canada,Toronto Stock Exchange,CAD,1,CAD
BLX,BORALEX INC CLASS A,Utilities,Equity,2024-04-30,"9,031,162.37",0.08,"9,031,162.37","326,861.00",27.6299784,Canada,Toronto Stock Exchange,CAD,1,CAD
POU,PARAMOUNT RESOURCE LTD CLASS A,Energy,Equity,2024-04-30,"9,031,162.37",0.08,"9,031,162.37","289,460.00",31.20003582,Canada,Toronto Stock Exchange,CAD,1,CAD
HR.UN,H&R REAL ESTATE INVESTMENT TRUST,Real Estate,Equity,2024-04-30,"9,031,162.37",0.08,"9,031,162.37","1,003,462.00",9.000004354,Canada,Toronto Stock Exchange,CAD,1,CAD
RUS,RUSSEL METALS INC,Industrials,Equity,2024-04-30,"9,031,162.37",0.08,"9,031,162.37","232,942.00",38.77000442,Canada,Toronto Stock Exchange,CAD,1,CAD
TA,TRANSALTA CORP,Utilities,Equity,2024-04-30,"7,902,267.07",0.07,"7,902,267.07","865,528.00",9.129995879,Canada,Toronto Stock Exchange,CAD,1,CAD
AIF,ALTUS GROUP LTD,Real Estate,Equity,2024-04-30,"7,902,267.07",0.07,"7,902,267.07","156,419.00",50.51986698,Canada,Toronto Stock Exchange,CAD,1,CAD
GSY,GOEASY LTD,Financials,Equity,2024-04-30,"7,902,267.07",0.07,"7,902,267.07","44,889.00",176.0401674,Canada,Toronto Stock Exchange,CAD,1,CAD
DML,DENISON MINES CORP,Energy,Equity,2024-04-30,"7,902,267.07",0.07,"7,902,267.07","2,884,039.00",2.740000074,Canada,Toronto Stock Exchange,CAD,1,CAD
EQB,EQB INC,Financials,Equity,2024-04-30,"7,902,267.07",0.07,"7,902,267.07","95,082.00",83.1100216,Canada,Toronto Stock Exchange,CAD,1,CAD
IMG,IAMGOLD CORP,Materials,Equity,2024-04-30,"7,902,267.07",0.07,"7,902,267.07","1,616,006.00",4.889998597,Canada,Toronto Stock Exchange,CAD,1,CAD
CIX,CI FINANCIAL CORP,Financials,Equity,2024-04-30,"7,902,267.07",0.07,"7,902,267.07","485,994.00",16.26000953,Canada,Toronto Stock Exchange,CAD,1,CAD
AP.UN,ALLIED PROPERTIES REAL ESTATE INVT,Real Estate,Equity,2024-04-30,"7,902,267.07",0.07,"7,902,267.07","466,761.00",16.93000716,Canada,Toronto Stock Exchange,CAD,1,CAD
FIL,FILO CORP,Materials,Equity,2024-04-30,"7,902,267.07",0.07,"7,902,267.07","320,319.00",24.66999171,Canada,Toronto Stock Exchange,CAD,1,CAD
CJT,CARGOJET INC,Industrials,Equity,2024-04-30,"7,902,267.07",0.07,"7,902,267.07","64,246.00",123.0001412,Canada,Toronto Stock Exchange,CAD,1,CAD
TPZ,TOPAZ ENERGY CORP,Energy,Equity,2024-04-30,"7,902,267.07",0.07,"7,902,267.07","346,743.00",22.78998299,Canada,Toronto Stock Exchange,CAD,1,CAD
SPB,SUPERIOR PLUS CORP,Utilities,Equity,2024-04-30,"7,902,267.07",0.07,"7,902,267.07","846,974.00",9.329999591,Canada,Toronto Stock Exchange,CAD,1,CAD
OGC,OCEANAGOLD CORPORATION CORP,Materials,Equity,2024-04-30,"7,902,267.07",0.07,"7,902,267.07","2,651,767.00",2.980000533,Canada,Toronto Stock Exchange,CAD,1,CAD
EIF,EXCHANGE INCOME CORP,Industrials,Equity,2024-04-30,"7,902,267.07",0.07,"7,902,267.07","170,381.00",46.37997824,Canada,Toronto Stock Exchange,CAD,1,CAD
BB,BLACKBERRY LTD,Information Technology,Equity,2024-04-30,"7,902,267.07",0.07,"7,902,267.07","2,052,537.00",3.849999816,Canada,Toronto Stock Exchange,CAD,1,CAD
KMP.UN,KILLAM APARTMENT REIT UNITS CLASS,Real Estate,Equity,2024-04-30,"6,773,371.78",0.06,"6,773,371.78","394,030.00",17.18999004,Canada,Toronto Stock Exchange,CAD,1,CAD
NVA,NUVISTA ENERGY LTD,Energy,Equity,2024-04-30,"6,773,371.78",0.06,"6,773,371.78","544,483.00",12.44000598,Canada,Toronto Stock Exchange,CAD,1,CAD
TSU,TRISURA GROUP LTD,Financials,Equity,2024-04-30,"6,773,371.78",0.06,"6,773,371.78","161,079.00",42.04999893,Canada,Toronto Stock Exchange,CAD,1,CAD
RCH,RICHELIEU HARDWARE LTD,Industrials,Equity,2024-04-30,"6,773,371.78",0.06,"6,773,371.78","174,347.00",38.84994739,Canada,Toronto Stock Exchange,CAD,1,CAD
LIF,LABRADOR IRON ORE ROYALTY CORP,Materials,Equity,2024-04-30,"6,773,371.78",0.06,"6,773,371.78","225,253.00",30.07006245,Canada,Toronto Stock Exchange,CAD,1,CAD
TVE,TAMARACK VALLEY ENERGY LTD,Energy,Equity,2024-04-30,"6,773,371.78",0.06,"6,773,371.78","1,815,917.00",3.730000753,Canada,Toronto Stock Exchange,CAD,1,CAD
FVI,FORTUNA SILVER MINES INC,Materials,Equity,2024-04-30,"6,773,371.78",0.06,"6,773,371.78","1,083,739.00",6.250002793,Canada,Toronto Stock Exchange,CAD,1,CAD
DPM,DUNDEE PRECIOUS METALS INC,Materials,Equity,2024-04-30,"6,773,371.78",0.06,"6,773,371.78","650,036.00",10.41999486,Canada,Toronto Stock Exchange,CAD,1,CAD
NWC,NORTH WEST COMPANY INC,Consumer Staples,Equity,2024-04-30,"6,773,371.78",0.06,"6,773,371.78","173,587.00",39.02004054,Canada,Toronto Stock Exchange,CAD,1,CAD
SSL,SANDSTORM GOLD LTD,Materials,Equity,2024-04-30,"6,773,371.78",0.06,"6,773,371.78","900,714.00",7.520002772,Canada,Toronto Stock Exchange,CAD,1,CAD
LUG,LUNDIN GOLD INC,Materials,Equity,2024-04-30,"6,773,371.78",0.06,"6,773,371.78","362,019.00",18.70998974,Canada,Toronto Stock Exchange,CAD,1,CAD
CG,CENTERRA GOLD INC,Materials,Equity,2024-04-30,"6,773,371.78",0.06,"6,773,371.78","808,278.00",8.380002644,Canada,Toronto Stock Exchange,CAD,1,CAD
MFI,MAPLE LEAF FOODS INC,Consumer Staples,Equity,2024-04-30,"6,773,371.78",0.06,"6,773,371.78","277,939.00",24.36999405,Canada,Toronto Stock Exchange,CAD,1,CAD
FRU,FREEHOLD ROYALTIES LTD,Energy,Equity,2024-04-30,"6,773,371.78",0.06,"6,773,371.78","478,008.00",14.16999669,Canada,Toronto Stock Exchange,CAD,1,CAD
IIP.UN,INTERRENT REAL ESTATE INVESTMENT T,Real Estate,Equity,2024-04-30,"6,773,371.78",0.06,"6,773,371.78","565,390.00",11.97999925,Canada,Toronto Stock Exchange,CAD,1,CAD
AAV,ADVANTAGE ENERGY LTD,Energy,Equity,2024-04-30,"6,773,371.78",0.06,"6,773,371.78","630,668.00",10.73999597,Canada,Toronto Stock Exchange,CAD,1,CAD
KNT,K92 MINING INC,Materials,Equity,2024-04-30,"6,773,371.78",0.06,"6,773,371.78","925,324.00",7.320000105,Canada,Toronto Stock Exchange,CAD,1,CAD
TXG,TOREX GOLD RESOURCES INC,Materials,Equity,2024-04-30,"5,644,476.48",0.05,"5,644,476.48","290,952.00",19.4000264,Canada,Toronto Stock Exchange,CAD,1,CAD
SIL,SILVERCREST METALS INC,Materials,Equity,2024-04-30,"5,644,476.48",0.05,"5,644,476.48","500,841.00",11.26999683,Canada,Toronto Stock Exchange,CAD,1,CAD
NGD,NEW GOLD INC,Materials,Equity,2024-04-30,"5,644,476.48",0.05,"5,644,476.48","2,371,629.00",2.379999773,Canada,Toronto Stock Exchange,CAD,1,CAD
HWX,HEADWATER EXPLORATION INC,Energy,Equity,2024-04-30,"5,644,476.48",0.05,"5,644,476.48","754,609.00",7.480001538,Canada,Toronto Stock Exchange,CAD,1,CAD
MAG,MAG SILVER CORP,Materials,Equity,2024-04-30,"5,644,476.48",0.05,"5,644,476.48","333,401.00",16.92999265,Canada,Toronto Stock Exchange,CAD,1,CAD
USD,USD CASH,Cash and/or Derivatives,Cash,2024-04-30,"5,644,476.48",0.05,"5,644,476.48","41,084.00",137.3886788,United States,,CAD,0.73,USD
BDGI,BADGER INFRASTRUCTURE SOLUTIONS LT,Industrials,Equity,2024-04-30,"5,644,476.48",0.05,"5,644,476.48","125,572.00",44.9501201,Canada,Toronto Stock Exchange,CAD,1,CAD
WDO,WESDOME GOLD MINES LTD,Materials,Equity,2024-04-30,"5,644,476.48",0.05,"5,644,476.48","548,007.00",10.30000799,Canada,Toronto Stock Exchange,CAD,1,CAD
SSRM,SSR MINING INC,Materials,Equity,2024-04-30,"5,644,476.48",0.05,"5,644,476.48","764,834.00",7.380002041,Canada,Toronto Stock Exchange,CAD,1,CAD
BIR,BIRCHCLIFF ENERGY LTD,Energy,Equity,2024-04-30,"5,644,476.48",0.05,"5,644,476.48","997,257.00",5.660001866,Canada,Toronto Stock Exchange,CAD,1,CAD
SEA,SEABRIDGE GOLD INC,Materials,Equity,2024-04-30,"5,644,476.48",0.05,"5,644,476.48","273,738.00",20.61999606,Canada,Toronto Stock Exchange,CAD,1,CAD
IPCO,INTERNATIONAL PETROLEUM CORP,Energy,Equity,2024-04-30,"5,644,476.48",0.05,"5,644,476.48","331,638.00",17.01999313,Canada,Toronto Stock Exchange,CAD,1,CAD
CRR.UN,CROMBIE REAL ESTATE INVESTMENT TRU,Real Estate,Equity,2024-04-30,"4,515,581.18",0.04,"4,515,581.18","351,407.00",12.85000351,Canada,Toronto Stock Exchange,CAD,1,CAD
PD,PRECISION DRILLING CORP,Energy,Equity,2024-04-30,"4,515,581.18",0.04,"4,515,581.18","46,784.00",96.51977567,Canada,Toronto Stock Exchange,CAD,1,CAD
STLC,STELCO HOLDINGS INC,Materials,Equity,2024-04-30,"4,515,581.18",0.04,"4,515,581.18","113,144.00",39.91003663,Canada,Toronto Stock Exchange,CAD,1,CAD
MDA,MDA LTD,Industrials,Equity,2024-04-30,"4,515,581.18",0.04,"4,515,581.18","317,551.00",14.22001878,Canada,Toronto Stock Exchange,CAD,1,CAD
CCA,COGECO COMMUNICATIONS SUBORDINATE,Communication,Equity,2024-04-30,"4,515,581.18",0.04,"4,515,581.18","82,748.00",54.57027583,Canada,Toronto Stock Exchange,CAD,1,CAD
WPK,WINPAK LTD,Materials,Equity,2024-04-30,"4,515,581.18",0.04,"4,515,581.18","105,332.00",42.86998429,Canada,Toronto Stock Exchange,CAD,1,CAD
ENGH,ENGHOUSE SYSTEMS LTD,Information Technology,Equity,2024-04-30,"4,515,581.18",0.04,"4,515,581.18","151,479.00",29.80994847,Canada,Toronto Stock Exchange,CAD,1,CAD
PMZ.UN,PRIMARIS REAL ESTATE INVESTMENT UN,Real Estate,Equity,2024-04-30,"4,515,581.18",0.04,"4,515,581.18","342,089.00",13.20001866,Canada,Toronto Stock Exchange,CAD,1,CAD
PSI,PASON SYSTEMS INC,Energy,Equity,2024-04-30,"4,515,581.18",0.04,"4,515,581.18","288,536.00",15.64997499,Canada,Toronto Stock Exchange,CAD,1,CAD
BBU.UN,BROOKFIELD BUSINESS PARTNERS UNITS,Industrials,Equity,2024-04-30,"4,515,581.18",0.04,"4,515,581.18","175,226.00",25.77004089,Canada,Toronto Stock Exchange,CAD,1,CAD
INE,INNERGEX RENEWABLE ENERGY INC,Utilities,Equity,2024-04-30,"4,515,581.18",0.04,"4,515,581.18","562,339.00",8.029998248,Canada,Toronto Stock Exchange,CAD,1,CAD
PET,PET VALU HOLDINGS LTD,Consumer Discretionary,Equity,2024-04-30,"4,515,581.18",0.04,"4,515,581.18","146,135.00",30.90006627,Canada,Toronto Stock Exchange,CAD,1,CAD
EFR,ENERGY FUELS INC,Energy,Equity,2024-04-30,"4,515,581.18",0.04,"4,515,581.18","633,321.00",7.130003876,Canada,Toronto Stock Exchange,CAD,1,CAD
OSK,OSISKO MINING INC,Materials,Equity,2024-04-30,"4,515,581.18",0.04,"4,515,581.18","1,485,389.00",3.039999074,Canada,Toronto Stock Exchange,CAD,1,CAD
OLA,ORLA MINING LTD,Materials,Equity,2024-04-30,"4,515,581.18",0.04,"4,515,581.18","844,034.00",5.349999153,Canada,Toronto Stock Exchange,CAD,1,CAD
SII,SPROTT INC,Financials,Equity,2024-04-30,"4,515,581.18",0.04,"4,515,581.18","83,668.00",53.97022977,Canada,Toronto Stock Exchange,CAD,1,CAD
SVI,STORAGEVAULT CANADA INC,Real Estate,Equity,2024-04-30,"4,515,581.18",0.04,"4,515,581.18","954,668.00",4.730001618,Canada,Toronto Stock Exchange,CAD,1,CAD
LB,LAURENTIAN BANK OF CANADA,Financials,Equity,2024-04-30,"4,515,581.18",0.04,"4,515,581.18","175,499.00",25.72995393,Canada,Toronto Stock Exchange,CAD,1,CAD
JWEL,JAMIESON WELLNESS INC,Consumer Staples,Equity,2024-04-30,"4,515,581.18",0.04,"4,515,581.18","172,680.00",26.14999528,Canada,Toronto Stock Exchange,CAD,1,CAD
MATR,MATTR CORP,Energy,Equity,2024-04-30,"3,386,685.89",0.03,"3,386,685.89","207,645.00",16.30998044,Canada,Toronto Stock Exchange,CAD,1,CAD
NWH.UN,NORTHWEST HEALTHCARE PROPERTIES UN,Real Estate,Equity,2024-04-30,"3,386,685.89",0.03,"3,386,685.89","670,631.00",5.049999014,Canada,Toronto Stock Exchange,CAD,1,CAD
TOY,SPIN MASTER SUBORDINATE VOTING COR,Consumer Discretionary,Equity,2024-04-30,"3,386,685.89",0.03,"3,386,685.89","112,589.00",30.08007788,Canada,Toronto Stock Exchange,CAD,1,CAD
MTL,MULLEN GROUP LTD,Industrials,Equity,2024-04-30,"3,386,685.89",0.03,"3,386,685.89","264,999.00",12.77999498,Canada,Toronto Stock Exchange,CAD,1,CAD
ASTL,ALGOMA STEEL GROUP INC,Materials,Equity,2024-04-30,"3,386,685.89",0.03,"3,386,685.89","321,928.00",10.52001034,Canada,Toronto Stock Exchange,CAD,1,CAD
MTY,MTY FOOD GROUP INC,Consumer Discretionary,Equity,2024-04-30,"3,386,685.89",0.03,"3,386,685.89","68,556.00",49.40028427,Canada,Toronto Stock Exchange,CAD,1,CAD
KEL,KELT EXPLORATION LTD,Energy,Equity,2024-04-30,"3,386,685.89",0.03,"3,386,685.89","541,870.00",6.249997026,Canada,Toronto Stock Exchange,CAD,1,CAD
TCL.A,TRANSCONTINENTAL SUB VOTING INC CL,Materials,Equity,2024-04-30,"3,386,685.89",0.03,"3,386,685.89","247,927.00",13.66001238,Canada,Toronto Stock Exchange,CAD,1,CAD
CRT.UN,CT REIT UNITS TRUST,Real Estate,Equity,2024-04-30,"3,386,685.89",0.03,"3,386,685.89","252,173.00",13.43000991,Canada,Toronto Stock Exchange,CAD,1,CAD
NG,NOVAGOLD RESOURCES INC,Materials,Equity,2024-04-30,"3,386,685.89",0.03,"3,386,685.89","846,671.00",4.000002231,Canada,Toronto Stock Exchange,CAD,1,CAD
SIA,SIENNA SENIOR LIVING INC,Health Care,Equity,2024-04-30,"3,386,685.89",0.03,"3,386,685.89","252,738.00",13.3999869,Canada,Toronto Stock Exchange,CAD,1,CAD
AOI,AFRICA OIL CORP,Energy,Equity,2024-04-30,"3,386,685.89",0.03,"3,386,685.89","1,382,321.00",2.449999594,Canada,Toronto Stock Exchange,CAD,1,CAD
ZZZ,SLEEP COUNTRY CANADA HOLDINGS INC,Consumer Discretionary,Equity,2024-04-30,"3,386,685.89",0.03,"3,386,685.89","123,918.00",27.33005607,Canada,Toronto Stock Exchange,CAD,1,CAD
WTE,WESTSHORE TERMINALS INVESTMENT COR,Industrials,Equity,2024-04-30,"3,386,685.89",0.03,"3,386,685.89","127,896.00",26.4799985,Canada,Toronto Stock Exchange,CAD,1,CAD
IFP,INTERFOR CORP,Materials,Equity,2024-04-30,"3,386,685.89",0.03,"3,386,685.89","193,857.00",17.47002114,Canada,Toronto Stock Exchange,CAD,1,CAD
BLDP,BALLARD POWER SYSTEMS INC,Industrials,Equity,2024-04-30,"3,386,685.89",0.03,"3,386,685.89","935,549.00",3.619998406,Canada,Toronto Stock Exchange,CAD,1,CAD
CFP,CANFOR CORP,Materials,Equity,2024-04-30,"3,386,685.89",0.03,"3,386,685.89","233,404.00",14.50997364,Canada,Toronto Stock Exchange,CAD,1,CAD
GOOS,CANADA GOOSE HOLDINGS SUB VOTING I,Consumer Discretionary,Equity,2024-04-30,"2,257,790.59",0.02,"2,257,790.59","145,289.00",15.53999678,Canada,Toronto Stock Exchange,CAD,1,CAD
2299955D,CONSTELLATION SOFTWARE INC,Information Technology,Equity,2024-04-30,0,0,0,#DIV/0!,#DIV/0!,Canada,Toronto Stock Exchange,CAD,1,CAD
RY,ROYAL BANK OF CANADA,Financials,Equity,2024-05-31,"762,154,693.78",6.57,"762,154,693.78","5,115,819.00",148.9799959,Canada,Toronto Stock Exchange,CAD,1,CAD
TD,TORONTO DOMINION,Financials,Equity,2024-05-31,"491,862,389.90",4.24,"491,862,389.90","6,454,887.00",76.20000008,Canada,Toronto Stock Exchange,CAD,1,CAD
CNQ,CANADIAN NATURAL RESOURCES LTD,Energy,Equity,2024-05-31,"408,338,587.84",3.52,"408,338,587.84","3,900,082.00",104.7000006,Canada,Toronto Stock Exchange,CAD,1,CAD
ENB,ENBRIDGE INC,Energy,Equity,2024-05-31,"385,137,531.71",3.32,"385,137,531.71","7,729,029.00",49.83000215,Canada,Toronto Stock Exchange,CAD,1,CAD
CP,CANADIAN PACIFIC KANSAS CITY LTD,Industrials,Equity,2024-05-31,"367,736,739.62",3.17,"367,736,739.62","3,389,591.00",108.4900035,Canada,Toronto Stock Exchange,CAD,1,CAD
CNR,CANADIAN NATIONAL RAILWAY,Industrials,Equity,2024-05-31,"364,256,581.20",3.14,"364,256,581.20","2,099,462.00",173.4999639,Canada,Toronto Stock Exchange,CAD,1,CAD
SHOP,SHOPIFY SUBORDINATE VOTING INC CLA,Information Technology,Equity,2024-05-31,"354,976,158.75",3.06,"354,976,158.75","4,400,895.00",80.65999274,Canada,Toronto Stock Exchange,CAD,1,CAD
BMO,BANK OF MONTREAL,Financials,Equity,2024-05-31,"320,174,574.56",2.76,"320,174,574.56","2,634,098.00",121.5499858,Canada,Toronto Stock Exchange,CAD,1,CAD
BN,BROOKFIELD CORP CLASS A,Financials,Equity,2024-05-31,"308,574,046.49",2.66,"308,574,046.49","5,199,226.00",59.34999681,Canada,Toronto Stock Exchange,CAD,1,CAD
BNS,BANK OF NOVA SCOTIA,Financials,Equity,2024-05-31,"285,372,990.37",2.46,"285,372,990.37","4,423,016.00",64.51999956,Canada,Toronto Stock Exchange,CAD,1,CAD
CSU,CONSTELLATION SOFTWARE INC,Information Technology,Equity,2024-05-31,"271,452,356.69",2.34,"271,452,356.69","71,603.00",3791.075188,Canada,Toronto Stock Exchange,CAD,1,CAD
SU,SUNCOR ENERGY INC,Energy,Equity,2024-05-31,"261,011,881.43",2.25,"261,011,881.43","4,694,458.00",55.60000354,Canada,Toronto Stock Exchange,CAD,1,CAD
MFC,MANULIFE FINANCIAL CORP,Financials,Equity,2024-05-31,"232,010,561.27",2,"232,010,561.27","6,553,971.00",35.39999815,Canada,Toronto Stock Exchange,CAD,1,CAD
CM,CANADIAN IMPERIAL BANK OF COMMERCE,Financials,Equity,2024-05-31,"228,530,402.85",1.97,"228,530,402.85","3,381,628.00",67.57999486,Canada,Toronto Stock Exchange,CAD,1,CAD
ATD,ALIMENTATION COUCHE TARD INC,Consumer Staples,Equity,2024-05-31,"211,129,610.76",1.82,"211,129,610.76","2,654,049.00",79.55000483,Canada,Toronto Stock Exchange,CAD,1,CAD
WCN,WASTE CONNECTIONS INC,Industrials,Equity,2024-05-31,"209,969,557.95",1.81,"209,969,557.95","938,118.00",223.8199863,United States,Toronto Stock Exchange,CAD,1,CAD
TRP,TC ENERGY CORP,Energy,Equity,2024-05-31,"198,369,029.89",1.71,"198,369,029.89","3,774,144.00",52.56000563,Canada,Toronto Stock Exchange,CAD,1,CAD
AEM,AGNICO EAGLE MINES LTD,Materials,Equity,2024-05-31,"168,207,656.92",1.45,"168,207,656.92","1,809,657.00",92.95002143,Canada,Toronto Stock Exchange,CAD,1,CAD
BCE,BCE INC,Communication,Equity,2024-05-31,"154,287,023.25",1.33,"154,287,023.25","3,309,460.00",46.61999941,Canada,Toronto Stock Exchange,CAD,1,CAD
ABX,BARRICK GOLD CORP,Materials,Equity,2024-05-31,"148,486,759.21",1.28,"148,486,759.21","6,386,527.00",23.25000101,Canada,Toronto Stock Exchange,CAD,1,CAD
IFC,INTACT FINANCIAL CORP,Financials,Equity,2024-05-31,"148,486,759.21",1.28,"148,486,759.21","651,143.00",228.0401682,Canada,Toronto Stock Exchange,CAD,1,CAD
SLF,SUN LIFE FINANCIAL INC,Financials,Equity,2024-05-31,"145,006,600.80",1.25,"145,006,600.80","2,122,773.00",68.30998924,Canada,Toronto Stock Exchange,CAD,1,CAD
NA,NATIONAL BANK OF CANADA,Financials,Equity,2024-05-31,"143,846,547.99",1.24,"143,846,547.99","1,234,840.00",116.4900295,Canada,Toronto Stock Exchange,CAD,1,CAD
NTR,NUTRIEN LTD,Materials,Equity,2024-05-31,"143,846,547.99",1.24,"143,846,547.99","1,801,008.00",79.87002167,Canada,Toronto Stock Exchange,CAD,1,CAD
CVE,CENOVUS ENERGY INC,Energy,Equity,2024-05-31,"136,886,231.15",1.18,"136,886,231.15","4,818,241.00",28.4100009,Canada,Toronto Stock Exchange,CAD,1,CAD
DOL,DOLLARAMA INC,Consumer Discretionary,Equity,2024-05-31,"132,246,019.93",1.14,"132,246,019.93","1,025,163.00",128.9999931,Canada,Toronto Stock Exchange,CAD,1,CAD
TRI,THOMSON REUTERS CORP,Industrials,Equity,2024-05-31,"127,605,808.70",1.1,"127,605,808.70","544,068.00",234.5401838,Canada,Toronto Stock Exchange,CAD,1,CAD
FFH,FAIRFAX FINANCIAL HOLDINGS SUB VOT,Financials,Equity,2024-05-31,"126,445,755.89",1.09,"126,445,755.89","82,412.00",1534.312429,Canada,Toronto Stock Exchange,CAD,1,CAD
WPM,WHEATON PRECIOUS METALS CORP,Materials,Equity,2024-05-31,"122,965,597.47",1.06,"122,965,597.47","1,647,228.00",74.65001656,Canada,Toronto Stock Exchange,CAD,1,CAD
T,TELUS CORP,Communication,Equity,2024-05-31,"119,485,439.06",1.03,"119,485,439.06","5,331,791.00",22.41000051,Canada,Toronto Stock Exchange,CAD,1,CAD
CCO,CAMECO CORP,Energy,Equity,2024-05-31,"119,485,439.06",1.03,"119,485,439.06","1,579,868.00",75.63001406,Canada,Toronto Stock Exchange,CAD,1,CAD
TECK.B,TECK RESOURCES SUBORDINATE VOTING,Materials,Equity,2024-05-31,"118,325,386.25",1.02,"118,325,386.25","1,669,141.00",70.88998847,Canada,Toronto Stock Exchange,CAD,1,CAD
FNV,FRANCO NEVADA CORP,Materials,Equity,2024-05-31,"117,165,333.44",1.01,"117,165,333.44","698,702.00",167.6899929,Canada,Toronto Stock Exchange,CAD,1,CAD
QSR,RESTAURANTS BRANDS INTERNATIONAL I,Consumer Discretionary,Equity,2024-05-31,"106,724,858.19",0.92,"106,724,858.19","1,141,931.00",93.45998855,Canada,Toronto Stock Exchange,CAD,1,CAD
PPL,PEMBINA PIPELINE CORP,Energy,Equity,2024-05-31,"100,924,594.15",0.87,"100,924,594.15","1,993,375.00",50.63000898,Canada,Toronto Stock Exchange,CAD,1,CAD
GIB.A,CGI INC,Information Technology,Equity,2024-05-31,"100,924,594.15",0.87,"100,924,594.15","749,867.00",134.5899928,Canada,Toronto Stock Exchange,CAD,1,CAD
FTS,FORTIS INC,Utilities,Equity,2024-05-31,"97,444,435.73",0.84,"97,444,435.73","1,787,643.00",54.51000884,Canada,Toronto Stock Exchange,CAD,1,CAD
WSP,WSP GLOBAL INC,Industrials,Equity,2024-05-31,"92,804,224.51",0.8,"92,804,224.51","452,704.00",204.9997891,Canada,Toronto Stock Exchange,CAD,1,CAD
L,LOBLAW COMPANIES LTD,Consumer Staples,Equity,2024-05-31,"83,523,802.06",0.72,"83,523,802.06","527,630.00",158.2999489,Canada,Toronto Stock Exchange,CAD,1,CAD
TOU,TOURMALINE OIL CORP,Energy,Equity,2024-05-31,"81,203,696.45",0.7,"81,203,696.45","1,201,060.00",67.61002485,Canada,Toronto Stock Exchange,CAD,1,CAD
POW,POWER CORPORATION OF CANADA,Financials,Equity,2024-05-31,"78,883,590.83",0.68,"78,883,590.83","1,993,520.00",39.57000222,Canada,Toronto Stock Exchange,CAD,1,CAD
RCI.B,ROGERS COMMUNICATIONS NON-VOTING I,Communication,Equity,2024-05-31,"74,243,379.61",0.64,"74,243,379.61","1,348,164.00",55.06999119,Canada,Toronto Stock Exchange,CAD,1,CAD
BAM,BROOKFIELD ASSET MANAGEMENT VOTING,Financials,Equity,2024-05-31,"73,083,326.80",0.63,"73,083,326.80","1,366,043.00",53.50001925,Canada,Toronto Stock Exchange,CAD,1,CAD
BIP.UN,BROOKFIELD INFRASTRUCTURE PARTNERS,Utilities,Equity,2024-05-31,"66,123,009.96",0.57,"66,123,009.96","1,679,101.00",39.38000749,Bermuda,Toronto Stock Exchange,CAD,1,CAD
MRU,METRO INC,Consumer Staples,Equity,2024-05-31,"60,322,745.93",0.52,"60,322,745.93","830,549.00",72.62996636,Canada,Toronto Stock Exchange,CAD,1,CAD
MG,MAGNA INTERNATIONAL INC,Consumer Discretionary,Equity,2024-05-31,"60,322,745.93",0.52,"60,322,745.93","978,312.00",61.66002863,Canada,Toronto Stock Exchange,CAD,1,CAD
IMO,IMPERIAL OIL LTD,Energy,Equity,2024-05-31,"56,842,587.51",0.49,"56,842,587.51","590,266.00",96.29995208,Canada,Toronto Stock Exchange,CAD,1,CAD
ARX,ARC RESOURCES LTD,Energy,Equity,2024-05-31,"55,682,534.71",0.48,"55,682,534.71","2,159,075.00",25.78999558,Canada,Toronto Stock Exchange,CAD,1,CAD
TFII,TFI INTERNATIONAL INC,Industrials,Equity,2024-05-31,"52,202,376.29",0.45,"52,202,376.29","289,466.00",180.3402689,Canada,Toronto Stock Exchange,CAD,1,CAD
K,KINROSS GOLD CORP,Materials,Equity,2024-05-31,"49,882,270.67",0.43,"49,882,270.67","4,506,077.00",11.06999962,Canada,Toronto Stock Exchange,CAD,1,CAD
EMA,EMERA INC,Utilities,Equity,2024-05-31,"48,722,217.87",0.42,"48,722,217.87","1,026,595.00",47.46001867,Canada,Toronto Stock Exchange,CAD,1,CAD
STN,STANTEC INC,Industrials,Equity,2024-05-31,"45,242,059.45",0.39,"45,242,059.45","411,291.00",110.0001202,Canada,Toronto Stock Exchange,CAD,1,CAD
H,HYDRO ONE LTD,Utilities,Equity,2024-05-31,"45,242,059.45",0.39,"45,242,059.45","1,152,370.00",39.2600115,Canada,Toronto Stock Exchange,CAD,1,CAD
FM,FIRST QUANTUM MINERALS LTD,Materials,Equity,2024-05-31,"45,242,059.45",0.39,"45,242,059.45","2,583,784.00",17.51000062,Canada,Toronto Stock Exchange,CAD,1,CAD
IVN,IVANHOE MINES LTD CLASS A,Materials,Equity,2024-05-31,"42,921,953.84",0.37,"42,921,953.84","2,180,994.00",19.67999629,Canada,Toronto Stock Exchange,CAD,1,CAD
WN,GEORGE WESTON LTD,Consumer Staples,Equity,2024-05-31,"41,761,901.03",0.36,"41,761,901.03","215,668.00",193.6397659,Canada,Toronto Stock Exchange,CAD,1,CAD
GWO,GREAT WEST LIFECO INC,Financials,Equity,2024-05-31,"40,601,848.22",0.35,"40,601,848.22","993,196.00",40.87999571,Canada,Toronto Stock Exchange,CAD,1,CAD
PAAS,PAN AMERICAN SILVER CORP,Materials,Equity,2024-05-31,"39,441,795.42",0.34,"39,441,795.42","1,314,288.00",30.01000954,Canada,Toronto Stock Exchange,CAD,1,CAD
OTEX,OPEN TEXT CORP,Information Technology,Equity,2024-05-31,"39,441,795.42",0.34,"39,441,795.42","989,012.00",39.87999682,Canada,Toronto Stock Exchange,CAD,1,CAD
DSG,DESCARTES SYSTEMS GROUP INC,Information Technology,Equity,2024-05-31,"39,441,795.42",0.34,"39,441,795.42","313,378.00",125.8601287,Canada,Toronto Stock Exchange,CAD,1,CAD
LUN,LUNDIN MINING CORP,Materials,Equity,2024-05-31,"37,121,689.80",0.32,"37,121,689.80","2,368,966.00",15.66999687,Canada,Toronto Stock Exchange,CAD,1,CAD
CCL.B,CCL INDUSTRIES INC CLASS B,Materials,Equity,2024-05-31,"37,121,689.80",0.32,"37,121,689.80","528,423.00",70.2499509,Canada,Toronto Stock Exchange,CAD,1,CAD
X,TMX GROUP LTD,Financials,Equity,2024-05-31,"37,121,689.80",0.32,"37,121,689.80","1,014,808.00",36.58001297,Canada,Toronto Stock Exchange,CAD,1,CAD
TIH,TOROMONT INDUSTRIES LTD,Industrials,Equity,2024-05-31,"35,961,637.00",0.31,"35,961,637.00","302,097.00",119.0400335,Canada,Toronto Stock Exchange,CAD,1,CAD
GFL,GFL ENVIRONMENTAL SUBORDINATE VOTI,Industrials,Equity,2024-05-31,"34,801,584.19",0.3,"34,801,584.19","811,037.00",42.90998338,Canada,Toronto Stock Exchange,CAD,1,CAD
EFN,ELEMENT FLEET MANAGEMENT CORP,Industrials,Equity,2024-05-31,"34,801,584.19",0.3,"34,801,584.19","1,436,894.00",24.22000801,Canada,Toronto Stock Exchange,CAD,1,CAD
ATRL,ATKINSREALIS GROUP INC,Industrials,Equity,2024-05-31,"33,641,531.38",0.29,"33,641,531.38","630,700.00",53.33998951,Canada,Toronto Stock Exchange,CAD,1,CAD
CLS,CELESTICA INC,Information Technology,Equity,2024-05-31,"32,481,478.58",0.28,"32,481,478.58","426,322.00",76.19001266,Canada,Toronto Stock Exchange,CAD,1,CAD
ALA,ALTAGAS LTD,Utilities,Equity,2024-05-31,"32,481,478.58",0.28,"32,481,478.58","1,056,308.00",30.75000717,Canada,Toronto Stock Exchange,CAD,1,CAD
AGI,ALAMOS GOLD INC CLASS A,Materials,Equity,2024-05-31,"32,481,478.58",0.28,"32,481,478.58","1,425,251.00",22.79000582,Canada,Toronto Stock Exchange,CAD,1,CAD
GIL,GILDAN ACTIVEWEAR INC,Consumer Discretionary,Equity,2024-05-31,"32,481,478.58",0.28,"32,481,478.58","622,967.00",52.13996661,Canada,Toronto Stock Exchange,CAD,1,CAD
IAG,IA FINANCIAL INC,Financials,Equity,2024-05-31,"32,481,478.58",0.28,"32,481,478.58","366,030.00",88.73993546,Canada,Toronto Stock Exchange,CAD,1,CAD
CAD,CAD CASH,Cash and/or Derivatives,Cash,2024-05-31,"31,321,425.77",0.27,"31,321,425.77","313,214.00",100.0000823,Canada,,CAD,1,CAD
KEY,KEYERA CORP,Energy,Equity,2024-05-31,"30,161,372.97",0.26,"30,161,372.97","835,727.00",36.08998269,Canada,Toronto Stock Exchange,CAD,1,CAD
FSV,FIRSTSERVICE SUBORDINATE VOTING CO,Real Estate,Equity,2024-05-31,"30,161,372.97",0.26,"30,161,372.97","150,731.00",200.1006625,Canada,Toronto Stock Exchange,CAD,1,CAD
BEP.UN,BROOKFIELD RENEWABLE PARTNERS NON,Utilities,Equity,2024-05-31,"30,161,372.97",0.26,"30,161,372.97","792,677.00",38.05001655,Bermuda,Toronto Stock Exchange,CAD,1,CAD
CAE,CAE INC,Industrials,Equity,2024-05-31,"30,161,372.97",0.26,"30,161,372.97","1,178,639.00",25.59000081,Canada,Toronto Stock Exchange,CAD,1,CAD
MEG,MEG ENERGY CORP,Energy,Equity,2024-05-31,"30,161,372.97",0.26,"30,161,372.97","1,019,310.00",29.58999025,Canada,Toronto Stock Exchange,CAD,1,CAD
BBD.B,BOMBARDIER INC CLASS B,Industrials,Equity,2024-05-31,"29,001,320.16",0.25,"29,001,320.16","316,091.00",91.74990797,Canada,Toronto Stock Exchange,CAD,1,CAD
CAR.UN,CANADIAN APARTMENT PROPERTIES REAL,Real Estate,Equity,2024-05-31,"26,681,214.55",0.23,"26,681,214.55","598,234.00",44.59996347,Canada,Toronto Stock Exchange,CAD,1,CAD
CTC.A,CANADIAN TIRE LTD CLASS A,Consumer Discretionary,Equity,2024-05-31,"25,521,161.74",0.22,"25,521,161.74","187,600.00",136.0403078,Canada,Toronto Stock Exchange,CAD,1,CAD
VRN,VEREN INC,Energy,Equity,2024-05-31,"25,521,161.74",0.22,"25,521,161.74","2,151,869.00",11.85999786,Canada,Toronto Stock Exchange,CAD,1,CAD
SAP,SAPUTO INC,Consumer Staples,Equity,2024-05-31,"24,361,108.93",0.21,"24,361,108.93","883,289.00",27.57999809,Canada,Toronto Stock Exchange,CAD,1,CAD
CIGI,COLLIERS INTERNATIONAL GROUP SUBOR,Real Estate,Equity,2024-05-31,"23,201,056.13",0.2,"23,201,056.13","151,810.00",152.8295641,Canada,Toronto Stock Exchange,CAD,1,CAD
WCP,WHITECAP RESOURCES INC,Energy,Equity,2024-05-31,"23,201,056.13",0.2,"23,201,056.13","2,174,420.00",10.66999758,Canada,Toronto Stock Exchange,CAD,1,CAD
ONEX,ONEX CORP,Financials,Equity,2024-05-31,"23,201,056.13",0.2,"23,201,056.13","240,127.00",96.61993915,Canada,Toronto Stock Exchange,CAD,1,CAD
WFG,WEST FRASER TIMBER LTD,Materials,Equity,2024-05-31,"23,201,056.13",0.2,"23,201,056.13","212,795.00",109.0300812,Canada,Toronto Stock Exchange,CAD,1,CAD
AC,AIR CANADA VOTING AND VARIABLE VOT,Industrials,Equity,2024-05-31,"22,041,003.32",0.19,"22,041,003.32","1,211,044.00",18.20000208,Canada,Toronto Stock Exchange,CAD,1,CAD
NPI,NORTHLAND POWER INC,Utilities,Equity,2024-05-31,"22,041,003.32",0.19,"22,041,003.32","945,966.00",23.29999527,Canada,Toronto Stock Exchange,CAD,1,CAD
AQN,ALGONQUIN POWER UTILITIES CORP,Utilities,Equity,2024-05-31,"20,880,950.51",0.18,"20,880,950.51","2,436,517.00",8.569999928,Canada,Toronto Stock Exchange,CAD,1,CAD
PSK,PRAIRIESKY ROYALTY LTD,Energy,Equity,2024-05-31,"20,880,950.51",0.18,"20,880,950.51","753,553.00",27.70999587,Canada,Toronto Stock Exchange,CAD,1,CAD
FTT,FINNING INTERNATIONAL INC,Industrials,Equity,2024-05-31,"20,880,950.51",0.18,"20,880,950.51","512,919.00",40.71003514,Canada,Toronto Stock Exchange,CAD,1,CAD
PKI,PARKLAND CORP,Energy,Equity,2024-05-31,"19,720,897.71",0.17,"19,720,897.71","501,421.00",39.3300195,Canada,Toronto Stock Exchange,CAD,1,CAD
CS,CAPSTONE COPPER CORP,Materials,Equity,2024-05-31,"18,560,844.90",0.16,"18,560,844.90","1,933,421.00",9.600001708,Canada,Toronto Stock Exchange,CAD,1,CAD
REI.UN,RIOCAN REAL ESTATE INVESTMENT TRUS,Real Estate,Equity,2024-05-31,"18,560,844.90",0.16,"18,560,844.90","1,073,502.00",17.28999564,Canada,Toronto Stock Exchange,CAD,1,CAD
HBM,HUDBAY MINERALS INC,Materials,Equity,2024-05-31,"18,560,844.90",0.16,"18,560,844.90","1,395,552.00",13.30000237,Canada,Toronto Stock Exchange,CAD,1,CAD
CPX,CAPITAL POWER CORP,Utilities,Equity,2024-05-31,"18,560,844.90",0.16,"18,560,844.90","471,926.00",39.32999009,Canada,Toronto Stock Exchange,CAD,1,CAD
BTO,B2GOLD CORP,Materials,Equity,2024-05-31,"18,560,844.90",0.16,"18,560,844.90","4,833,553.00",3.840000286,Canada,Toronto Stock Exchange,CAD,1,CAD
PRMW,PRIMO WATER CORP,Consumer Staples,Equity,2024-05-31,"18,560,844.90",0.16,"18,560,844.90","603,605.00",30.74998534,Canada,Toronto Stock Exchange,CAD,1,CAD
MX,METHANEX CORP,Materials,Equity,2024-05-31,"17,400,792.10",0.15,"17,400,792.10","238,008.00",73.11011435,Canada,Toronto Stock Exchange,CAD,1,CAD
BYD,BOYD GROUP INCOME INC,Industrials,Equity,2024-05-31,"17,400,792.10",0.15,"17,400,792.10","76,266.00",228.1592334,Canada,Toronto Stock Exchange,CAD,1,CAD
EMP.A,EMPIRE LTD CLASS A,Consumer Staples,Equity,2024-05-31,"17,400,792.10",0.15,"17,400,792.10","538,891.00",32.29000316,Canada,Toronto Stock Exchange,CAD,1,CAD
NXE,NEXGEN ENERGY LTD,Energy,Equity,2024-05-31,"17,400,792.10",0.15,"17,400,792.10","1,638,493.00",10.61999782,Canada,Toronto Stock Exchange,CAD,1,CAD
ELD,ELDORADO GOLD CORP,Materials,Equity,2024-05-31,"16,240,739.29",0.14,"16,240,739.29","736,876.00",22.03998948,Canada,Toronto Stock Exchange,CAD,1,CAD
QBR.B,QUEBECOR INC CLASS B,Communication,Equity,2024-05-31,"16,240,739.29",0.14,"16,240,739.29","564,895.00",28.75001423,Canada,Toronto Stock Exchange,CAD,1,CAD
GRT.UN,GRANITE REAL ESTATE INVESTMENT STA,Real Estate,Equity,2024-05-31,"15,080,686.48",0.13,"15,080,686.48","223,683.00",67.41990443,Canada,Toronto Stock Exchange,CAD,1,CAD
OR,OSISKO GOLD ROYALTIES LTD,Materials,Equity,2024-05-31,"15,080,686.48",0.13,"15,080,686.48","659,121.00",22.87999697,Canada,Toronto Stock Exchange,CAD,1,CAD
KXS,KINAXIS INC,Information Technology,Equity,2024-05-31,"15,080,686.48",0.13,"15,080,686.48","102,975.00",146.449978,Canada,Toronto Stock Exchange,CAD,1,CAD
SJ,STELLA JONES INC,Materials,Equity,2024-05-31,"15,080,686.48",0.13,"15,080,686.48","185,358.00",81.35978206,Canada,Toronto Stock Exchange,CAD,1,CAD
CU,CANADIAN UTILITIES LTD CLASS A,Utilities,Equity,2024-05-31,"13,920,633.68",0.12,"13,920,633.68","447,897.00",31.07998865,Canada,Toronto Stock Exchange,CAD,1,CAD
GEI,GIBSON ENERGY INC,Energy,Equity,2024-05-31,"13,920,633.68",0.12,"13,920,633.68","611,090.00",22.78000569,Canada,Toronto Stock Exchange,CAD,1,CAD
ATS,ATS CORP,Industrials,Equity,2024-05-31,"12,760,580.87",0.11,"12,760,580.87","293,887.00",43.42002494,Canada,Toronto Stock Exchange,CAD,1,CAD
DFY,DEFINITY FINANCIAL CORP,Financials,Equity,2024-05-31,"12,760,580.87",0.11,"12,760,580.87","295,179.00",43.22997527,Canada,Toronto Stock Exchange,CAD,1,CAD
CHP.UN,CHOICE PROPERTIES REAL ESTATE INVE,Real Estate,Equity,2024-05-31,"12,760,580.87",0.11,"12,760,580.87","1,004,770.00",12.70000186,Canada,Toronto Stock Exchange,CAD,1,CAD
DIR.UN,DREAM Industrials REAL ESTATE INVES,Real Estate,Equity,2024-05-31,"12,760,580.87",0.11,"12,760,580.87","1,039,982.00",12.27000166,Canada,Toronto Stock Exchange,CAD,1,CAD
PBH,PREMIUM BRANDS HOLDINGS CORP,Consumer Staples,Equity,2024-05-31,"11,600,528.06",0.1,"11,600,528.06","129,760.00",89.39987719,Canada,Toronto Stock Exchange,CAD,1,CAD
BTE,BAYTEX ENERGY CORP,Energy,Equity,2024-05-31,"11,600,528.06",0.1,"11,600,528.06","2,315,475.00",5.009999272,Canada,Toronto Stock Exchange,CAD,1,CAD
BLX,BORALEX INC CLASS A,Utilities,Equity,2024-05-31,"11,600,528.06",0.1,"11,600,528.06","335,372.00",34.59003156,Canada,Toronto Stock Exchange,CAD,1,CAD
ATZ,ARITZIA SUBORDINATE VOTING INC,Consumer Discretionary,Equity,2024-05-31,"11,600,528.06",0.1,"11,600,528.06","340,691.00",34.04999857,Canada,Toronto Stock Exchange,CAD,1,CAD
FCR.UN,FIRST CAPITAL REALTY REAL ESTATE I,Real Estate,Equity,2024-05-31,"11,600,528.06",0.1,"11,600,528.06","807,274.00",14.37000085,Canada,Toronto Stock Exchange,CAD,1,CAD
CSH.UN,CHARTWELL RETIREMENT RESIDENCES RE,Health Care,Equity,2024-05-31,"10,440,475.26",0.09,"10,440,475.26","837,247.00",12.47000617,Canada,Toronto Stock Exchange,CAD,1,CAD
PEY,PEYTO EXPLORATION & DEVELOPMENT CO,Energy,Equity,2024-05-31,"10,440,475.26",0.09,"10,440,475.26","682,830.00",15.29000667,Canada,Toronto Stock Exchange,CAD,1,CAD
IGM,IGM FINANCIAL INC,Financials,Equity,2024-05-31,"10,440,475.26",0.09,"10,440,475.26","286,747.00",36.41005924,Canada,Toronto Stock Exchange,CAD,1,CAD
SRU.UN,SMARTCENTRES RL ESTATE INVESTMENT,Real Estate,Equity,2024-05-31,"10,440,475.26",0.09,"10,440,475.26","466,926.00",22.3600212,Canada,Toronto Stock Exchange,CAD,1,CAD
ACO.X,ATCO LTD CLASS I,Utilities,Equity,2024-05-31,"10,440,475.26",0.09,"10,440,475.26","264,182.00",39.52000991,Canada,Toronto Stock Exchange,CAD,1,CAD
LNR,LINAMAR CORP,Consumer Discretionary,Equity,2024-05-31,"10,440,475.26",0.09,"10,440,475.26","147,028.00",71.01011547,Canada,Toronto Stock Exchange,CAD,1,CAD
ATH,ATHABASCA OIL CORP,Energy,Equity,2024-05-31,"10,440,475.26",0.09,"10,440,475.26","2,083,927.00",5.010000474,Canada,Toronto Stock Exchange,CAD,1,CAD
BEI.UN,BOARDWALK REAL ESTATE INVESTMENT T,Real Estate,Equity,2024-05-31,"10,440,475.26",0.09,"10,440,475.26","148,365.00",70.3702036,Canada,Toronto Stock Exchange,CAD,1,CAD
IMG,IAMGOLD CORP,Materials,Equity,2024-05-31,"10,440,475.26",0.09,"10,440,475.26","1,947,850.00",5.359999619,Canada,Toronto Stock Exchange,CAD,1,CAD
DOO,BRP SUBORDINATE VOTING INC,Consumer Discretionary,Equity,2024-05-31,"10,440,475.26",0.09,"10,440,475.26","122,598.00",85.16024125,Canada,Toronto Stock Exchange,CAD,1,CAD
AG,FIRST MAJESTIC SILVER CORP,Materials,Equity,2024-05-31,"10,440,475.26",0.09,"10,440,475.26","1,069,721.00",9.759998408,Canada,Toronto Stock Exchange,CAD,1,CAD
NVEI,NUVEI SUBORDINATE VOTING CORP,Financials,Equity,2024-05-31,"10,440,475.26",0.09,"10,440,475.26","238,041.00",43.85998739,Canada,Toronto Stock Exchange,CAD,1,CAD
VET,VERMILION ENERGY INC,Energy,Equity,2024-05-31,"10,440,475.26",0.09,"10,440,475.26","619,245.00",16.86000736,Canada,Toronto Stock Exchange,CAD,1,CAD
DML,DENISON MINES CORP,Energy,Equity,2024-05-31,"10,440,475.26",0.09,"10,440,475.26","3,173,397.00",3.289999725,Canada,Toronto Stock Exchange,CAD,1,CAD
LSPD,LIGHTSPEED COMMERCE INC,Information Technology,Equity,2024-05-31,"10,440,475.26",0.09,"10,440,475.26","528,364.00",19.76000495,Canada,Toronto Stock Exchange,CAD,1,CAD
SES,SECURE ENERGY SERVICES INC,Energy,Equity,2024-05-31,"9,280,422.45",0.08,"9,280,422.45","821,276.00",11.30000445,Canada,Toronto Stock Exchange,CAD,1,CAD
BHC,BAUSCH HEALTH COMPANIES INC,Health Care,Equity,2024-05-31,"9,280,422.45",0.08,"9,280,422.45","1,036,919.00",8.949997493,Canada,Toronto Stock Exchange,CAD,1,CAD
FVI,FORTUNA SILVER MINES INC,Materials,Equity,2024-05-31,"9,280,422.45",0.08,"9,280,422.45","1,086,701.00",8.539996237,Canada,Toronto Stock Exchange,CAD,1,CAD
ERO,ERO COPPER CORP,Materials,Equity,2024-05-31,"9,280,422.45",0.08,"9,280,422.45","319,794.00",29.02000179,Canada,Toronto Stock Exchange,CAD,1,CAD
POU,PARAMOUNT RESOURCE LTD CLASS A,Energy,Equity,2024-05-31,"9,280,422.45",0.08,"9,280,422.45","283,026.00",32.78999969,Canada,Toronto Stock Exchange,CAD,1,CAD
TA,TRANSALTA CORP,Utilities,Equity,2024-05-31,"9,280,422.45",0.08,"9,280,422.45","947,949.00",9.790001836,Canada,Toronto Stock Exchange,CAD,1,CAD
EQX,EQUINOX GOLD CORP,Materials,Equity,2024-05-31,"9,280,422.45",0.08,"9,280,422.45","1,254,111.00",7.400000838,Canada,Toronto Stock Exchange,CAD,1,CAD
CWB,CANADIAN WESTERN BANK,Financials,Equity,2024-05-31,"9,280,422.45",0.08,"9,280,422.45","366,381.00",25.3299774,Canada,Toronto Stock Exchange,CAD,1,CAD
HR.UN,H&R REAL ESTATE INVESTMENT TRUST,Real Estate,Equity,2024-05-31,"9,280,422.45",0.08,"9,280,422.45","1,008,742.00",9.199996085,Canada,Toronto Stock Exchange,CAD,1,CAD
EQB,EQB INC,Financials,Equity,2024-05-31,"8,120,369.64",0.07,"8,120,369.64","92,677.00",87.62011766,Canada,Toronto Stock Exchange,CAD,1,CAD
GSY,GOEASY LTD,Financials,Equity,2024-05-31,"8,120,369.64",0.07,"8,120,369.64","44,485.00",182.5417477,Canada,Toronto Stock Exchange,CAD,1,CAD
PXT,PAREX RESOURCES INC,Energy,Equity,2024-05-31,"8,120,369.64",0.07,"8,120,369.64","363,003.00",22.36997943,Canada,Toronto Stock Exchange,CAD,1,CAD
NGD,NEW GOLD INC,Materials,Equity,2024-05-31,"8,120,369.64",0.07,"8,120,369.64","2,724,956.00",2.980000281,Canada,Toronto Stock Exchange,CAD,1,CAD
NVA,NUVISTA ENERGY LTD,Energy,Equity,2024-05-31,"8,120,369.64",0.07,"8,120,369.64","594,463.00",13.66000852,Canada,Toronto Stock Exchange,CAD,1,CAD
OGC,OCEANAGOLD CORPORATION CORP,Materials,Equity,2024-05-31,"8,120,369.64",0.07,"8,120,369.64","2,594,367.00",3.13000036,Canada,Toronto Stock Exchange,CAD,1,CAD
FIL,FILO CORP,Materials,Equity,2024-05-31,"8,120,369.64",0.07,"8,120,369.64","322,621.00",25.16999713,Canada,Toronto Stock Exchange,CAD,1,CAD
RUS,RUSSEL METALS INC,Industrials,Equity,2024-05-31,"8,120,369.64",0.07,"8,120,369.64","222,050.00",36.57000515,Canada,Toronto Stock Exchange,CAD,1,CAD
AIF,ALTUS GROUP LTD,Real Estate,Equity,2024-05-31,"8,120,369.64",0.07,"8,120,369.64","172,847.00",46.98010173,Canada,Toronto Stock Exchange,CAD,1,CAD
AP.UN,ALLIED PROPERTIES REAL ESTATE INVT,Real Estate,Equity,2024-05-31,"8,120,369.64",0.07,"8,120,369.64","480,780.00",16.88999052,Canada,Toronto Stock Exchange,CAD,1,CAD
TPZ,TOPAZ ENERGY CORP,Energy,Equity,2024-05-31,"8,120,369.64",0.07,"8,120,369.64","354,292.00",22.91999155,Canada,Toronto Stock Exchange,CAD,1,CAD
SPB,SUPERIOR PLUS CORP,Utilities,Equity,2024-05-31,"8,120,369.64",0.07,"8,120,369.64","863,869.00",9.400001209,Canada,Toronto Stock Exchange,CAD,1,CAD
KMP.UN,KILLAM APARTMENT REIT UNITS CLASS,Real Estate,Equity,2024-05-31,"6,960,316.84",0.06,"6,960,316.84","403,497.00",17.24998411,Canada,Toronto Stock Exchange,CAD,1,CAD
DPM,DUNDEE PRECIOUS METALS INC,Materials,Equity,2024-05-31,"6,960,316.84",0.06,"6,960,316.84","618,695.00",11.24999691,Canada,Toronto Stock Exchange,CAD,1,CAD
CG,CENTERRA GOLD INC,Materials,Equity,2024-05-31,"6,960,316.84",0.06,"6,960,316.84","742,830.00",9.369999648,Canada,Toronto Stock Exchange,CAD,1,CAD
BB,BLACKBERRY LTD,Information Technology,Equity,2024-05-31,"6,960,316.84",0.06,"6,960,316.84","1,831,662.00",3.800000676,Canada,Toronto Stock Exchange,CAD,1,CAD
CIX,CI FINANCIAL CORP,Financials,Equity,2024-05-31,"6,960,316.84",0.06,"6,960,316.84","475,756.00",14.63001378,Canada,Toronto Stock Exchange,CAD,1,CAD
TVE,TAMARACK VALLEY ENERGY LTD,Energy,Equity,2024-05-31,"6,960,316.84",0.06,"6,960,316.84","1,812,583.00",3.839998962,Canada,Toronto Stock Exchange,CAD,1,CAD
RCH,RICHELIEU HARDWARE LTD,Industrials,Equity,2024-05-31,"6,960,316.84",0.06,"6,960,316.84","182,974.00",38.03992282,Canada,Toronto Stock Exchange,CAD,1,CAD
LUG,LUNDIN GOLD INC,Materials,Equity,2024-05-31,"6,960,316.84",0.06,"6,960,316.84","345,768.00",20.13002024,Canada,Toronto Stock Exchange,CAD,1,CAD
LIF,LABRADOR IRON ORE ROYALTY CORP,Materials,Equity,2024-05-31,"6,960,316.84",0.06,"6,960,316.84","230,474.00",30.20000884,Canada,Toronto Stock Exchange,CAD,1,CAD
EIF,EXCHANGE INCOME CORP,Industrials,Equity,2024-05-31,"6,960,316.84",0.06,"6,960,316.84","157,047.00",44.31996051,Canada,Toronto Stock Exchange,CAD,1,CAD
SSL,SANDSTORM GOLD LTD,Materials,Equity,2024-05-31,"6,960,316.84",0.06,"6,960,316.84","905,113.00",7.689997645,Canada,Toronto Stock Exchange,CAD,1,CAD
CJT,CARGOJET INC,Industrials,Equity,2024-05-31,"6,960,316.84",0.06,"6,960,316.84","62,683.00",111.0399445,Canada,Toronto Stock Exchange,CAD,1,CAD
TSU,TRISURA GROUP LTD,Financials,Equity,2024-05-31,"6,960,316.84",0.06,"6,960,316.84","172,584.00",40.33002386,Canada,Toronto Stock Exchange,CAD,1,CAD
AAV,ADVANTAGE ENERGY LTD,Energy,Equity,2024-05-31,"6,960,316.84",0.06,"6,960,316.84","600,545.00",11.59000048,Canada,Toronto Stock Exchange,CAD,1,CAD
TXG,TOREX GOLD RESOURCES INC,Materials,Equity,2024-05-31,"6,960,316.84",0.06,"6,960,316.84","324,490.00",21.45001953,Canada,Toronto Stock Exchange,CAD,1,CAD
FRU,FREEHOLD ROYALTIES LTD,Energy,Equity,2024-05-31,"6,960,316.84",0.06,"6,960,316.84","481,017.00",14.47000176,Canada,Toronto Stock Exchange,CAD,1,CAD
TLRY,TILRAY BRANDS INC,Health Care,Equity,2024-05-31,"6,960,316.84",0.06,"6,960,316.84","2,840,946.00",2.449999697,United States,Toronto Stock Exchange,CAD,1,CAD
KNT,K92 MINING INC,Materials,Equity,2024-05-31,"6,960,316.84",0.06,"6,960,316.84","913,427.00",7.620003392,Canada,Toronto Stock Exchange,CAD,1,CAD
NWC,NORTH WEST COMPANY INC,Consumer Staples,Equity,2024-05-31,"6,960,316.84",0.06,"6,960,316.84","184,869.00",37.64999453,Canada,Toronto Stock Exchange,CAD,1,CAD
SIL,SILVERCREST METALS INC,Materials,Equity,2024-05-31,"6,960,316.84",0.06,"6,960,316.84","570,986.00",12.18999562,Canada,Toronto Stock Exchange,CAD,1,CAD
IIP.UN,INTERRENT REAL ESTATE INVESTMENT T,Real Estate,Equity,2024-05-31,"5,800,264.03",0.05,"5,800,264.03","484,972.00",11.95999776,Canada,Toronto Stock Exchange,CAD,1,CAD
MAG,MAG SILVER CORP,Materials,Equity,2024-05-31,"5,800,264.03",0.05,"5,800,264.03","317,997.00",18.23999607,Canada,Toronto Stock Exchange,CAD,1,CAD
BIR,BIRCHCLIFF ENERGY LTD,Energy,Equity,2024-05-31,"5,800,264.03",0.05,"5,800,264.03","934,020.00",6.20999982,Canada,Toronto Stock Exchange,CAD,1,CAD
WDO,WESDOME GOLD MINES LTD,Materials,Equity,2024-05-31,"5,800,264.03",0.05,"5,800,264.03","521,606.00",11.12001018,Canada,Toronto Stock Exchange,CAD,1,CAD
HWX,HEADWATER EXPLORATION INC,Energy,Equity,2024-05-31,"5,800,264.03",0.05,"5,800,264.03","760,192.00",7.629998779,Canada,Toronto Stock Exchange,CAD,1,CAD
MFI,MAPLE LEAF FOODS INC,Consumer Staples,Equity,2024-05-31,"5,800,264.03",0.05,"5,800,264.03","256,649.00",22.59998688,Canada,Toronto Stock Exchange,CAD,1,CAD
SEA,SEABRIDGE GOLD INC,Materials,Equity,2024-05-31,"5,800,264.03",0.05,"5,800,264.03","268,531.00",21.59997926,Canada,Toronto Stock Exchange,CAD,1,CAD
INE,INNERGEX RENEWABLE ENERGY INC,Utilities,Equity,2024-05-31,"5,800,264.03",0.05,"5,800,264.03","594,289.00",9.760005707,Canada,Toronto Stock Exchange,CAD,1,CAD
IPCO,INTERNATIONAL PETROLEUM CORP,Energy,Equity,2024-05-31,"5,800,264.03",0.05,"5,800,264.03","318,521.00",18.20998939,Canada,Toronto Stock Exchange,CAD,1,CAD
EFR,ENERGY FUELS INC,Energy,Equity,2024-05-31,"5,800,264.03",0.05,"5,800,264.03","613,136.00",9.459995877,Canada,Toronto Stock Exchange,CAD,1,CAD
SSRM,SSR MINING INC,Materials,Equity,2024-05-31,"5,800,264.03",0.05,"5,800,264.03","797,835.00",7.270004489,Canada,Toronto Stock Exchange,CAD,1,CAD
PD,PRECISION DRILLING CORP,Energy,Equity,2024-05-31,"5,800,264.03",0.05,"5,800,264.03","57,162.00",101.4706279,Canada,Toronto Stock Exchange,CAD,1,CAD
BDGI,BADGER INFRASTRUCTURE SOLUTIONS LT,Industrials,Equity,2024-05-31,"4,640,211.23",0.04,"4,640,211.23","113,369.00",40.93015926,Canada,Toronto Stock Exchange,CAD,1,CAD
STLC,STELCO HOLDINGS INC,Materials,Equity,2024-05-31,"4,640,211.23",0.04,"4,640,211.23","113,842.00",40.76009931,Canada,Toronto Stock Exchange,CAD,1,CAD
CRR.UN,CROMBIE REAL ESTATE INVESTMENT TRU,Real Estate,Equity,2024-05-31,"4,640,211.23",0.04,"4,640,211.23","367,687.00",12.6200035,Canada,Toronto Stock Exchange,CAD,1,CAD
USD,USD CASH,Cash and/or Derivatives,Cash,2024-05-31,"4,640,211.23",0.04,"4,640,211.23","34,039.00",136.3204332,United States,,CAD,0.73,USD
WPK,WINPAK LTD,Materials,Equity,2024-05-31,"4,640,211.23",0.04,"4,640,211.23","106,378.00",43.62002694,Canada,Toronto Stock Exchange,CAD,1,CAD
PSI,PASON SYSTEMS INC,Energy,Equity,2024-05-31,"4,640,211.23",0.04,"4,640,211.23","281,395.00",16.49002728,Canada,Toronto Stock Exchange,CAD,1,CAD
NG,NOVAGOLD RESOURCES INC,Materials,Equity,2024-05-31,"4,640,211.23",0.04,"4,640,211.23","860,893.00",5.389997625,Canada,Toronto Stock Exchange,CAD,1,CAD
SII,SPROTT INC,Financials,Equity,2024-05-31,"4,640,211.23",0.04,"4,640,211.23","75,734.00",61.26985535,Canada,Toronto Stock Exchange,CAD,1,CAD
PMZ.UN,PRIMARIS REAL ESTATE INVESTMENT UN,Real Estate,Equity,2024-05-31,"4,640,211.23",0.04,"4,640,211.23","350,205.00",13.24998565,Canada,Toronto Stock Exchange,CAD,1,CAD
CCA,COGECO COMMUNICATIONS SUBORDINATE,Communication,Equity,2024-05-31,"4,640,211.23",0.04,"4,640,211.23","88,706.00",52.31000412,Canada,Toronto Stock Exchange,CAD,1,CAD
OLA,ORLA MINING LTD,Materials,Equity,2024-05-31,"4,640,211.23",0.04,"4,640,211.23","801,418.00",5.790001255,Canada,Toronto Stock Exchange,CAD,1,CAD
BBU.UN,BROOKFIELD BUSINESS PARTNERS UNITS,Industrials,Equity,2024-05-31,"4,640,211.23",0.04,"4,640,211.23","189,319.00",24.51001339,Canada,Toronto Stock Exchange,CAD,1,CAD
ENGH,ENGHOUSE SYSTEMS LTD,Information Technology,Equity,2024-05-31,"4,640,211.23",0.04,"4,640,211.23","169,722.00",27.3400692,Canada,Toronto Stock Exchange,CAD,1,CAD
OSK,OSISKO MINING INC,Materials,Equity,2024-05-31,"4,640,211.23",0.04,"4,640,211.23","1,501,686.00",3.090000989,Canada,Toronto Stock Exchange,CAD,1,CAD
JWEL,JAMIESON WELLNESS INC,Consumer Staples,Equity,2024-05-31,"3,480,158.42",0.03,"3,480,158.42","130,099.00",26.75007816,Canada,Toronto Stock Exchange,CAD,1,CAD
MATR,MATTR CORP,Energy,Equity,2024-05-31,"3,480,158.42",0.03,"3,480,158.42","207,647.00",16.75997447,Canada,Toronto Stock Exchange,CAD,1,CAD
LB,LAURENTIAN BANK OF CANADA,Financials,Equity,2024-05-31,"3,480,158.42",0.03,"3,480,158.42","139,485.00",24.95005498,Canada,Toronto Stock Exchange,CAD,1,CAD
MDA,MDA SPACE LTD,Industrials,Equity,2024-05-31,"3,480,158.42",0.03,"3,480,158.42","295,429.00",11.78001624,Canada,Toronto Stock Exchange,CAD,1,CAD
NWH.UN,NORTHWEST HEALTHCARE PROPERTIES UN,Real Estate,Equity,2024-05-31,"3,480,158.42",0.03,"3,480,158.42","686,422.00",5.069998367,Canada,Toronto Stock Exchange,CAD,1,CAD
MTL,MULLEN GROUP LTD,Industrials,Equity,2024-05-31,"3,480,158.42",0.03,"3,480,158.42","267,499.00",13.00998665,Canada,Toronto Stock Exchange,CAD,1,CAD
SVI,STORAGEVAULT CANADA INC,Real Estate,Equity,2024-05-31,"3,480,158.42",0.03,"3,480,158.42","771,654.00",4.509998547,Canada,Toronto Stock Exchange,CAD,1,CAD
BLDP,BALLARD POWER SYSTEMS INC,Industrials,Equity,2024-05-31,"3,480,158.42",0.03,"3,480,158.42","828,609.00",4.200000747,Canada,Toronto Stock Exchange,CAD,1,CAD
SIA,SIENNA SENIOR LIVING INC,Health Care,Equity,2024-05-31,"3,480,158.42",0.03,"3,480,158.42","242,351.00",14.35999199,Canada,Toronto Stock Exchange,CAD,1,CAD
TOY,SPIN MASTER SUBORDINATE VOTING COR,Consumer Discretionary,Equity,2024-05-31,"3,480,158.42",0.03,"3,480,158.42","119,758.00",29.05992434,Canada,Toronto Stock Exchange,CAD,1,CAD
ASTL,ALGOMA STEEL GROUP INC,Materials,Equity,2024-05-31,"3,480,158.42",0.03,"3,480,158.42","331,760.00",10.489988,Canada,Toronto Stock Exchange,CAD,1,CAD
TCL.A,TRANSCONTINENTAL SUB VOTING INC CL,Materials,Equity,2024-05-31,"3,480,158.42",0.03,"3,480,158.42","254,212.00",13.68998481,Canada,Toronto Stock Exchange,CAD,1,CAD
KEL,KELT EXPLORATION LTD,Energy,Equity,2024-05-31,"3,480,158.42",0.03,"3,480,158.42","552,406.00",6.300001121,Canada,Toronto Stock Exchange,CAD,1,CAD
AOI,AFRICA OIL CORP,Energy,Equity,2024-05-31,"3,480,158.42",0.03,"3,480,158.42","1,333,394.00",2.610000059,Canada,Toronto Stock Exchange,CAD,1,CAD
PET,PET VALU HOLDINGS LTD,Consumer Discretionary,Equity,2024-05-31,"3,480,158.42",0.03,"3,480,158.42","129,470.00",26.88003722,Canada,Toronto Stock Exchange,CAD,1,CAD
CRT.UN,CT REIT UNITS TRUST,Real Estate,Equity,2024-05-31,"3,480,158.42",0.03,"3,480,158.42","256,649.00",13.55999213,Canada,Toronto Stock Exchange,CAD,1,CAD
GOOS,CANADA GOOSE HOLDINGS SUB VOTING I,Consumer Discretionary,Equity,2024-05-31,"3,480,158.42",0.03,"3,480,158.42","176,658.00",19.69997633,Canada,Toronto Stock Exchange,CAD,1,CAD
IFP,INTERFOR CORP,Materials,Equity,2024-05-31,"3,480,158.42",0.03,"3,480,158.42","196,176.00",17.73998052,Canada,Toronto Stock Exchange,CAD,1,CAD
MTY,MTY FOOD GROUP INC,Consumer Discretionary,Equity,2024-05-31,"3,480,158.42",0.03,"3,480,158.42","79,095.00",43.99972715,Canada,Toronto Stock Exchange,CAD,1,CAD
ZZZ,SLEEP COUNTRY CANADA HOLDINGS INC,Consumer Discretionary,Equity,2024-05-31,"3,480,158.42",0.03,"3,480,158.42","135,679.00",25.64994155,Canada,Toronto Stock Exchange,CAD,1,CAD
CFP,CANFOR CORP,Materials,Equity,2024-05-31,"3,480,158.42",0.03,"3,480,158.42","232,320.00",14.98002074,Canada,Toronto Stock Exchange,CAD,1,CAD
WTE,WESTSHORE TERMINALS INVESTMENT COR,Industrials,Equity,2024-05-31,"2,320,105.61",0.02,"2,320,105.61","100,525.00",23.07988672,Canada,Toronto Stock Exchange,CAD,1,CAD
2299955D,CONSTELLATION SOFTWARE INC,Information Technology,Equity,2024-05-31,0,0,0,#DIV/0!,#DIV/0!,Canada,Toronto Stock Exchange,CAD,1,CAD
RY,ROYAL BANK OF CANADA,Financials,Equity,2024-06-28,"750,188,517.07",6.56,"750,188,517.07","5,150,625.00",145.6499972,Canada,Toronto Stock Exchange,CAD,1,CAD
TD,TORONTO DOMINION,Financials,Equity,2024-06-28,"484,877,943.96",4.24,"484,877,943.96","6,447,845.00",75.19999999,Canada,Toronto Stock Exchange,CAD,1,CAD
SHOP,SHOPIFY SUBORDINATE VOTING INC CLA,Information Technology,Equity,2024-06-28,"397,965,859.67",3.48,"397,965,859.67","4,401,790.00",90.41000585,Canada,Toronto Stock Exchange,CAD,1,CAD
CNQ,CANADIAN NATURAL RESOURCES LTD,Energy,Equity,2024-06-28,"380,812,158.82",3.33,"380,812,158.82","7,814,738.00",48.72999694,Canada,Toronto Stock Exchange,CAD,1,CAD
ENB,ENBRIDGE INC,Energy,Equity,2024-06-28,"376,237,838.59",3.29,"376,237,838.59","7,730,385.00",48.67000008,Canada,Toronto Stock Exchange,CAD,1,CAD
CP,CANADIAN PACIFIC KANSAS CITY LTD,Industrials,Equity,2024-06-28,"365,945,618.08",3.2,"365,945,618.08","3,396,562.00",107.7400083,Canada,Toronto Stock Exchange,CAD,1,CAD
CNR,CANADIAN NATIONAL RAILWAY,Industrials,Equity,2024-06-28,"337,356,116.67",2.95,"337,356,116.67","2,086,825.00",161.6599939,Canada,Toronto Stock Exchange,CAD,1,CAD
BMO,BANK OF MONTREAL,Financials,Equity,2024-06-28,"305,335,875.09",2.67,"305,335,875.09","2,659,025.00",114.8300129,Canada,Toronto Stock Exchange,CAD,1,CAD
BN,BROOKFIELD CORP CLASS A,Financials,Equity,2024-06-28,"296,187,234.64",2.59,"296,187,234.64","5,205,400.00",56.89999513,Canada,Toronto Stock Exchange,CAD,1,CAD
CSU,CONSTELLATION SOFTWARE INC,Information Technology,Equity,2024-06-28,"282,464,273.96",2.47,"282,464,273.96","71,657.00",3941.893659,Canada,Toronto Stock Exchange,CAD,1,CAD
BNS,BANK OF NOVA SCOTIA,Financials,Equity,2024-06-28,"280,177,113.85",2.45,"280,177,113.85","4,477,103.00",62.58000181,Canada,Toronto Stock Exchange,CAD,1,CAD
SU,SUNCOR ENERGY INC,Energy,Equity,2024-06-28,"243,582,552.04",2.13,"243,582,552.04","4,670,806.00",52.1500041,Canada,Toronto Stock Exchange,CAD,1,CAD
MFC,MANULIFE FINANCIAL CORP,Financials,Equity,2024-06-28,"237,864,651.75",2.08,"237,864,651.75","6,529,362.00",36.4299991,Canada,Toronto Stock Exchange,CAD,1,CAD
WCN,WASTE CONNECTIONS INC,Industrials,Equity,2024-06-28,"225,285,271.13",1.97,"225,285,271.13","938,571.00",240.0300788,United States,Toronto Stock Exchange,CAD,1,CAD
CM,CANADIAN IMPERIAL BANK OF COMMERCE,Financials,Equity,2024-06-28,"221,854,530.96",1.94,"221,854,530.96","3,410,523.00",65.05000288,Canada,Toronto Stock Exchange,CAD,1,CAD
ATD,ALIMENTATION COUCHE TARD INC,Consumer Staples,Equity,2024-06-28,"203,557,250.06",1.78,"203,557,250.06","2,651,521.00",76.76999355,Canada,Toronto Stock Exchange,CAD,1,CAD
TRP,TC ENERGY CORP,Energy,Equity,2024-06-28,"195,552,189.66",1.71,"195,552,189.66","3,770,771.00",51.86000149,Canada,Toronto Stock Exchange,CAD,1,CAD
AEM,AGNICO EAGLE MINES LTD,Materials,Equity,2024-06-28,"162,388,368.02",1.42,"162,388,368.02","1,814,801.00",89.47998597,Canada,Toronto Stock Exchange,CAD,1,CAD
IFC,INTACT FINANCIAL CORP,Financials,Equity,2024-06-28,"148,665,407.35",1.3,"148,665,407.35","652,013.00",228.0098822,Canada,Toronto Stock Exchange,CAD,1,CAD
BCE,BCE INC,Communication,Equity,2024-06-28,"147,521,827.29",1.29,"147,521,827.29","3,329,312.00",44.31000378,Canada,Toronto Stock Exchange,CAD,1,CAD
ABX,BARRICK GOLD CORP,Materials,Equity,2024-06-28,"146,378,247.23",1.28,"146,378,247.23","6,414,472.00",22.81999941,Canada,Toronto Stock Exchange,CAD,1,CAD
SLF,SUN LIFE FINANCIAL INC,Financials,Equity,2024-06-28,"141,803,927.01",1.24,"141,803,927.01","2,113,952.00",67.0800127,Canada,Toronto Stock Exchange,CAD,1,CAD
NA,NATIONAL BANK OF CANADA,Financials,Equity,2024-06-28,"133,798,866.61",1.17,"133,798,866.61","1,233,056.00",108.5099676,Canada,Toronto Stock Exchange,CAD,1,CAD
CVE,CENOVUS ENERGY INC,Energy,Equity,2024-06-28,"129,224,546.39",1.13,"129,224,546.39","4,805,673.00",26.88999988,Canada,Toronto Stock Exchange,CAD,1,CAD
DOL,DOLLARAMA INC,Consumer Discretionary,Equity,2024-06-28,"126,937,386.27",1.11,"126,937,386.27","1,016,231.00",124.9099725,Canada,Toronto Stock Exchange,CAD,1,CAD
NTR,NUTRIEN LTD,Materials,Equity,2024-06-28,"125,793,806.22",1.1,"125,793,806.22","1,806,085.00",69.64999223,Canada,Toronto Stock Exchange,CAD,1,CAD
FFH,FAIRFAX FINANCIAL HOLDINGS SUB VOT,Financials,Equity,2024-06-28,"124,650,226.16",1.09,"124,650,226.16","80,092.00",1556.338038,Canada,Toronto Stock Exchange,CAD,1,CAD
TRI,THOMSON REUTERS CORP,Industrials,Equity,2024-06-28,"124,650,226.16",1.09,"124,650,226.16","540,524.00",230.6099751,Canada,Toronto Stock Exchange,CAD,1,CAD
WPM,WHEATON PRECIOUS METALS CORP,Materials,Equity,2024-06-28,"118,932,325.88",1.04,"118,932,325.88","1,658,056.00",71.7299813,Canada,Toronto Stock Exchange,CAD,1,CAD
FNV,FRANCO NEVADA CORP,Materials,Equity,2024-06-28,"113,214,425.59",0.99,"113,214,425.59","697,993.00",162.1999441,Canada,Toronto Stock Exchange,CAD,1,CAD
T,TELUS CORP,Communication,Equity,2024-06-28,"110,927,265.48",0.97,"110,927,265.48","5,356,218.00",20.70999826,Canada,Toronto Stock Exchange,CAD,1,CAD
QSR,RESTAURANTS BRANDS INTERNATIONAL I,Consumer Discretionary,Equity,2024-06-28,"110,927,265.48",0.97,"110,927,265.48","1,150,698.00",96.39998113,Canada,Toronto Stock Exchange,CAD,1,CAD
TECK.B,TECK RESOURCES SUBORDINATE VOTING,Materials,Equity,2024-06-28,"109,783,685.43",0.96,"109,783,685.43","1,674,553.00",65.55999447,Canada,Toronto Stock Exchange,CAD,1,CAD
PPL,PEMBINA PIPELINE CORP,Energy,Equity,2024-06-28,"107,496,525.31",0.94,"107,496,525.31","2,117,741.00",50.75999629,Canada,Toronto Stock Exchange,CAD,1,CAD
CCO,CAMECO CORP,Energy,Equity,2024-06-28,"106,352,945.26",0.93,"106,352,945.26","1,580,047.00",67.30998841,Canada,Toronto Stock Exchange,CAD,1,CAD
GIB.A,CGI INC,Information Technology,Equity,2024-06-28,"101,778,625.03",0.89,"101,778,625.03","745,358.00",136.5499868,Canada,Toronto Stock Exchange,CAD,1,CAD
WSP,WSP GLOBAL INC,Industrials,Equity,2024-06-28,"97,204,304.80",0.85,"97,204,304.80","456,294.00",213.0299868,Canada,Toronto Stock Exchange,CAD,1,CAD
FTS,FORTIS INC,Utilities,Equity,2024-06-28,"94,917,144.69",0.83,"94,917,144.69","1,785,164.00",53.16998589,Canada,Toronto Stock Exchange,CAD,1,CAD
L,LOBLAW COMPANIES LTD,Consumer Staples,Equity,2024-06-28,"83,481,344.13",0.73,"83,481,344.13","526,032.00",158.7001249,Canada,Toronto Stock Exchange,CAD,1,CAD
POW,POWER CORPORATION OF CANADA,Financials,Equity,2024-06-28,"75,476,283.73",0.66,"75,476,283.73","1,985,173.00",38.02000316,Canada,Toronto Stock Exchange,CAD,1,CAD
TOU,TOURMALINE OIL CORP,Energy,Equity,2024-06-28,"74,332,703.67",0.65,"74,332,703.67","1,197,948.00",62.05002527,Canada,Toronto Stock Exchange,CAD,1,CAD
BAM,BROOKFIELD ASSET MANAGEMENT VOTING,Financials,Equity,2024-06-28,"70,901,963.50",0.62,"70,901,963.50","1,361,405.00",52.07999347,Canada,Toronto Stock Exchange,CAD,1,CAD
RCI.B,ROGERS COMMUNICATIONS NON-VOTING I,Communication,Equity,2024-06-28,"68,614,803.39",0.6,"68,614,803.39","1,356,024.00",50.59999188,Canada,Toronto Stock Exchange,CAD,1,CAD
BIP.UN,BROOKFIELD INFRASTRUCTURE PARTNERS,Utilities,Equity,2024-06-28,"62,896,903.11",0.55,"62,896,903.11","1,673,680.00",37.5800052,Bermuda,Toronto Stock Exchange,CAD,1,CAD
MRU,METRO INC,Consumer Staples,Equity,2024-06-28,"62,896,903.11",0.55,"62,896,903.11","829,884.00",75.78999367,Canada,Toronto Stock Exchange,CAD,1,CAD
TFII,TFI INTERNATIONAL INC,Industrials,Equity,2024-06-28,"57,179,002.83",0.5,"57,179,002.83","287,852.00",198.6402833,Canada,Toronto Stock Exchange,CAD,1,CAD
MG,MAGNA INTERNATIONAL INC,Consumer Discretionary,Equity,2024-06-28,"56,035,422.77",0.49,"56,035,422.77","977,248.00",57.34002297,Canada,Toronto Stock Exchange,CAD,1,CAD
IMO,IMPERIAL OIL LTD,Energy,Equity,2024-06-28,"54,891,842.71",0.48,"54,891,842.71","588,463.00",93.28002391,Canada,Toronto Stock Exchange,CAD,1,CAD
ARX,ARC RESOURCES LTD,Energy,Equity,2024-06-28,"52,604,682.60",0.46,"52,604,682.60","2,155,046.00",24.41000452,Canada,Toronto Stock Exchange,CAD,1,CAD
K,KINROSS GOLD CORP,Materials,Equity,2024-06-28,"51,461,102.54",0.45,"51,461,102.54","4,518,095.00",11.39000011,Canada,Toronto Stock Exchange,CAD,1,CAD
EMA,EMERA INC,Utilities,Equity,2024-06-28,"48,030,362.37",0.42,"48,030,362.37","1,052,144.00",45.64998933,Canada,Toronto Stock Exchange,CAD,1,CAD
STN,STANTEC INC,Industrials,Equity,2024-06-28,"48,030,362.37",0.42,"48,030,362.37","419,369.00",114.5300735,Canada,Toronto Stock Exchange,CAD,1,CAD
FM,FIRST QUANTUM MINERALS LTD,Materials,Equity,2024-06-28,"45,743,202.26",0.4,"45,743,202.26","2,545,532.00",17.96999694,Canada,Toronto Stock Exchange,CAD,1,CAD
H,HYDRO ONE LTD,Utilities,Equity,2024-06-28,"45,743,202.26",0.4,"45,743,202.26","1,147,885.00",39.84998694,Canada,Toronto Stock Exchange,CAD,1,CAD
GFL,GFL ENVIRONMENTAL SUBORDINATE VOTI,Industrials,Equity,2024-06-28,"43,456,042.15",0.38,"43,456,042.15","815,616.00",53.28002657,Canada,Toronto Stock Exchange,CAD,1,CAD
WN,GEORGE WESTON LTD,Consumer Staples,Equity,2024-06-28,"42,312,462.09",0.37,"42,312,462.09","215,013.00",196.7902503,Canada,Toronto Stock Exchange,CAD,1,CAD
DSG,DESCARTES SYSTEMS GROUP INC,Information Technology,Equity,2024-06-28,"41,168,882.03",0.36,"41,168,882.03","310,591.00",132.5501448,Canada,Toronto Stock Exchange,CAD,1,CAD
OTEX,OPEN TEXT CORP,Information Technology,Equity,2024-06-28,"41,168,882.03",0.36,"41,168,882.03","1,002,164.00",41.07998495,Canada,Toronto Stock Exchange,CAD,1,CAD
GWO,GREAT WEST LIFECO INC,Financials,Equity,2024-06-28,"38,881,721.92",0.34,"38,881,721.92","974,235.00",39.91000315,Canada,Toronto Stock Exchange,CAD,1,CAD
X,TMX GROUP LTD,Financials,Equity,2024-06-28,"38,881,721.92",0.34,"38,881,721.92","1,021,054.00",38.0799859,Canada,Toronto Stock Exchange,CAD,1,CAD
IVN,IVANHOE MINES LTD CLASS A,Materials,Equity,2024-06-28,"38,881,721.92",0.34,"38,881,721.92","2,202,930.00",17.65000337,Canada,Toronto Stock Exchange,CAD,1,CAD
CCL.B,CCL INDUSTRIES INC CLASS B,Materials,Equity,2024-06-28,"37,738,141.86",0.33,"37,738,141.86","524,578.00",71.94000104,Canada,Toronto Stock Exchange,CAD,1,CAD
ATRL,ATKINSREALIS GROUP INC,Industrials,Equity,2024-06-28,"37,738,141.86",0.33,"37,738,141.86","637,253.00",59.22003014,Canada,Toronto Stock Exchange,CAD,1,CAD
LUN,LUNDIN MINING CORP,Materials,Equity,2024-06-28,"36,594,561.81",0.32,"36,594,561.81","2,402,795.00",15.22999749,Canada,Toronto Stock Exchange,CAD,1,CAD
TIH,TOROMONT INDUSTRIES LTD,Industrials,Equity,2024-06-28,"36,594,561.81",0.32,"36,594,561.81","302,110.00",121.1299256,Canada,Toronto Stock Exchange,CAD,1,CAD
PAAS,PAN AMERICAN SILVER CORP,Materials,Equity,2024-06-28,"35,450,981.75",0.31,"35,450,981.75","1,303,824.00",27.19000552,Canada,Toronto Stock Exchange,CAD,1,CAD
EFN,ELEMENT FLEET MANAGEMENT CORP,Industrials,Equity,2024-06-28,"35,450,981.75",0.31,"35,450,981.75","1,424,306.00",24.8900038,Canada,Toronto Stock Exchange,CAD,1,CAD
CLS,CELESTICA INC,Information Technology,Equity,2024-06-28,"34,307,401.70",0.3,"34,307,401.70","437,930.00",78.33992121,Canada,Toronto Stock Exchange,CAD,1,CAD
CAD,CAD CASH,Cash and/or Derivatives,Cash,2024-06-28,"33,163,821.64",0.29,"33,163,821.64","331,638.00",100.0000652,Canada,,CAD,1,CAD
ALA,ALTAGAS LTD,Utilities,Equity,2024-06-28,"33,163,821.64",0.29,"33,163,821.64","1,072,916.00",30.90998889,Canada,Toronto Stock Exchange,CAD,1,CAD
GIL,GILDAN ACTIVEWEAR INC,Consumer Discretionary,Equity,2024-06-28,"32,020,241.58",0.28,"32,020,241.58","617,079.00",51.89001989,Canada,Toronto Stock Exchange,CAD,1,CAD
KEY,KEYERA CORP,Energy,Equity,2024-06-28,"32,020,241.58",0.28,"32,020,241.58","845,084.00",37.89001044,Canada,Toronto Stock Exchange,CAD,1,CAD
FSV,FIRSTSERVICE SUBORDINATE VOTING CO,Real Estate,Equity,2024-06-28,"30,876,661.53",0.27,"30,876,661.53","148,303.00",208.1998444,Canada,Toronto Stock Exchange,CAD,1,CAD
AGI,ALAMOS GOLD INC CLASS A,Materials,Equity,2024-06-28,"30,876,661.53",0.27,"30,876,661.53","1,438,801.00",21.45999449,Canada,Toronto Stock Exchange,CAD,1,CAD
IAG,IA FINANCIAL INC,Financials,Equity,2024-06-28,"30,876,661.53",0.27,"30,876,661.53","359,407.00",85.91001713,Canada,Toronto Stock Exchange,CAD,1,CAD
CAE,CAE INC,Industrials,Equity,2024-06-28,"29,733,081.47",0.26,"29,733,081.47","1,170,133.00",25.41000166,Canada,Toronto Stock Exchange,CAD,1,CAD
MEG,MEG ENERGY CORP,Energy,Equity,2024-06-28,"28,589,501.41",0.25,"28,589,501.41","976,751.00",29.26999963,Canada,Toronto Stock Exchange,CAD,1,CAD
SAP,SAPUTO INC,Consumer Staples,Equity,2024-06-28,"27,445,921.36",0.24,"27,445,921.36","893,422.00",30.71999722,Canada,Toronto Stock Exchange,CAD,1,CAD
BBD.B,BOMBARDIER INC CLASS B,Industrials,Equity,2024-06-28,"27,445,921.36",0.24,"27,445,921.36","312,845.00",87.73009432,Canada,Toronto Stock Exchange,CAD,1,CAD
CAR.UN,CANADIAN APARTMENT PROPERTIES REAL,Real Estate,Equity,2024-06-28,"27,445,921.36",0.24,"27,445,921.36","617,456.00",44.45000349,Canada,Toronto Stock Exchange,CAD,1,CAD
BEP.UN,BROOKFIELD RENEWABLE PARTNERS NON,Utilities,Equity,2024-06-28,"26,302,341.30",0.23,"26,302,341.30","777,026.00",33.85001441,Bermuda,Toronto Stock Exchange,CAD,1,CAD
CTC.A,CANADIAN TIRE LTD CLASS A,Consumer Discretionary,Equity,2024-06-28,"26,302,341.30",0.23,"26,302,341.30","193,770.00",135.7400077,Canada,Toronto Stock Exchange,CAD,1,CAD
CIGI,COLLIERS INTERNATIONAL GROUP SUBOR,Real Estate,Equity,2024-06-28,"22,871,601.13",0.2,"22,871,601.13","149,713.00",152.7696401,Canada,Toronto Stock Exchange,CAD,1,CAD
VRN,VEREN INC,Energy,Equity,2024-06-28,"22,871,601.13",0.2,"22,871,601.13","2,119,704.00",10.78999763,Canada,Toronto Stock Exchange,CAD,1,CAD
ONEX,ONEX CORP,Financials,Equity,2024-06-28,"21,728,021.07",0.19,"21,728,021.07","233,584.00",93.02016009,Canada,Toronto Stock Exchange,CAD,1,CAD
AC,AIR CANADA VOTING AND VARIABLE VOT,Industrials,Equity,2024-06-28,"21,728,021.07",0.19,"21,728,021.07","1,213,856.00",17.89999891,Canada,Toronto Stock Exchange,CAD,1,CAD
NPI,NORTHLAND POWER INC,Utilities,Equity,2024-06-28,"21,728,021.07",0.19,"21,728,021.07","923,810.00",23.52001069,Canada,Toronto Stock Exchange,CAD,1,CAD
WFG,WEST FRASER TIMBER LTD,Materials,Equity,2024-06-28,"21,728,021.07",0.19,"21,728,021.07","206,796.00",105.0698325,Canada,Toronto Stock Exchange,CAD,1,CAD
WCP,WHITECAP RESOURCES INC,Energy,Equity,2024-06-28,"21,728,021.07",0.19,"21,728,021.07","2,170,631.00",10.01000219,Canada,Toronto Stock Exchange,CAD,1,CAD
FTT,FINNING INTERNATIONAL INC,Industrials,Equity,2024-06-28,"20,584,441.02",0.18,"20,584,441.02","513,200.00",40.1099786,Canada,Toronto Stock Exchange,CAD,1,CAD
AQN,ALGONQUIN POWER UTILITIES CORP,Utilities,Equity,2024-06-28,"20,584,441.02",0.18,"20,584,441.02","2,560,254.00",8.039999554,Canada,Toronto Stock Exchange,CAD,1,CAD
PSK,PRAIRIESKY ROYALTY LTD,Energy,Equity,2024-06-28,"20,584,441.02",0.18,"20,584,441.02","791,709.00",26.00000886,Canada,Toronto Stock Exchange,CAD,1,CAD
BYD,BOYD GROUP INCOME INC,Industrials,Equity,2024-06-28,"20,584,441.02",0.18,"20,584,441.02","80,104.00",256.9714498,Canada,Toronto Stock Exchange,CAD,1,CAD
PKI,PARKLAND CORP,Energy,Equity,2024-06-28,"19,440,860.96",0.17,"19,440,860.96","506,932.00",38.35003701,Canada,Toronto Stock Exchange,CAD,1,CAD
CS,CAPSTONE COPPER CORP,Materials,Equity,2024-06-28,"19,440,860.96",0.17,"19,440,860.96","2,004,212.00",9.700002276,Canada,Toronto Stock Exchange,CAD,1,CAD
CPX,CAPITAL POWER CORP,Utilities,Equity,2024-06-28,"18,297,280.90",0.16,"18,297,280.90","469,281.00",38.99003135,Canada,Toronto Stock Exchange,CAD,1,CAD
REI.UN,RIOCAN REAL ESTATE INVESTMENT TRUS,Real Estate,Equity,2024-06-28,"18,297,280.90",0.16,"18,297,280.90","1,088,476.00",16.8099994,Canada,Toronto Stock Exchange,CAD,1,CAD
EMP.A,EMPIRE LTD CLASS A,Consumer Staples,Equity,2024-06-28,"18,297,280.90",0.16,"18,297,280.90","523,228.00",34.96999569,Canada,Toronto Stock Exchange,CAD,1,CAD
BTO,B2GOLD CORP,Materials,Equity,2024-06-28,"17,153,700.85",0.15,"17,153,700.85","4,674,033.00",3.669999944,Canada,Toronto Stock Exchange,CAD,1,CAD
PRMW,PRIMO WATER CORP,Consumer Staples,Equity,2024-06-28,"17,153,700.85",0.15,"17,153,700.85","573,702.00",29.90001926,Canada,Toronto Stock Exchange,CAD,1,CAD
HBM,HUDBAY MINERALS INC,Materials,Equity,2024-06-28,"17,153,700.85",0.15,"17,153,700.85","1,385,598.00",12.37999827,Canada,Toronto Stock Exchange,CAD,1,CAD
KXS,KINAXIS INC,Information Technology,Equity,2024-06-28,"16,010,120.79",0.14,"16,010,120.79","101,484.00",157.7600488,Canada,Toronto Stock Exchange,CAD,1,CAD
MX,METHANEX CORP,Materials,Equity,2024-06-28,"16,010,120.79",0.14,"16,010,120.79","242,394.00",66.049988,Canada,Toronto Stock Exchange,CAD,1,CAD
QBR.B,QUEBECOR INC CLASS B,Communication,Equity,2024-06-28,"16,010,120.79",0.14,"16,010,120.79","554,559.00",28.87000444,Canada,Toronto Stock Exchange,CAD,1,CAD
SJ,STELLA JONES INC,Materials,Equity,2024-06-28,"16,010,120.79",0.14,"16,010,120.79","179,345.00",89.26995897,Canada,Toronto Stock Exchange,CAD,1,CAD
NXE,NEXGEN ENERGY LTD,Energy,Equity,2024-06-28,"16,010,120.79",0.14,"16,010,120.79","1,678,210.00",9.539998445,Canada,Toronto Stock Exchange,CAD,1,CAD
GRT.UN,GRANITE REAL ESTATE INVESTMENT STA,Real Estate,Equity,2024-06-28,"16,010,120.79",0.14,"16,010,120.79","236,172.00",67.79008854,Canada,Toronto Stock Exchange,CAD,1,CAD
CWB,CANADIAN WESTERN BANK,Financials,Equity,2024-06-28,"14,866,540.73",0.13,"14,866,540.73","342,705.00",43.37999368,Canada,Toronto Stock Exchange,CAD,1,CAD
ELD,ELDORADO GOLD CORP,Materials,Equity,2024-06-28,"14,866,540.73",0.13,"14,866,540.73","735,603.00",20.21000558,Canada,Toronto Stock Exchange,CAD,1,CAD
OR,OSISKO GOLD ROYALTIES LTD,Materials,Equity,2024-06-28,"14,866,540.73",0.13,"14,866,540.73","697,305.00",21.31999732,Canada,Toronto Stock Exchange,CAD,1,CAD
GEI,GIBSON ENERGY INC,Energy,Equity,2024-06-28,"13,722,960.68",0.12,"13,722,960.68","590,235.00",23.2499948,Canada,Toronto Stock Exchange,CAD,1,CAD
CU,CANADIAN UTILITIES LTD CLASS A,Utilities,Equity,2024-06-28,"13,722,960.68",0.12,"13,722,960.68","464,398.00",29.54999952,Canada,Toronto Stock Exchange,CAD,1,CAD
DFY,DEFINITY FINANCIAL CORP,Financials,Equity,2024-06-28,"12,579,380.62",0.11,"12,579,380.62","279,666.00",44.98001409,Canada,Toronto Stock Exchange,CAD,1,CAD
ATS,ATS CORP,Industrials,Equity,2024-06-28,"12,579,380.62",0.11,"12,579,380.62","284,151.00",44.27005579,Canada,Toronto Stock Exchange,CAD,1,CAD
ATZ,ARITZIA SUBORDINATE VOTING INC,Consumer Discretionary,Equity,2024-06-28,"12,579,380.62",0.11,"12,579,380.62","324,881.00",38.71996399,Canada,Toronto Stock Exchange,CAD,1,CAD
DIR.UN,DREAM Industrials REAL ESTATE INVES,Real Estate,Equity,2024-06-28,"12,579,380.62",0.11,"12,579,380.62","992,848.00",12.66999644,Canada,Toronto Stock Exchange,CAD,1,CAD
CHP.UN,CHOICE PROPERTIES REAL ESTATE INVE,Real Estate,Equity,2024-06-28,"12,579,380.62",0.11,"12,579,380.62","979,703.00",12.83999398,Canada,Toronto Stock Exchange,CAD,1,CAD
PBH,PREMIUM BRANDS HOLDINGS CORP,Consumer Staples,Equity,2024-06-28,"12,579,380.62",0.11,"12,579,380.62","133,497.00",94.22968772,Canada,Toronto Stock Exchange,CAD,1,CAD
DOO,BRP SUBORDINATE VOTING INC,Consumer Discretionary,Equity,2024-06-28,"11,435,800.57",0.1,"11,435,800.57","130,471.00",87.65013348,Canada,Toronto Stock Exchange,CAD,1,CAD
FCR.UN,FIRST CAPITAL REALTY REAL ESTATE I,Real Estate,Equity,2024-06-28,"11,435,800.57",0.1,"11,435,800.57","777,946.00",14.69999276,Canada,Toronto Stock Exchange,CAD,1,CAD
CSH.UN,CHARTWELL RETIREMENT RESIDENCES RE,Health Care,Equity,2024-06-28,"11,435,800.57",0.1,"11,435,800.57","889,946.00",12.84999378,Canada,Toronto Stock Exchange,CAD,1,CAD
BTE,BAYTEX ENERGY CORP,Energy,Equity,2024-06-28,"11,435,800.57",0.1,"11,435,800.57","2,412,616.00",4.740000301,Canada,Toronto Stock Exchange,CAD,1,CAD
IGM,IGM FINANCIAL INC,Financials,Equity,2024-06-28,"11,435,800.57",0.1,"11,435,800.57","302,775.00",37.76996306,Canada,Toronto Stock Exchange,CAD,1,CAD
BLX,BORALEX INC CLASS A,Utilities,Equity,2024-06-28,"11,435,800.57",0.1,"11,435,800.57","341,265.00",33.51003052,Canada,Toronto Stock Exchange,CAD,1,CAD
ATH,ATHABASCA OIL CORP,Energy,Equity,2024-06-28,"10,292,220.51",0.09,"10,292,220.51","1,986,915.00",5.180000407,Canada,Toronto Stock Exchange,CAD,1,CAD
BEI.UN,BOARDWALK REAL ESTATE INVESTMENT T,Real Estate,Equity,2024-06-28,"10,292,220.51",0.09,"10,292,220.51","146,030.00",70.48017879,Canada,Toronto Stock Exchange,CAD,1,CAD
ACO.X,ATCO LTD CLASS I,Utilities,Equity,2024-06-28,"10,292,220.51",0.09,"10,292,220.51","264,106.00",38.97003668,Canada,Toronto Stock Exchange,CAD,1,CAD
BHC,BAUSCH HEALTH COMPANIES INC,Health Care,Equity,2024-06-28,"10,292,220.51",0.09,"10,292,220.51","1,078,849.00",9.540000972,Canada,Toronto Stock Exchange,CAD,1,CAD
SRU.UN,SMARTCENTRES RL ESTATE INVESTMENT,Real Estate,Equity,2024-06-28,"10,292,220.51",0.09,"10,292,220.51","468,041.00",21.98999769,Canada,Toronto Stock Exchange,CAD,1,CAD
PEY,PEYTO EXPLORATION & DEVELOPMENT CO,Energy,Equity,2024-06-28,"10,292,220.51",0.09,"10,292,220.51","705,914.00",14.57999205,Canada,Toronto Stock Exchange,CAD,1,CAD
IMG,IAMGOLD CORP,Materials,Equity,2024-06-28,"10,292,220.51",0.09,"10,292,220.51","2,002,378.00",5.139998796,Canada,Toronto Stock Exchange,CAD,1,CAD
NVEI,NUVEI SUBORDINATE VOTING CORP,Financials,Equity,2024-06-28,"10,292,220.51",0.09,"10,292,220.51","232,278.00",44.30992392,Canada,Toronto Stock Exchange,CAD,1,CAD
LNR,LINAMAR CORP,Consumer Discretionary,Equity,2024-06-28,"10,292,220.51",0.09,"10,292,220.51","154,794.00",66.48978971,Canada,Toronto Stock Exchange,CAD,1,CAD
ERO,ERO COPPER CORP,Materials,Equity,2024-06-28,"9,148,640.45",0.08,"9,148,640.45","312,881.00",29.24000004,Canada,Toronto Stock Exchange,CAD,1,CAD
LSPD,LIGHTSPEED COMMERCE INC,Information Technology,Equity,2024-06-28,"9,148,640.45",0.08,"9,148,640.45","489,232.00",18.70000419,Canada,Toronto Stock Exchange,CAD,1,CAD
GSY,GOEASY LTD,Financials,Equity,2024-06-28,"9,148,640.45",0.08,"9,148,640.45","46,412.00",197.1179965,Canada,Toronto Stock Exchange,CAD,1,CAD
EQB,EQB INC,Financials,Equity,2024-06-28,"9,148,640.45",0.08,"9,148,640.45","98,119.00",93.24025369,Canada,Toronto Stock Exchange,CAD,1,CAD
EQX,EQUINOX GOLD CORP,Materials,Equity,2024-06-28,"9,148,640.45",0.08,"9,148,640.45","1,281,322.00",7.140001071,Canada,Toronto Stock Exchange,CAD,1,CAD
TA,TRANSALTA CORP,Utilities,Equity,2024-06-28,"9,148,640.45",0.08,"9,148,640.45","943,159.00",9.699998041,Canada,Toronto Stock Exchange,CAD,1,CAD
VET,VERMILION ENERGY INC,Energy,Equity,2024-06-28,"9,148,640.45",0.08,"9,148,640.45","607,479.00",15.06001105,Canada,Toronto Stock Exchange,CAD,1,CAD
POU,PARAMOUNT RESOURCE LTD CLASS A,Energy,Equity,2024-06-28,"9,148,640.45",0.08,"9,148,640.45","294,358.00",31.07997898,Canada,Toronto Stock Exchange,CAD,1,CAD
SES,SECURE ENERGY SERVICES INC,Energy,Equity,2024-06-28,"9,148,640.45",0.08,"9,148,640.45","755,462.00",12.10999422,Canada,Toronto Stock Exchange,CAD,1,CAD
CJT,CARGOJET INC,Industrials,Equity,2024-06-28,"9,148,640.45",0.08,"9,148,640.45","65,347.00",140.0009251,Canada,Toronto Stock Exchange,CAD,1,CAD
AG,FIRST MAJESTIC SILVER CORP,Materials,Equity,2024-06-28,"8,005,060.40",0.07,"8,005,060.40","988,279.00",8.100000501,Canada,Toronto Stock Exchange,CAD,1,CAD
AIF,ALTUS GROUP LTD,Real Estate,Equity,2024-06-28,"8,005,060.40",0.07,"8,005,060.40","158,453.00",50.52009363,Canada,Toronto Stock Exchange,CAD,1,CAD
HR.UN,H&R REAL ESTATE INVESTMENT TRUST,Real Estate,Equity,2024-06-28,"8,005,060.40",0.07,"8,005,060.40","894,420.00",8.95000156,Canada,Toronto Stock Exchange,CAD,1,CAD
NVA,NUVISTA ENERGY LTD,Energy,Equity,2024-06-28,"8,005,060.40",0.07,"8,005,060.40","562,944.00",14.21999417,Canada,Toronto Stock Exchange,CAD,1,CAD
DML,DENISON MINES CORP,Energy,Equity,2024-06-28,"8,005,060.40",0.07,"8,005,060.40","2,921,555.00",2.739999896,Canada,Toronto Stock Exchange,CAD,1,CAD
PXT,PAREX RESOURCES INC,Energy,Equity,2024-06-28,"8,005,060.40",0.07,"8,005,060.40","365,194.00",21.92002168,Canada,Toronto Stock Exchange,CAD,1,CAD
OGC,OCEANAGOLD CORPORATION CORP,Materials,Equity,2024-06-28,"8,005,060.40",0.07,"8,005,060.40","2,549,382.00",3.140000359,Canada,Toronto Stock Exchange,CAD,1,CAD
RUS,RUSSEL METALS INC,Industrials,Equity,2024-06-28,"8,005,060.40",0.07,"8,005,060.40","214,786.00",37.26993564,Canada,Toronto Stock Exchange,CAD,1,CAD
TPZ,TOPAZ ENERGY CORP,Energy,Equity,2024-06-28,"8,005,060.40",0.07,"8,005,060.40","333,544.00",24.00001318,Canada,Toronto Stock Exchange,CAD,1,CAD
FIL,FILO CORP,Materials,Equity,2024-06-28,"8,005,060.40",0.07,"8,005,060.40","319,181.00",25.08000287,Canada,Toronto Stock Exchange,CAD,1,CAD
NGD,NEW GOLD INC,Materials,Equity,2024-06-28,"8,005,060.40",0.07,"8,005,060.40","2,964,837.00",2.700000167,Canada,Toronto Stock Exchange,CAD,1,CAD
RCH,RICHELIEU HARDWARE LTD,Industrials,Equity,2024-06-28,"8,005,060.40",0.07,"8,005,060.40","194,345.00",41.18994775,Canada,Toronto Stock Exchange,CAD,1,CAD
FVI,FORTUNA MINING CORP,Materials,Equity,2024-06-28,"8,005,060.40",0.07,"8,005,060.40","1,196,571.00",6.690000339,Canada,Toronto Stock Exchange,CAD,1,CAD
KMP.UN,KILLAM APARTMENT REIT UNITS CLASS,Real Estate,Equity,2024-06-28,"6,861,480.34",0.06,"6,861,480.34","402,669.00",17.04000144,Canada,Toronto Stock Exchange,CAD,1,CAD
NWC,NORTH WEST COMPANY INC,Consumer Staples,Equity,2024-06-28,"6,861,480.34",0.06,"6,861,480.34","165,576.00",41.44006583,Canada,Toronto Stock Exchange,CAD,1,CAD
EIF,EXCHANGE INCOME CORP,Industrials,Equity,2024-06-28,"6,861,480.34",0.06,"6,861,480.34","151,736.00",45.21985777,Canada,Toronto Stock Exchange,CAD,1,CAD
LUG,LUNDIN GOLD INC,Materials,Equity,2024-06-28,"6,861,480.34",0.06,"6,861,480.34","339,509.00",20.21001016,Canada,Toronto Stock Exchange,CAD,1,CAD
CG,CENTERRA GOLD INC,Materials,Equity,2024-06-28,"6,861,480.34",0.06,"6,861,480.34","745,813.00",9.200000991,Canada,Toronto Stock Exchange,CAD,1,CAD
TSU,TRISURA GROUP LTD,Financials,Equity,2024-06-28,"6,861,480.34",0.06,"6,861,480.34","165,816.00",41.38008599,Canada,Toronto Stock Exchange,CAD,1,CAD
SPB,SUPERIOR PLUS CORP,Utilities,Equity,2024-06-28,"6,861,480.34",0.06,"6,861,480.34","773,560.00",8.870004058,Canada,Toronto Stock Exchange,CAD,1,CAD
AP.UN,ALLIED PROPERTIES REAL ESTATE INVT,Real Estate,Equity,2024-06-28,"6,861,480.34",0.06,"6,861,480.34","448,170.00",15.30999473,Canada,Toronto Stock Exchange,CAD,1,CAD
DPM,DUNDEE PRECIOUS METALS INC,Materials,Equity,2024-06-28,"6,861,480.34",0.06,"6,861,480.34","640,661.00",10.71000161,Canada,Toronto Stock Exchange,CAD,1,CAD
CIX,CI FINANCIAL CORP,Financials,Equity,2024-06-28,"6,861,480.34",0.06,"6,861,480.34","476,492.00",14.39999064,Canada,Toronto Stock Exchange,CAD,1,CAD
TVE,TAMARACK VALLEY ENERGY LTD,Energy,Equity,2024-06-28,"6,861,480.34",0.06,"6,861,480.34","1,839,539.00",3.729999929,Canada,Toronto Stock Exchange,CAD,1,CAD
USD,USD CASH,Cash and/or Derivatives,Cash,2024-06-28,"6,861,480.34",0.06,"6,861,480.34","50,146.00",136.830063,United States,,CAD,0.73,USD
LIF,LABRADOR IRON ORE ROYALTY CORP,Materials,Equity,2024-06-28,"6,861,480.34",0.06,"6,861,480.34","235,790.00",29.09996327,Canada,Toronto Stock Exchange,CAD,1,CAD
TLRY,TILRAY BRANDS INC,Health Care,Equity,2024-06-28,"6,861,480.34",0.06,"6,861,480.34","3,022,679.00",2.269999672,United States,Toronto Stock Exchange,CAD,1,CAD
SSL,SANDSTORM GOLD LTD,Materials,Equity,2024-06-28,"6,861,480.34",0.06,"6,861,480.34","922,242.00",7.439999847,Canada,Toronto Stock Exchange,CAD,1,CAD
TXG,TOREX GOLD RESOURCES INC,Materials,Equity,2024-06-28,"6,861,480.34",0.06,"6,861,480.34","323,655.00",21.19998251,Canada,Toronto Stock Exchange,CAD,1,CAD
KNT,K92 MINING INC,Materials,Equity,2024-06-28,"6,861,480.34",0.06,"6,861,480.34","874,074.00",7.849999358,Canada,Toronto Stock Exchange,CAD,1,CAD
CEU,CES ENERGY SOLUTIONS CORP,Energy,Equity,2024-06-28,"6,861,480.34",0.06,"6,861,480.34","891,101.00",7.700002962,Canada,Toronto Stock Exchange,CAD,1,CAD
BB,BLACKBERRY LTD,Information Technology,Equity,2024-06-28,"6,861,480.34",0.06,"6,861,480.34","2,006,281.00",3.419999661,Canada,Toronto Stock Exchange,CAD,1,CAD
IIP.UN,INTERRENT REAL ESTATE INVESTMENT T,Real Estate,Equity,2024-06-28,"6,861,480.34",0.06,"6,861,480.34","576,111.00",11.9099971,Canada,Toronto Stock Exchange,CAD,1,CAD
FRU,FREEHOLD ROYALTIES LTD,Energy,Equity,2024-06-28,"5,717,900.28",0.05,"5,717,900.28","419,816.00",13.62001516,Canada,Toronto Stock Exchange,CAD,1,CAD
AAV,ADVANTAGE ENERGY LTD,Energy,Equity,2024-06-28,"5,717,900.28",0.05,"5,717,900.28","550,857.00",10.38000839,Canada,Toronto Stock Exchange,CAD,1,CAD
MFI,MAPLE LEAF FOODS INC,Consumer Staples,Equity,2024-06-28,"5,717,900.28",0.05,"5,717,900.28","249,472.00",22.92000819,Canada,Toronto Stock Exchange,CAD,1,CAD
SIL,SILVERCREST METALS INC,Materials,Equity,2024-06-28,"5,717,900.28",0.05,"5,717,900.28","511,440.00",11.18000212,Canada,Toronto Stock Exchange,CAD,1,CAD
WDO,WESDOME GOLD MINES LTD,Materials,Equity,2024-06-28,"5,717,900.28",0.05,"5,717,900.28","518,866.00",11.01999415,Canada,Toronto Stock Exchange,CAD,1,CAD
BIR,BIRCHCLIFF ENERGY LTD,Energy,Equity,2024-06-28,"5,717,900.28",0.05,"5,717,900.28","951,398.00",6.009998216,Canada,Toronto Stock Exchange,CAD,1,CAD
INE,INNERGEX RENEWABLE ENERGY INC,Utilities,Equity,2024-06-28,"5,717,900.28",0.05,"5,717,900.28","558,935.00",10.22999147,Canada,Toronto Stock Exchange,CAD,1,CAD
HWX,HEADWATER EXPLORATION INC,Energy,Equity,2024-06-28,"5,717,900.28",0.05,"5,717,900.28","788,676.00",7.24999909,Canada,Toronto Stock Exchange,CAD,1,CAD
AYA,AYA GOLD & SILVER INC,Materials,Equity,2024-06-28,"5,717,900.28",0.05,"5,717,900.28","421,053.00",13.58000129,Canada,Toronto Stock Exchange,CAD,1,CAD
MAG,MAG SILVER CORP,Materials,Equity,2024-06-28,"5,717,900.28",0.05,"5,717,900.28","357,816.00",15.98000168,Canada,Toronto Stock Exchange,CAD,1,CAD
IPCO,INTERNATIONAL PETROLEUM CORP,Energy,Equity,2024-06-28,"5,717,900.28",0.05,"5,717,900.28","315,906.00",18.10000533,Canada,Toronto Stock Exchange,CAD,1,CAD
PSI,PASON SYSTEMS INC,Energy,Equity,2024-06-28,"5,717,900.28",0.05,"5,717,900.28","310,250.00",18.42997674,Canada,Toronto Stock Exchange,CAD,1,CAD
BDGI,BADGER INFRASTRUCTURE SOLUTIONS LT,Industrials,Equity,2024-06-28,"4,574,320.23",0.04,"4,574,320.23","111,054.00",41.19005372,Canada,Toronto Stock Exchange,CAD,1,CAD
PD,PRECISION DRILLING CORP,Energy,Equity,2024-06-28,"4,574,320.23",0.04,"4,574,320.23","47,550.00",96.20021506,Canada,Toronto Stock Exchange,CAD,1,CAD
CRR.UN,CROMBIE REAL ESTATE INVESTMENT TRU,Real Estate,Equity,2024-06-28,"4,574,320.23",0.04,"4,574,320.23","358,770.00",12.7500076,Canada,Toronto Stock Exchange,CAD,1,CAD
EFR,ENERGY FUELS INC,Energy,Equity,2024-06-28,"4,574,320.23",0.04,"4,574,320.23","551,788.00",8.289995843,Canada,Toronto Stock Exchange,CAD,1,CAD
SEA,SEABRIDGE GOLD INC,Materials,Equity,2024-06-28,"4,574,320.23",0.04,"4,574,320.23","244,616.00",18.70000419,Canada,Toronto Stock Exchange,CAD,1,CAD
NFI,NFI GROUP INC,Industrials,Equity,2024-06-28,"4,574,320.23",0.04,"4,574,320.23","288,783.00",15.83999136,Canada,Toronto Stock Exchange,CAD,1,CAD
WPK,WINPAK LTD,Materials,Equity,2024-06-28,"4,574,320.23",0.04,"4,574,320.23","102,448.00",44.65016619,Canada,Toronto Stock Exchange,CAD,1,CAD
ENGH,ENGHOUSE SYSTEMS LTD,Information Technology,Equity,2024-06-28,"4,574,320.23",0.04,"4,574,320.23","151,618.00",30.17003407,Canada,Toronto Stock Exchange,CAD,1,CAD
MDA,MDA SPACE LTD,Industrials,Equity,2024-06-28,"4,574,320.23",0.04,"4,574,320.23","334,870.00",13.65998813,Canada,Toronto Stock Exchange,CAD,1,CAD
PMZ.UN,PRIMARIS REAL ESTATE INVESTMENT UN,Real Estate,Equity,2024-06-28,"4,574,320.23",0.04,"4,574,320.23","344,711.00",13.27001525,Canada,Toronto Stock Exchange,CAD,1,CAD
SSRM,SSR MINING INC,Materials,Equity,2024-06-28,"4,574,320.23",0.04,"4,574,320.23","740,181.00",6.180002224,Canada,Toronto Stock Exchange,CAD,1,CAD
BBU.UN,BROOKFIELD BUSINESS PARTNERS UNITS,Industrials,Equity,2024-06-28,"4,574,320.23",0.04,"4,574,320.23","176,547.00",25.90992895,Canada,Toronto Stock Exchange,CAD,1,CAD
CCA,COGECO COMMUNICATIONS SUBORDINATE,Communication,Equity,2024-06-28,"4,574,320.23",0.04,"4,574,320.23","88,667.00",51.58988379,Canada,Toronto Stock Exchange,CAD,1,CAD
STLC,STELCO HOLDINGS INC,Materials,Equity,2024-06-28,"4,574,320.23",0.04,"4,574,320.23","123,065.00",37.16995268,Canada,Toronto Stock Exchange,CAD,1,CAD
JWEL,JAMIESON WELLNESS INC,Consumer Staples,Equity,2024-06-28,"4,574,320.23",0.04,"4,574,320.23","157,681.00",29.00996459,Canada,Toronto Stock Exchange,CAD,1,CAD
SII,SPROTT INC,Financials,Equity,2024-06-28,"4,574,320.23",0.04,"4,574,320.23","80,633.00",56.73012571,Canada,Toronto Stock Exchange,CAD,1,CAD
CXB,CALIBRE MINING CORP,Materials,Equity,2024-06-28,"4,574,320.23",0.04,"4,574,320.23","2,541,289.00",1.80000001,Canada,Toronto Stock Exchange,CAD,1,CAD
NG,NOVAGOLD RESOURCES INC,Materials,Equity,2024-06-28,"4,574,320.23",0.04,"4,574,320.23","954,973.00",4.789999535,Canada,Toronto Stock Exchange,CAD,1,CAD
LB,LAURENTIAN BANK OF CANADA,Financials,Equity,2024-06-28,"4,574,320.23",0.04,"4,574,320.23","172,291.00",26.5499662,Canada,Toronto Stock Exchange,CAD,1,CAD
PET,PET VALU HOLDINGS LTD,Consumer Discretionary,Equity,2024-06-28,"4,574,320.23",0.04,"4,574,320.23","173,862.00",26.3100633,Canada,Toronto Stock Exchange,CAD,1,CAD
MATR,MATTR CORP,Energy,Equity,2024-06-28,"4,574,320.23",0.04,"4,574,320.23","273,584.00",16.71998445,Canada,Toronto Stock Exchange,CAD,1,CAD
SVI,STORAGEVAULT CANADA INC,Real Estate,Equity,2024-06-28,"4,574,320.23",0.04,"4,574,320.23","981,614.00",4.659998967,Canada,Toronto Stock Exchange,CAD,1,CAD
OLA,ORLA MINING LTD,Materials,Equity,2024-06-28,"4,574,320.23",0.04,"4,574,320.23","871,299.00",5.250000546,Canada,Toronto Stock Exchange,CAD,1,CAD
TCL.A,TRANSCONTINENTAL SUB VOTING INC CL,Materials,Equity,2024-06-28,"3,430,740.17",0.03,"3,430,740.17","226,901.00",15.119987,Canada,Toronto Stock Exchange,CAD,1,CAD
MTL,MULLEN GROUP LTD,Industrials,Equity,2024-06-28,"3,430,740.17",0.03,"3,430,740.17","261,091.00",13.14001697,Canada,Toronto Stock Exchange,CAD,1,CAD
OSK,OSISKO MINING INC,Materials,Equity,2024-06-28,"3,430,740.17",0.03,"3,430,740.17","1,199,559.00",2.860001192,Canada,Toronto Stock Exchange,CAD,1,CAD
SIA,SIENNA SENIOR LIVING INC,Health Care,Equity,2024-06-28,"3,430,740.17",0.03,"3,430,740.17","240,754.00",14.24998201,Canada,Toronto Stock Exchange,CAD,1,CAD
KEL,KELT EXPLORATION LTD,Energy,Equity,2024-06-28,"3,430,740.17",0.03,"3,430,740.17","538,578.00",6.369996861,Canada,Toronto Stock Exchange,CAD,1,CAD
NWH.UN,NORTHWEST HEALTHCARE PROPERTIES UN,Real Estate,Equity,2024-06-28,"3,430,740.17",0.03,"3,430,740.17","736,210.00",4.660002132,Canada,Toronto Stock Exchange,CAD,1,CAD
TOY,SPIN MASTER SUBORDINATE VOTING COR,Consumer Discretionary,Equity,2024-06-28,"3,430,740.17",0.03,"3,430,740.17","121,701.00",28.18990945,Canada,Toronto Stock Exchange,CAD,1,CAD
CRT.UN,CT REIT UNITS TRUST,Real Estate,Equity,2024-06-28,"3,430,740.17",0.03,"3,430,740.17","260,299.00",13.1799975,Canada,Toronto Stock Exchange,CAD,1,CAD
AOI,AFRICA OIL CORP,Energy,Equity,2024-06-28,"3,430,740.17",0.03,"3,430,740.17","1,406,041.00",2.440000092,Canada,Toronto Stock Exchange,CAD,1,CAD
ASTL,ALGOMA STEEL GROUP INC,Materials,Equity,2024-06-28,"3,430,740.17",0.03,"3,430,740.17","361,511.00",9.490002156,Canada,Toronto Stock Exchange,CAD,1,CAD
MTY,MTY FOOD GROUP INC,Consumer Discretionary,Equity,2024-06-28,"3,430,740.17",0.03,"3,430,740.17","76,340.00",44.94026945,Canada,Toronto Stock Exchange,CAD,1,CAD
ZZZ,SLEEP COUNTRY CANADA HOLDINGS INC,Consumer Discretionary,Equity,2024-06-28,"3,430,740.17",0.03,"3,430,740.17","131,547.00",26.0799575,Canada,Toronto Stock Exchange,CAD,1,CAD
IFP,INTERFOR CORP,Materials,Equity,2024-06-28,"3,430,740.17",0.03,"3,430,740.17","207,672.00",16.51999388,Canada,Toronto Stock Exchange,CAD,1,CAD
CFP,CANFOR CORP,Materials,Equity,2024-06-28,"3,430,740.17",0.03,"3,430,740.17","236,440.00",14.50998211,Canada,Toronto Stock Exchange,CAD,1,CAD
GOOS,CANADA GOOSE HOLDINGS SUB VOTING I,Consumer Discretionary,Equity,2024-06-28,"3,430,740.17",0.03,"3,430,740.17","193,937.00",17.68997236,Canada,Toronto Stock Exchange,CAD,1,CAD
BLDP,BALLARD POWER SYSTEMS INC,Industrials,Equity,2024-06-28,"3,430,740.17",0.03,"3,430,740.17","1,110,272.00",3.08999972,Canada,Toronto Stock Exchange,CAD,1,CAD
WTE,WESTSHORE TERMINALS INVESTMENT COR,Industrials,Equity,2024-06-28,"2,287,160.11",0.02,"2,287,160.11","100,712.00",22.7099066,Canada,Toronto Stock Exchange,CAD,1,CAD
2299955D,CONSTELLATION SOFTWARE INC,Information Technology,Equity,2024-06-28,0,0,0,#DIV/0!,#DIV/0!,Canada,Toronto Stock Exchange,CAD,1,CAD
RY,ROYAL BANK OF CANADA,Financials,Equity,2024-07-31,"796,495,504.30",6.58,"796,495,504.30","5,162,662.00",154.2800021,Canada,Toronto Stock Exchange,CAD,1,CAD
TD,TORONTO DOMINION,Financials,Equity,2024-07-31,"527,769,057.56",4.36,"527,769,057.56","6,473,311.00",81.53000181,Canada,Toronto Stock Exchange,CAD,1,CAD
ENB,ENBRIDGE INC,Energy,Equity,2024-07-31,"400,668,711.13",3.31,"400,668,711.13","7,754,378.00",51.66999998,Canada,Toronto Stock Exchange,CAD,1,CAD
CP,CANADIAN PACIFIC KANSAS CITY LTD,Industrials,Equity,2024-07-31,"394,616,313.68",3.26,"394,616,313.68","3,408,329.00",115.7799947,Canada,Toronto Stock Exchange,CAD,1,CAD
CNQ,CANADIAN NATURAL RESOURCES LTD,Energy,Equity,2024-07-31,"383,721,998.27",3.17,"383,721,998.27","7,827,866.00",49.02000089,Canada,Toronto Stock Exchange,CAD,1,CAD
SHOP,SHOPIFY SUBORDINATE VOTING INC CLA,Information Technology,Equity,2024-07-31,"372,827,682.86",3.08,"372,827,682.86","4,409,031.00",84.56000488,Canada,Toronto Stock Exchange,CAD,1,CAD
BN,BROOKFIELD CORP CLASS A,Financials,Equity,2024-07-31,"351,039,052.05",2.9,"351,039,052.05","5,213,709.00",67.33000481,Canada,Toronto Stock Exchange,CAD,1,CAD
CNR,CANADIAN NATIONAL RAILWAY,Industrials,Equity,2024-07-31,"334,092,339.19",2.76,"334,092,339.19","2,090,298.00",159.8300047,Canada,Toronto Stock Exchange,CAD,1,CAD
CSU,CONSTELLATION SOFTWARE INC,Information Technology,Equity,2024-07-31,"313,514,187.86",2.59,"313,514,187.86","71,968.00",4356.299854,Canada,Toronto Stock Exchange,CAD,1,CAD
BMO,BANK OF MONTREAL,Financials,Equity,2024-07-31,"309,882,749.39",2.56,"309,882,749.39","2,661,080.00",116.4499938,Canada,Toronto Stock Exchange,CAD,1,CAD
BNS,BANK OF NOVA SCOTIA,Financials,Equity,2024-07-31,"289,304,598.07",2.39,"289,304,598.07","4,487,430.00",64.46999687,Canada,Toronto Stock Exchange,CAD,1,CAD
SU,SUNCOR ENERGY INC,Energy,Equity,2024-07-31,"259,042,610.82",2.14,"259,042,610.82","4,697,907.00",55.14000401,Canada,Toronto Stock Exchange,CAD,1,CAD
CM,CANADIAN IMPERIAL BANK OF COMMERCE,Financials,Equity,2024-07-31,"244,516,856.94",2.02,"244,516,856.94","3,424,606.00",71.39999665,Canada,Toronto Stock Exchange,CAD,1,CAD
MFC,MANULIFE FINANCIAL CORP,Financials,Equity,2024-07-31,"240,885,418.47",1.99,"240,885,418.47","6,549,359.00",36.77999915,Canada,Toronto Stock Exchange,CAD,1,CAD
WCN,WASTE CONNECTIONS INC,Industrials,Equity,2024-07-31,"231,201,582.56",1.91,"231,201,582.56","941,566.00",245.5500544,United States,Toronto Stock Exchange,CAD,1,CAD
ATD,ALIMENTATION COUCHE TARD INC,Consumer Staples,Equity,2024-07-31,"226,359,664.60",1.87,"226,359,664.60","2,659,613.00",85.11000081,Canada,Toronto Stock Exchange,CAD,1,CAD
TRP,TC ENERGY CORP,Energy,Equity,2024-07-31,"221,517,746.64",1.83,"221,517,746.64","3,778,877.00",58.61999389,Canada,Toronto Stock Exchange,CAD,1,CAD
AEM,AGNICO EAGLE MINES LTD,Materials,Equity,2024-07-31,"193,676,718.37",1.6,"193,676,718.37","1,818,049.00",106.5299771,Canada,Toronto Stock Exchange,CAD,1,CAD
ABX,BARRICK GOLD CORP,Materials,Equity,2024-07-31,"163,414,731.13",1.35,"163,414,731.13","6,388,379.00",25.57999942,Canada,Toronto Stock Exchange,CAD,1,CAD
IFC,INTACT FINANCIAL CORP,Financials,Equity,2024-07-31,"163,414,731.13",1.35,"163,414,731.13","651,314.00",250.9000745,Canada,Toronto Stock Exchange,CAD,1,CAD
BCE,BCE INC,Communication,Equity,2024-07-31,"154,941,374.70",1.28,"154,941,374.70","3,327,064.00",46.57000127,Canada,Toronto Stock Exchange,CAD,1,CAD
SLF,SUN LIFE FINANCIAL INC,Financials,Equity,2024-07-31,"145,257,538.78",1.2,"145,257,538.78","2,119,310.00",68.54001481,Canada,Toronto Stock Exchange,CAD,1,CAD
NA,NATIONAL BANK OF CANADA,Financials,Equity,2024-07-31,"142,836,579.80",1.18,"142,836,579.80","1,236,895.00",115.4799557,Canada,Toronto Stock Exchange,CAD,1,CAD
WPM,WHEATON PRECIOUS METALS CORP,Materials,Equity,2024-07-31,"136,784,182.35",1.13,"136,784,182.35","1,656,986.00",82.54999279,Canada,Toronto Stock Exchange,CAD,1,CAD
CVE,CENOVUS ENERGY INC,Energy,Equity,2024-07-31,"134,363,223.37",1.11,"134,363,223.37","4,829,735.00",27.8199991,Canada,Toronto Stock Exchange,CAD,1,CAD
DOL,DOLLARAMA INC,Consumer Discretionary,Equity,2024-07-31,"131,942,264.39",1.09,"131,942,264.39","1,019,410.00",129.4300276,Canada,Toronto Stock Exchange,CAD,1,CAD
FFH,FAIRFAX FINANCIAL HOLDINGS SUB VOT,Financials,Equity,2024-07-31,"130,731,784.90",1.08,"130,731,784.90","80,291.00",1628.224644,Canada,Toronto Stock Exchange,CAD,1,CAD
NTR,NUTRIEN LTD,Materials,Equity,2024-07-31,"128,310,825.92",1.06,"128,310,825.92","1,812,044.00",70.80999464,Canada,Toronto Stock Exchange,CAD,1,CAD
FNV,FRANCO NEVADA CORP,Materials,Equity,2024-07-31,"124,679,387.45",1.03,"124,679,387.45","700,761.00",177.9199862,Canada,Toronto Stock Exchange,CAD,1,CAD
TRI,THOMSON REUTERS CORP,Industrials,Equity,2024-07-31,"121,047,948.98",1,"121,047,948.98","540,996.00",223.7501737,Canada,Toronto Stock Exchange,CAD,1,CAD
T,TELUS CORP,Communication,Equity,2024-07-31,"119,837,469.49",0.99,"119,837,469.49","5,376,288.00",22.29000185,Canada,Toronto Stock Exchange,CAD,1,CAD
GIB.A,CGI INC,Information Technology,Equity,2024-07-31,"118,626,990.00",0.98,"118,626,990.00","753,522.00",157.4300286,Canada,Toronto Stock Exchange,CAD,1,CAD
TECK.B,TECK RESOURCES SUBORDINATE VOTING,Materials,Equity,2024-07-31,"113,785,072.04",0.94,"113,785,072.04","1,681,222.00",67.67998042,Canada,Toronto Stock Exchange,CAD,1,CAD
PPL,PEMBINA PIPELINE CORP,Energy,Equity,2024-07-31,"113,785,072.04",0.94,"113,785,072.04","2,126,426.00",53.51000789,Canada,Toronto Stock Exchange,CAD,1,CAD
QSR,RESTAURANTS BRANDS INTERNATIONAL I,Consumer Discretionary,Equity,2024-07-31,"111,364,113.06",0.92,"111,364,113.06","1,152,003.00",96.66998529,Canada,Toronto Stock Exchange,CAD,1,CAD
WSP,WSP GLOBAL INC,Industrials,Equity,2024-07-31,"104,101,236.12",0.86,"104,101,236.12","453,917.00",229.3398047,Canada,Toronto Stock Exchange,CAD,1,CAD
FTS,FORTIS INC,Utilities,Equity,2024-07-31,"104,101,236.12",0.86,"104,101,236.12","1,803,556.00",57.71999102,Canada,Toronto Stock Exchange,CAD,1,CAD
CCO,CAMECO CORP,Energy,Equity,2024-07-31,"99,259,318.17",0.82,"99,259,318.17","1,579,556.00",62.84001211,Canada,Toronto Stock Exchange,CAD,1,CAD
L,LOBLAW COMPANIES LTD,Consumer Staples,Equity,2024-07-31,"89,575,482.25",0.74,"89,575,482.25","526,141.00",170.2499563,Canada,Toronto Stock Exchange,CAD,1,CAD
BAM,BROOKFIELD ASSET MANAGEMENT VOTING,Financials,Equity,2024-07-31,"81,102,125.82",0.67,"81,102,125.82","1,345,870.00",60.25999972,Canada,Toronto Stock Exchange,CAD,1,CAD
POW,POWER CORPORATION OF CANADA,Financials,Equity,2024-07-31,"79,891,646.33",0.66,"79,891,646.33","1,999,290.00",39.96000897,Canada,Toronto Stock Exchange,CAD,1,CAD
BIP.UN,BROOKFIELD INFRASTRUCTURE PARTNERS,Utilities,Equity,2024-07-31,"73,839,248.88",0.61,"73,839,248.88","1,692,396.00",43.63000674,Bermuda,Toronto Stock Exchange,CAD,1,CAD
TOU,TOURMALINE OIL CORP,Energy,Equity,2024-07-31,"73,839,248.88",0.61,"73,839,248.88","1,215,461.00",60.74999435,Canada,Toronto Stock Exchange,CAD,1,CAD
RCI.B,ROGERS COMMUNICATIONS NON-VOTING I,Communication,Equity,2024-07-31,"72,628,769.39",0.6,"72,628,769.39","1,360,344.00",53.39000237,Canada,Toronto Stock Exchange,CAD,1,CAD
MRU,METRO INC,Consumer Staples,Equity,2024-07-31,"67,786,851.43",0.56,"67,786,851.43","824,457.00",82.21999623,Canada,Toronto Stock Exchange,CAD,1,CAD
TFII,TFI INTERNATIONAL INC,Industrials,Equity,2024-07-31,"62,944,933.47",0.52,"62,944,933.47","292,890.00",214.9098073,Canada,Toronto Stock Exchange,CAD,1,CAD
MG,MAGNA INTERNATIONAL INC,Consumer Discretionary,Equity,2024-07-31,"59,313,495.00",0.49,"59,313,495.00","968,067.00",61.2700309,Canada,Toronto Stock Exchange,CAD,1,CAD
IMO,IMPERIAL OIL LTD,Energy,Equity,2024-07-31,"58,103,015.51",0.48,"58,103,015.51","587,433.00",98.91002976,Canada,Toronto Stock Exchange,CAD,1,CAD
K,KINROSS GOLD CORP,Materials,Equity,2024-07-31,"55,682,056.53",0.46,"55,682,056.53","4,436,817.00",12.55000072,Canada,Toronto Stock Exchange,CAD,1,CAD
EMA,EMERA INC,Utilities,Equity,2024-07-31,"52,050,618.06",0.43,"52,050,618.06","1,044,354.00",49.84001408,Canada,Toronto Stock Exchange,CAD,1,CAD
ARX,ARC RESOURCES LTD,Energy,Equity,2024-07-31,"52,050,618.06",0.43,"52,050,618.06","2,178,762.00",23.88999719,Canada,Toronto Stock Exchange,CAD,1,CAD
STN,STANTEC INC,Industrials,Equity,2024-07-31,"50,840,138.57",0.42,"50,840,138.57","418,506.00",121.4800709,Canada,Toronto Stock Exchange,CAD,1,CAD
H,HYDRO ONE LTD,Utilities,Equity,2024-07-31,"49,629,659.08",0.41,"49,629,659.08","1,146,976.00",43.27000659,Canada,Toronto Stock Exchange,CAD,1,CAD
WN,GEORGE WESTON LTD,Consumer Staples,Equity,2024-07-31,"45,998,220.61",0.38,"45,998,220.61","215,126.00",213.8199037,Canada,Toronto Stock Exchange,CAD,1,CAD
GFL,GFL ENVIRONMENTAL SUBORDINATE VOTI,Industrials,Equity,2024-07-31,"44,787,741.12",0.37,"44,787,741.12","836,060.00",53.57000828,Canada,Toronto Stock Exchange,CAD,1,CAD
FM,FIRST QUANTUM MINERALS LTD,Materials,Equity,2024-07-31,"43,577,261.63",0.36,"43,577,261.63","2,578,536.00",16.90000125,Canada,Toronto Stock Exchange,CAD,1,CAD
DSG,DESCARTES SYSTEMS GROUP INC,Information Technology,Equity,2024-07-31,"43,577,261.63",0.36,"43,577,261.63","310,335.00",140.4200675,Canada,Toronto Stock Exchange,CAD,1,CAD
OTEX,OPEN TEXT CORP,Information Technology,Equity,2024-07-31,"43,577,261.63",0.36,"43,577,261.63","1,001,316.00",43.51998933,Canada,Toronto Stock Exchange,CAD,1,CAD
X,TMX GROUP LTD,Financials,Equity,2024-07-31,"42,366,782.14",0.35,"42,366,782.14","1,009,695.00",41.95998014,Canada,Toronto Stock Exchange,CAD,1,CAD
PAAS,PAN AMERICAN SILVER CORP,Materials,Equity,2024-07-31,"42,366,782.14",0.35,"42,366,782.14","1,334,807.00",31.74000597,Canada,Toronto Stock Exchange,CAD,1,CAD
GWO,GREAT WEST LIFECO INC,Financials,Equity,2024-07-31,"41,156,302.65",0.34,"41,156,302.65","992,436.00",41.46998159,Canada,Toronto Stock Exchange,CAD,1,CAD
CCL.B,CCL INDUSTRIES INC CLASS B,Materials,Equity,2024-07-31,"39,945,823.16",0.33,"39,945,823.16","531,831.00",75.1099939,Canada,Toronto Stock Exchange,CAD,1,CAD
IVN,IVANHOE MINES LTD CLASS A,Materials,Equity,2024-07-31,"38,735,343.67",0.32,"38,735,343.67","2,146,002.00",18.05000353,Canada,Toronto Stock Exchange,CAD,1,CAD
TIH,TOROMONT INDUSTRIES LTD,Industrials,Equity,2024-07-31,"38,735,343.67",0.32,"38,735,343.67","301,677.00",128.4000559,Canada,Toronto Stock Exchange,CAD,1,CAD
ATRL,ATKINSREALIS GROUP INC,Industrials,Equity,2024-07-31,"37,524,864.18",0.31,"37,524,864.18","630,882.00",59.48000448,Canada,Toronto Stock Exchange,CAD,1,CAD
EFN,ELEMENT FLEET MANAGEMENT CORP,Industrials,Equity,2024-07-31,"37,524,864.18",0.31,"37,524,864.18","1,420,858.00",26.4100031,Canada,Toronto Stock Exchange,CAD,1,CAD
FSV,FIRSTSERVICE SUBORDINATE VOTING CO,Real Estate,Equity,2024-07-31,"36,314,384.69",0.3,"36,314,384.69","150,851.00",240.7301555,Canada,Toronto Stock Exchange,CAD,1,CAD
AGI,ALAMOS GOLD INC CLASS A,Materials,Equity,2024-07-31,"36,314,384.69",0.3,"36,314,384.69","1,543,323.00",23.52999644,Canada,Toronto Stock Exchange,CAD,1,CAD
ALA,ALTAGAS LTD,Utilities,Equity,2024-07-31,"35,103,905.20",0.29,"35,103,905.20","1,066,340.00",32.91999288,Canada,Toronto Stock Exchange,CAD,1,CAD
GIL,GILDAN ACTIVEWEAR INC,Consumer Discretionary,Equity,2024-07-31,"35,103,905.20",0.29,"35,103,905.20","624,402.00",56.22003966,Canada,Toronto Stock Exchange,CAD,1,CAD
LUN,LUNDIN MINING CORP,Materials,Equity,2024-07-31,"33,893,425.71",0.28,"33,893,425.71","2,431,379.00",13.94000101,Canada,Toronto Stock Exchange,CAD,1,CAD
IAG,IA FINANCIAL INC,Financials,Equity,2024-07-31,"32,682,946.23",0.27,"32,682,946.23","350,074.00",93.36010736,Canada,Toronto Stock Exchange,CAD,1,CAD
KEY,KEYERA CORP,Energy,Equity,2024-07-31,"32,682,946.23",0.27,"32,682,946.23","839,100.00",38.95000146,Canada,Toronto Stock Exchange,CAD,1,CAD
CLS,CELESTICA INC,Information Technology,Equity,2024-07-31,"31,472,466.74",0.26,"31,472,466.74","434,643.00",72.40992432,Canada,Toronto Stock Exchange,CAD,1,CAD
CAR.UN,CANADIAN APARTMENT PROPERTIES REAL,Real Estate,Equity,2024-07-31,"29,051,507.76",0.24,"29,051,507.76","605,240.00",47.99997977,Canada,Toronto Stock Exchange,CAD,1,CAD
CAE,CAE INC,Industrials,Equity,2024-07-31,"29,051,507.76",0.24,"29,051,507.76","1,156,509.00",25.12000145,Canada,Toronto Stock Exchange,CAD,1,CAD
BBD.B,BOMBARDIER INC CLASS B,Industrials,Equity,2024-07-31,"29,051,507.76",0.24,"29,051,507.76","311,778.00",93.18010814,Canada,Toronto Stock Exchange,CAD,1,CAD
CIGI,COLLIERS INTERNATIONAL GROUP SUBOR,Real Estate,Equity,2024-07-31,"29,051,507.76",0.24,"29,051,507.76","156,132.00",186.0701698,Canada,Toronto Stock Exchange,CAD,1,CAD
SAP,SAPUTO INC,Consumer Staples,Equity,2024-07-31,"29,051,507.76",0.24,"29,051,507.76","915,585.00",31.72999531,Canada,Toronto Stock Exchange,CAD,1,CAD
MEG,MEG ENERGY CORP,Energy,Equity,2024-07-31,"29,051,507.76",0.24,"29,051,507.76","1,015,432.00",28.60999826,Canada,Toronto Stock Exchange,CAD,1,CAD
CTC.A,CANADIAN TIRE LTD CLASS A,Consumer Discretionary,Equity,2024-07-31,"26,630,548.78",0.22,"26,630,548.78","187,830.00",141.7800606,Canada,Toronto Stock Exchange,CAD,1,CAD
BEP.UN,BROOKFIELD RENEWABLE PARTNERS NON,Utilities,Equity,2024-07-31,"26,630,548.78",0.22,"26,630,548.78","791,633.00",33.64001851,Bermuda,Toronto Stock Exchange,CAD,1,CAD
WFG,WEST FRASER TIMBER LTD,Materials,Equity,2024-07-31,"25,420,069.29",0.21,"25,420,069.29","207,629.00",122.4302447,Canada,Toronto Stock Exchange,CAD,1,CAD
WCP,WHITECAP RESOURCES INC,Energy,Equity,2024-07-31,"22,999,110.31",0.19,"22,999,110.31","2,161,571.00",10.63999763,Canada,Toronto Stock Exchange,CAD,1,CAD
CAD,CAD CASH,Cash and/or Derivatives,Cash,2024-07-31,"22,999,110.31",0.19,"22,999,110.31","229,991.00",100.0000448,Canada,,CAD,1,CAD
VRN,VEREN INC,Energy,Equity,2024-07-31,"22,999,110.31",0.19,"22,999,110.31","2,133,498.00",10.78000087,Canada,Toronto Stock Exchange,CAD,1,CAD
ONEX,ONEX CORP,Financials,Equity,2024-07-31,"22,999,110.31",0.19,"22,999,110.31","243,094.00",94.60994639,Canada,Toronto Stock Exchange,CAD,1,CAD
AQN,ALGONQUIN POWER UTILITIES CORP,Utilities,Equity,2024-07-31,"21,788,630.82",0.18,"21,788,630.82","2,527,683.00",8.620001328,Canada,Toronto Stock Exchange,CAD,1,CAD
NPI,NORTHLAND POWER INC,Utilities,Equity,2024-07-31,"21,788,630.82",0.18,"21,788,630.82","943,639.00",23.09000668,Canada,Toronto Stock Exchange,CAD,1,CAD
PSK,PRAIRIESKY ROYALTY LTD,Energy,Equity,2024-07-31,"21,788,630.82",0.18,"21,788,630.82","785,176.00",27.74999595,Canada,Toronto Stock Exchange,CAD,1,CAD
FTT,FINNING INTERNATIONAL INC,Industrials,Equity,2024-07-31,"20,578,151.33",0.17,"20,578,151.33","520,044.00",39.5700197,Canada,Toronto Stock Exchange,CAD,1,CAD
CPX,CAPITAL POWER CORP,Utilities,Equity,2024-07-31,"20,578,151.33",0.17,"20,578,151.33","482,263.00",42.66997743,Canada,Toronto Stock Exchange,CAD,1,CAD
BTO,B2GOLD CORP,Materials,Equity,2024-07-31,"19,367,671.84",0.16,"19,367,671.84","4,678,182.00",4.139999649,Canada,Toronto Stock Exchange,CAD,1,CAD
REI.UN,RIOCAN REAL ESTATE INVESTMENT TRUS,Real Estate,Equity,2024-07-31,"19,367,671.84",0.16,"19,367,671.84","1,083,203.00",17.88000203,Canada,Toronto Stock Exchange,CAD,1,CAD
AC,AIR CANADA VOTING AND VARIABLE VOT,Industrials,Equity,2024-07-31,"19,367,671.84",0.16,"19,367,671.84","1,217,327.00",15.9099994,Canada,Toronto Stock Exchange,CAD,1,CAD
PKI,PARKLAND CORP,Energy,Equity,2024-07-31,"19,367,671.84",0.16,"19,367,671.84","500,069.00",38.72999893,Canada,Toronto Stock Exchange,CAD,1,CAD
EMP.A,EMPIRE LTD CLASS A,Consumer Staples,Equity,2024-07-31,"19,367,671.84",0.16,"19,367,671.84","530,621.00",36.50001006,Canada,Toronto Stock Exchange,CAD,1,CAD
CS,CAPSTONE COPPER CORP,Materials,Equity,2024-07-31,"18,157,192.35",0.15,"18,157,192.35","1,956,594.00",9.280000014,Canada,Toronto Stock Exchange,CAD,1,CAD
BYD,BOYD GROUP INCOME INC,Industrials,Equity,2024-07-31,"18,157,192.35",0.15,"18,157,192.35","78,440.00",231.4787398,Canada,Toronto Stock Exchange,CAD,1,CAD
PRMW,PRIMO WATER CORP,Consumer Staples,Equity,2024-07-31,"18,157,192.35",0.15,"18,157,192.35","599,445.00",30.2900055,Canada,Toronto Stock Exchange,CAD,1,CAD
KXS,KINAXIS INC,Information Technology,Equity,2024-07-31,"18,157,192.35",0.15,"18,157,192.35","106,895.00",169.8600715,Canada,Toronto Stock Exchange,CAD,1,CAD
ELD,ELDORADO GOLD CORP,Materials,Equity,2024-07-31,"16,946,712.86",0.14,"16,946,712.86","723,909.00",23.41000438,Canada,Toronto Stock Exchange,CAD,1,CAD
QBR.B,QUEBECOR INC CLASS B,Communication,Equity,2024-07-31,"16,946,712.86",0.14,"16,946,712.86","555,630.00",30.49999614,Canada,Toronto Stock Exchange,CAD,1,CAD
GRT.UN,GRANITE REAL ESTATE INVESTMENT STA,Real Estate,Equity,2024-07-31,"16,946,712.86",0.14,"16,946,712.86","228,423.00",74.19004591,Canada,Toronto Stock Exchange,CAD,1,CAD
CWB,CANADIAN WESTERN BANK,Financials,Equity,2024-07-31,"16,946,712.86",0.14,"16,946,712.86","355,203.00",47.7099373,Canada,Toronto Stock Exchange,CAD,1,CAD
SJ,STELLA JONES INC,Materials,Equity,2024-07-31,"16,946,712.86",0.14,"16,946,712.86","182,439.00",92.88974867,Canada,Toronto Stock Exchange,CAD,1,CAD
OR,OSISKO GOLD ROYALTIES LTD,Materials,Equity,2024-07-31,"16,946,712.86",0.14,"16,946,712.86","699,988.00",24.21000483,Canada,Toronto Stock Exchange,CAD,1,CAD
MX,METHANEX CORP,Materials,Equity,2024-07-31,"16,946,712.86",0.14,"16,946,712.86","252,484.00",67.11994763,Canada,Toronto Stock Exchange,CAD,1,CAD
HBM,HUDBAY MINERALS INC,Materials,Equity,2024-07-31,"15,736,233.37",0.13,"15,736,233.37","1,365,992.00",11.52000405,Canada,Toronto Stock Exchange,CAD,1,CAD
NXE,NEXGEN ENERGY LTD,Energy,Equity,2024-07-31,"15,736,233.37",0.13,"15,736,233.37","1,710,460.00",9.2000008,Canada,Toronto Stock Exchange,CAD,1,CAD
ATZ,ARITZIA SUBORDINATE VOTING INC,Consumer Discretionary,Equity,2024-07-31,"14,525,753.88",0.12,"14,525,753.88","320,515.00",45.32004392,Canada,Toronto Stock Exchange,CAD,1,CAD
CU,CANADIAN UTILITIES LTD CLASS A,Utilities,Equity,2024-07-31,"14,525,753.88",0.12,"14,525,753.88","449,296.00",32.3300316,Canada,Toronto Stock Exchange,CAD,1,CAD
DFY,DEFINITY FINANCIAL CORP,Financials,Equity,2024-07-31,"14,525,753.88",0.12,"14,525,753.88","302,494.00",48.01997355,Canada,Toronto Stock Exchange,CAD,1,CAD
CHP.UN,CHOICE PROPERTIES REAL ESTATE INVE,Real Estate,Equity,2024-07-31,"13,315,274.39",0.11,"13,315,274.39","960,698.00",13.86000011,Canada,Toronto Stock Exchange,CAD,1,CAD
DIR.UN,DREAM Industrials REAL ESTATE INVES,Real Estate,Equity,2024-07-31,"13,315,274.39",0.11,"13,315,274.39","987,780.00",13.47999999,Canada,Toronto Stock Exchange,CAD,1,CAD
DOO,BRP SUBORDINATE VOTING INC,Consumer Discretionary,Equity,2024-07-31,"13,315,274.39",0.11,"13,315,274.39","133,113.00",100.0298572,Canada,Toronto Stock Exchange,CAD,1,CAD
GEI,GIBSON ENERGY INC,Energy,Equity,2024-07-31,"13,315,274.39",0.11,"13,315,274.39","590,216.00",22.56000242,Canada,Toronto Stock Exchange,CAD,1,CAD
CSH.UN,CHARTWELL RETIREMENT RESIDENCES RE,Health Care,Equity,2024-07-31,"13,315,274.39",0.11,"13,315,274.39","971,918.00",13.69999772,Canada,Toronto Stock Exchange,CAD,1,CAD
FCR.UN,FIRST CAPITAL REALTY REAL ESTATE I,Real Estate,Equity,2024-07-31,"13,315,274.39",0.11,"13,315,274.39","813,395.00",16.36999783,Canada,Toronto Stock Exchange,CAD,1,CAD
PBH,PREMIUM BRANDS HOLDINGS CORP,Consumer Staples,Equity,2024-07-31,"12,104,794.90",0.1,"12,104,794.90","129,629.00",93.38029992,Canada,Toronto Stock Exchange,CAD,1,CAD
BTE,BAYTEX ENERGY CORP,Energy,Equity,2024-07-31,"12,104,794.90",0.1,"12,104,794.90","2,359,609.00",5.130000309,Canada,Toronto Stock Exchange,CAD,1,CAD
ATS,ATS CORP,Industrials,Equity,2024-07-31,"12,104,794.90",0.1,"12,104,794.90","291,752.00",41.49001514,Canada,Toronto Stock Exchange,CAD,1,CAD
ATH,ATHABASCA OIL CORP,Energy,Equity,2024-07-31,"12,104,794.90",0.1,"12,104,794.90","2,138,656.00",5.660000906,Canada,Toronto Stock Exchange,CAD,1,CAD
BEI.UN,BOARDWALK REAL ESTATE INVESTMENT T,Real Estate,Equity,2024-07-31,"12,104,794.90",0.1,"12,104,794.90","155,190.00",77.99983825,Canada,Toronto Stock Exchange,CAD,1,CAD
IGM,IGM FINANCIAL INC,Financials,Equity,2024-07-31,"10,894,315.41",0.09,"10,894,315.41","278,485.00",39.11993611,Canada,Toronto Stock Exchange,CAD,1,CAD
IMG,IAMGOLD CORP,Materials,Equity,2024-07-31,"10,894,315.41",0.09,"10,894,315.41","1,914,642.00",5.690001268,Canada,Toronto Stock Exchange,CAD,1,CAD
ACO.X,ATCO LTD CLASS I,Utilities,Equity,2024-07-31,"10,894,315.41",0.09,"10,894,315.41","254,362.00",42.82996441,Canada,Toronto Stock Exchange,CAD,1,CAD
SRU.UN,SMARTCENTRES RL ESTATE INVESTMENT,Real Estate,Equity,2024-07-31,"10,894,315.41",0.09,"10,894,315.41","454,308.00",23.98002106,Canada,Toronto Stock Exchange,CAD,1,CAD
BLX,BORALEX INC CLASS A,Utilities,Equity,2024-07-31,"10,894,315.41",0.09,"10,894,315.41","317,989.00",34.26003858,Canada,Toronto Stock Exchange,CAD,1,CAD
NVEI,NUVEI SUBORDINATE VOTING CORP,Financials,Equity,2024-07-31,"10,894,315.41",0.09,"10,894,315.41","238,806.00",45.61994007,Canada,Toronto Stock Exchange,CAD,1,CAD
PEY,PEYTO EXPLORATION & DEVELOPMENT CO,Energy,Equity,2024-07-31,"10,894,315.41",0.09,"10,894,315.41","738,097.00",14.760005,Canada,Toronto Stock Exchange,CAD,1,CAD
LNR,LINAMAR CORP,Consumer Discretionary,Equity,2024-07-31,"9,683,835.92",0.08,"9,683,835.92","140,610.00",68.87017935,Canada,Toronto Stock Exchange,CAD,1,CAD
FIL,FILO CORP,Materials,Equity,2024-07-31,"9,683,835.92",0.08,"9,683,835.92","303,093.00",31.95004807,Canada,Toronto Stock Exchange,CAD,1,CAD
EQX,EQUINOX GOLD CORP,Materials,Equity,2024-07-31,"9,683,835.92",0.08,"9,683,835.92","1,249,527.00",7.750001335,Canada,Toronto Stock Exchange,CAD,1,CAD
GSY,GOEASY LTD,Financials,Equity,2024-07-31,"9,683,835.92",0.08,"9,683,835.92","47,659.00",203.1900778,Canada,Toronto Stock Exchange,CAD,1,CAD
AIF,ALTUS GROUP LTD,Real Estate,Equity,2024-07-31,"9,683,835.92",0.08,"9,683,835.92","167,656.00",57.76015125,Canada,Toronto Stock Exchange,CAD,1,CAD
TA,TRANSALTA CORP,Utilities,Equity,2024-07-31,"9,683,835.92",0.08,"9,683,835.92","931,138.00",10.40000077,Canada,Toronto Stock Exchange,CAD,1,CAD
EQB,EQB INC,Financials,Equity,2024-07-31,"9,683,835.92",0.08,"9,683,835.92","100,486.00",96.37000098,Canada,Toronto Stock Exchange,CAD,1,CAD
LSPD,LIGHTSPEED COMMERCE INC,Information Technology,Equity,2024-07-31,"9,683,835.92",0.08,"9,683,835.92","523,734.00",18.48998904,Canada,Toronto Stock Exchange,CAD,1,CAD
NGD,NEW GOLD INC,Materials,Equity,2024-07-31,"9,683,835.92",0.08,"9,683,835.92","3,035,685.00",3.190000253,Canada,Toronto Stock Exchange,CAD,1,CAD
HR.UN,H&R REAL ESTATE INVESTMENT TRUST,Real Estate,Equity,2024-07-31,"9,683,835.92",0.08,"9,683,835.92","1,007,683.00",9.610002271,Canada,Toronto Stock Exchange,CAD,1,CAD
BHC,BAUSCH HEALTH COMPANIES INC,Health Care,Equity,2024-07-31,"8,473,356.43",0.07,"8,473,356.43","1,018,432.00",8.320002149,Canada,Toronto Stock Exchange,CAD,1,CAD
AG,FIRST MAJESTIC SILVER CORP,Materials,Equity,2024-07-31,"8,473,356.43",0.07,"8,473,356.43","992,196.00",8.540002609,Canada,Toronto Stock Exchange,CAD,1,CAD
OGC,OCEANAGOLD CORPORATION CORP,Materials,Equity,2024-07-31,"8,473,356.43",0.07,"8,473,356.43","2,492,164.00",3.39999953,Canada,Toronto Stock Exchange,CAD,1,CAD
ERO,ERO COPPER CORP,Materials,Equity,2024-07-31,"8,473,356.43",0.07,"8,473,356.43","313,828.00",27.00000137,Canada,Toronto Stock Exchange,CAD,1,CAD
TPZ,TOPAZ ENERGY CORP,Energy,Equity,2024-07-31,"8,473,356.43",0.07,"8,473,356.43","326,024.00",25.98997751,Canada,Toronto Stock Exchange,CAD,1,CAD
RUS,RUSSEL METALS INC,Industrials,Equity,2024-07-31,"8,473,356.43",0.07,"8,473,356.43","211,095.00",40.14001482,Canada,Toronto Stock Exchange,CAD,1,CAD
SES,SECURE ENERGY SERVICES INC,Energy,Equity,2024-07-31,"8,473,356.43",0.07,"8,473,356.43","695,107.00",12.19000302,Canada,Toronto Stock Exchange,CAD,1,CAD
VET,VERMILION ENERGY INC,Energy,Equity,2024-07-31,"8,473,356.43",0.07,"8,473,356.43","570,596.00",14.85001022,Canada,Toronto Stock Exchange,CAD,1,CAD
LUG,LUNDIN GOLD INC,Materials,Equity,2024-07-31,"8,473,356.43",0.07,"8,473,356.43","354,534.00",23.89998259,Canada,Toronto Stock Exchange,CAD,1,CAD
POU,PARAMOUNT RESOURCE LTD CLASS A,Energy,Equity,2024-07-31,"8,473,356.43",0.07,"8,473,356.43","282,917.00",29.94997271,Canada,Toronto Stock Exchange,CAD,1,CAD
TLRY,TILRAY BRANDS INC,Health Care,Equity,2024-07-31,"8,473,356.43",0.07,"8,473,356.43","3,037,045.00",2.790000289,United States,Toronto Stock Exchange,CAD,1,CAD
DML,DENISON MINES CORP,Energy,Equity,2024-07-31,"8,473,356.43",0.07,"8,473,356.43","3,115,205.00",2.719999624,Canada,Toronto Stock Exchange,CAD,1,CAD
STLC,STELCO HOLDINGS INC,Materials,Equity,2024-07-31,"8,473,356.43",0.07,"8,473,356.43","127,515.00",66.44987985,Canada,Toronto Stock Exchange,CAD,1,CAD
KMP.UN,KILLAM APARTMENT REIT UNITS CLASS,Real Estate,Equity,2024-07-31,"8,473,356.43",0.07,"8,473,356.43","457,278.00",18.52998926,Canada,Toronto Stock Exchange,CAD,1,CAD
CJT,CARGOJET INC,Industrials,Equity,2024-07-31,"8,473,356.43",0.07,"8,473,356.43","64,965.00",130.429561,Canada,Toronto Stock Exchange,CAD,1,CAD
CIX,CI FINANCIAL CORP,Financials,Equity,2024-07-31,"8,473,356.43",0.07,"8,473,356.43","507,691.00",16.68998747,Canada,Toronto Stock Exchange,CAD,1,CAD
TSU,TRISURA GROUP LTD,Financials,Equity,2024-07-31,"8,473,356.43",0.07,"8,473,356.43","183,485.00",46.18010425,Canada,Toronto Stock Exchange,CAD,1,CAD
NVA,NUVISTA ENERGY LTD,Energy,Equity,2024-07-31,"7,262,876.94",0.06,"7,262,876.94","543,222.00",13.36999779,Canada,Toronto Stock Exchange,CAD,1,CAD
NWC,NORTH WEST COMPANY INC,Consumer Staples,Equity,2024-07-31,"7,262,876.94",0.06,"7,262,876.94","162,444.00",44.71003508,Canada,Toronto Stock Exchange,CAD,1,CAD
PXT,PAREX RESOURCES INC,Energy,Equity,2024-07-31,"7,262,876.94",0.06,"7,262,876.94","350,694.00",20.71001197,Canada,Toronto Stock Exchange,CAD,1,CAD
EIF,EXCHANGE INCOME CORP,Industrials,Equity,2024-07-31,"7,262,876.94",0.06,"7,262,876.94","149,473.00",48.58989208,Canada,Toronto Stock Exchange,CAD,1,CAD
DPM,DUNDEE PRECIOUS METALS INC,Materials,Equity,2024-07-31,"7,262,876.94",0.06,"7,262,876.94","622,354.00",11.67000925,Canada,Toronto Stock Exchange,CAD,1,CAD
AP.UN,ALLIED PROPERTIES REAL ESTATE INVT,Real Estate,Equity,2024-07-31,"7,262,876.94",0.06,"7,262,876.94","438,845.00",16.5499822,Canada,Toronto Stock Exchange,CAD,1,CAD
RCH,RICHELIEU HARDWARE LTD,Industrials,Equity,2024-07-31,"7,262,876.94",0.06,"7,262,876.94","178,099.00",40.77999842,Canada,Toronto Stock Exchange,CAD,1,CAD
TVE,TAMARACK VALLEY ENERGY LTD,Energy,Equity,2024-07-31,"7,262,876.94",0.06,"7,262,876.94","1,771,433.00",4.100000925,Canada,Toronto Stock Exchange,CAD,1,CAD
FVI,FORTUNA MINING CORP,Materials,Equity,2024-07-31,"7,262,876.94",0.06,"7,262,876.94","1,092,162.00",6.649999669,Canada,Toronto Stock Exchange,CAD,1,CAD
WDO,WESDOME GOLD MINES LTD,Materials,Equity,2024-07-31,"7,262,876.94",0.06,"7,262,876.94","546,492.00",13.28999681,Canada,Toronto Stock Exchange,CAD,1,CAD
SIL,SILVERCREST METALS INC,Materials,Equity,2024-07-31,"7,262,876.94",0.06,"7,262,876.94","537,593.00",13.50999165,Canada,Toronto Stock Exchange,CAD,1,CAD
CG,CENTERRA GOLD INC,Materials,Equity,2024-07-31,"7,262,876.94",0.06,"7,262,876.94","784,328.00",9.259999565,Canada,Toronto Stock Exchange,CAD,1,CAD
LIF,LABRADOR IRON ORE ROYALTY CORP,Materials,Equity,2024-07-31,"7,262,876.94",0.06,"7,262,876.94","236,730.00",30.68000228,Canada,Toronto Stock Exchange,CAD,1,CAD
SSL,SANDSTORM GOLD LTD,Materials,Equity,2024-07-31,"7,262,876.94",0.06,"7,262,876.94","915,874.00",7.929995762,Canada,Toronto Stock Exchange,CAD,1,CAD
CEU,CES ENERGY SOLUTIONS CORP,Energy,Equity,2024-07-31,"7,262,876.94",0.06,"7,262,876.94","879,283.00",8.259999271,Canada,Toronto Stock Exchange,CAD,1,CAD
TXG,TOREX GOLD RESOURCES INC,Materials,Equity,2024-07-31,"7,262,876.94",0.06,"7,262,876.94","331,790.00",21.88998143,Canada,Toronto Stock Exchange,CAD,1,CAD
KNT,K92 MINING INC,Materials,Equity,2024-07-31,"7,262,876.94",0.06,"7,262,876.94","919,352.00",7.8999958,Canada,Toronto Stock Exchange,CAD,1,CAD
IIP.UN,INTERRENT REAL ESTATE INVESTMENT T,Real Estate,Equity,2024-07-31,"7,262,876.94",0.06,"7,262,876.94","569,637.00",12.75000911,Canada,Toronto Stock Exchange,CAD,1,CAD
USD,USD CASH,Cash and/or Derivatives,Cash,2024-07-31,"7,262,876.94",0.06,"7,262,876.94","52,576.00",138.1405382,United States,,CAD,0.72,USD
MFI,MAPLE LEAF FOODS INC,Consumer Staples,Equity,2024-07-31,"7,262,876.94",0.06,"7,262,876.94","288,095.00",25.2100069,Canada,Toronto Stock Exchange,CAD,1,CAD
BB,BLACKBERRY LTD,Information Technology,Equity,2024-07-31,"6,052,397.45",0.05,"6,052,397.45","1,817,537.00",3.329999581,Canada,Toronto Stock Exchange,CAD,1,CAD
SPB,SUPERIOR PLUS CORP,Utilities,Equity,2024-07-31,"6,052,397.45",0.05,"6,052,397.45","758,446.00",7.97999785,Canada,Toronto Stock Exchange,CAD,1,CAD
MAG,MAG SILVER CORP,Materials,Equity,2024-07-31,"6,052,397.45",0.05,"6,052,397.45","320,063.00",18.91001912,Canada,Toronto Stock Exchange,CAD,1,CAD
FRU,FREEHOLD ROYALTIES LTD,Energy,Equity,2024-07-31,"6,052,397.45",0.05,"6,052,397.45","427,429.00",14.16000657,Canada,Toronto Stock Exchange,CAD,1,CAD
AYA,AYA GOLD & SILVER INC,Materials,Equity,2024-07-31,"6,052,397.45",0.05,"6,052,397.45","388,472.00",15.5800095,Canada,Toronto Stock Exchange,CAD,1,CAD
SEA,SEABRIDGE GOLD INC,Materials,Equity,2024-07-31,"6,052,397.45",0.05,"6,052,397.45","264,181.00",22.91004065,Canada,Toronto Stock Exchange,CAD,1,CAD
IPCO,INTERNATIONAL PETROLEUM CORP,Energy,Equity,2024-07-31,"6,052,397.45",0.05,"6,052,397.45","303,835.00",19.92001398,Canada,Toronto Stock Exchange,CAD,1,CAD
BIR,BIRCHCLIFF ENERGY LTD,Energy,Equity,2024-07-31,"6,052,397.45",0.05,"6,052,397.45","1,010,417.00",5.989999623,Canada,Toronto Stock Exchange,CAD,1,CAD
NG,NOVAGOLD RESOURCES INC,Materials,Equity,2024-07-31,"6,052,397.45",0.05,"6,052,397.45","918,421.00",6.590003331,Canada,Toronto Stock Exchange,CAD,1,CAD
HWX,HEADWATER EXPLORATION INC,Energy,Equity,2024-07-31,"6,052,397.45",0.05,"6,052,397.45","827,961.00",7.310003067,Canada,Toronto Stock Exchange,CAD,1,CAD
SSRM,SSR MINING INC,Materials,Equity,2024-07-31,"6,052,397.45",0.05,"6,052,397.45","790,130.00",7.660002087,Canada,Toronto Stock Exchange,CAD,1,CAD
AAV,ADVANTAGE ENERGY LTD,Energy,Equity,2024-07-31,"6,052,397.45",0.05,"6,052,397.45","628,494.00",9.630000365,Canada,Toronto Stock Exchange,CAD,1,CAD
PD,PRECISION DRILLING CORP,Energy,Equity,2024-07-31,"6,052,397.45",0.05,"6,052,397.45","56,980.00",106.2196815,Canada,Toronto Stock Exchange,CAD,1,CAD
CCA,COGECO COMMUNICATIONS SUBORDINATE,Communication,Equity,2024-07-31,"6,052,397.45",0.05,"6,052,397.45","95,614.00",63.30032683,Canada,Toronto Stock Exchange,CAD,1,CAD
INE,INNERGEX RENEWABLE ENERGY INC,Utilities,Equity,2024-07-31,"4,841,917.96",0.04,"4,841,917.96","510,213.00",9.489993315,Canada,Toronto Stock Exchange,CAD,1,CAD
NFI,NFI GROUP INC,Industrials,Equity,2024-07-31,"4,841,917.96",0.04,"4,841,917.96","282,328.00",17.14997435,Canada,Toronto Stock Exchange,CAD,1,CAD
CRR.UN,CROMBIE REAL ESTATE INVESTMENT TRU,Real Estate,Equity,2024-07-31,"4,841,917.96",0.04,"4,841,917.96","354,979.00",13.64001239,Canada,Toronto Stock Exchange,CAD,1,CAD
WPK,WINPAK LTD,Materials,Equity,2024-07-31,"4,841,917.96",0.04,"4,841,917.96","101,807.00",47.55977447,Canada,Toronto Stock Exchange,CAD,1,CAD
CXB,CALIBRE MINING CORP,Materials,Equity,2024-07-31,"4,841,917.96",0.04,"4,841,917.96","2,262,578.00",2.140000459,Canada,Toronto Stock Exchange,CAD,1,CAD
JWEL,JAMIESON WELLNESS INC,Consumer Staples,Equity,2024-07-31,"4,841,917.96",0.04,"4,841,917.96","148,207.00",32.66996808,Canada,Toronto Stock Exchange,CAD,1,CAD
BBU.UN,BROOKFIELD BUSINESS PARTNERS UNITS,Industrials,Equity,2024-07-31,"4,841,917.96",0.04,"4,841,917.96","174,170.00",27.79995383,Canada,Toronto Stock Exchange,CAD,1,CAD
BDGI,BADGER INFRASTRUCTURE SOLUTIONS LT,Industrials,Equity,2024-07-31,"4,841,917.96",0.04,"4,841,917.96","124,152.00",38.99991913,Canada,Toronto Stock Exchange,CAD,1,CAD
ENGH,ENGHOUSE SYSTEMS LTD,Information Technology,Equity,2024-07-31,"4,841,917.96",0.04,"4,841,917.96","157,563.00",30.73004423,Canada,Toronto Stock Exchange,CAD,1,CAD
PMZ.UN,PRIMARIS REAL ESTATE INVESTMENT UN,Real Estate,Equity,2024-07-31,"4,841,917.96",0.04,"4,841,917.96","355,501.00",13.61998408,Canada,Toronto Stock Exchange,CAD,1,CAD
EFR,ENERGY FUELS INC,Energy,Equity,2024-07-31,"4,841,917.96",0.04,"4,841,917.96","612,126.00",7.910002123,Canada,Toronto Stock Exchange,CAD,1,CAD
PSI,PASON SYSTEMS INC,Energy,Equity,2024-07-31,"4,841,917.96",0.04,"4,841,917.96","295,961.00",16.35998648,Canada,Toronto Stock Exchange,CAD,1,CAD
SII,SPROTT INC,Financials,Equity,2024-07-31,"4,841,917.96",0.04,"4,841,917.96","78,692.00",61.52998982,Canada,Toronto Stock Exchange,CAD,1,CAD
MDA,MDA SPACE LTD,Industrials,Equity,2024-07-31,"4,841,917.96",0.04,"4,841,917.96","366,534.00",13.21001042,Canada,Toronto Stock Exchange,CAD,1,CAD
MTL,MULLEN GROUP LTD,Industrials,Equity,2024-07-31,"4,841,917.96",0.04,"4,841,917.96","323,874.00",14.95000512,Canada,Toronto Stock Exchange,CAD,1,CAD
OSK,OSISKO MINING INC,Materials,Equity,2024-07-31,"4,841,917.96",0.04,"4,841,917.96","1,480,709.00",3.269999682,Canada,Toronto Stock Exchange,CAD,1,CAD
ASTL,ALGOMA STEEL GROUP INC,Materials,Equity,2024-07-31,"4,841,917.96",0.04,"4,841,917.96","398,184.00",12.1600013,Canada,Toronto Stock Exchange,CAD,1,CAD
TCL.A,TRANSCONTINENTAL SUB VOTING INC CL,Materials,Equity,2024-07-31,"4,841,917.96",0.04,"4,841,917.96","297,050.00",16.30000996,Canada,Toronto Stock Exchange,CAD,1,CAD
PET,PET VALU HOLDINGS LTD,Consumer Discretionary,Equity,2024-07-31,"4,841,917.96",0.04,"4,841,917.96","177,425.00",27.289942,Canada,Toronto Stock Exchange,CAD,1,CAD
ZZZ,SLEEP COUNTRY CANADA HOLDINGS INC,Consumer Discretionary,Equity,2024-07-31,"4,841,917.96",0.04,"4,841,917.96","138,262.00",35.01987501,Canada,Toronto Stock Exchange,CAD,1,CAD
MATR,MATTR CORP,Energy,Equity,2024-07-31,"4,841,917.96",0.04,"4,841,917.96","275,893.00",17.54998481,Canada,Toronto Stock Exchange,CAD,1,CAD
LB,LAURENTIAN BANK OF CANADA,Financials,Equity,2024-07-31,"3,631,438.47",0.03,"3,631,438.47","135,805.00",26.74009403,Canada,Toronto Stock Exchange,CAD,1,CAD
SIA,SIENNA SENIOR LIVING INC,Health Care,Equity,2024-07-31,"3,631,438.47",0.03,"3,631,438.47","233,984.00",15.52002902,Canada,Toronto Stock Exchange,CAD,1,CAD
SVI,STORAGEVAULT CANADA INC,Real Estate,Equity,2024-07-31,"3,631,438.47",0.03,"3,631,438.47","774,294.00",4.689999496,Canada,Toronto Stock Exchange,CAD,1,CAD
TOY,SPIN MASTER SUBORDINATE VOTING COR,Consumer Discretionary,Equity,2024-07-31,"3,631,438.47",0.03,"3,631,438.47","114,883.00",31.60988544,Canada,Toronto Stock Exchange,CAD,1,CAD
OLA,ORLA MINING LTD,Materials,Equity,2024-07-31,"3,631,438.47",0.03,"3,631,438.47","706,506.00",5.139996645,Canada,Toronto Stock Exchange,CAD,1,CAD
NWH.UN,NORTHWEST HEALTHCARE PROPERTIES UN,Real Estate,Equity,2024-07-31,"3,631,438.47",0.03,"3,631,438.47","724,838.00",5.010000123,Canada,Toronto Stock Exchange,CAD,1,CAD
CRT.UN,CT REIT UNITS TRUST,Real Estate,Equity,2024-07-31,"3,631,438.47",0.03,"3,631,438.47","252,183.00",14.40001296,Canada,Toronto Stock Exchange,CAD,1,CAD
KEL,KELT EXPLORATION LTD,Energy,Equity,2024-07-31,"3,631,438.47",0.03,"3,631,438.47","600,238.00",6.049997617,Canada,Toronto Stock Exchange,CAD,1,CAD
IFP,INTERFOR CORP,Materials,Equity,2024-07-31,"3,631,438.47",0.03,"3,631,438.47","200,300.00",18.12999735,Canada,Toronto Stock Exchange,CAD,1,CAD
MTY,MTY FOOD GROUP INC,Consumer Discretionary,Equity,2024-07-31,"3,631,438.47",0.03,"3,631,438.47","79,707.00",45.5598438,Canada,Toronto Stock Exchange,CAD,1,CAD
AOI,AFRICA OIL CORP,Energy,Equity,2024-07-31,"3,631,438.47",0.03,"3,631,438.47","1,538,745.00",2.360000175,Canada,Toronto Stock Exchange,CAD,1,CAD
CFP,CANFOR CORP,Materials,Equity,2024-07-31,"3,631,438.47",0.03,"3,631,438.47","229,257.00",15.8400331,Canada,Toronto Stock Exchange,CAD,1,CAD
BLDP,BALLARD POWER SYSTEMS INC,Industrials,Equity,2024-07-31,"2,420,958.98",0.02,"2,420,958.98","773,469.00",3.130001305,Canada,Toronto Stock Exchange,CAD,1,CAD
WTE,WESTSHORE TERMINALS INVESTMENT COR,Industrials,Equity,2024-07-31,"2,420,958.98",0.02,"2,420,958.98","104,577.00",23.15001367,Canada,Toronto Stock Exchange,CAD,1,CAD
GOOS,CANADA GOOSE HOLDINGS SUB VOTING I,Consumer Discretionary,Equity,2024-07-31,"2,420,958.98",0.02,"2,420,958.98","151,975.00",15.92998177,Canada,Toronto Stock Exchange,CAD,1,CAD
2299955D,CONSTELLATION SOFTWARE INC,Information Technology,Equity,2024-07-31,0,0,0,#DIV/0!,#DIV/0!,Canada,Toronto Stock Exchange,CAD,1,CAD
RY,ROYAL BANK OF CANADA,Financials,Equity,2024-08-30,"842,886,888.65",6.88,"842,886,888.65","5,171,720.00",162.9799929,Canada,Toronto Stock Exchange,CAD,1,CAD
TD,TORONTO DOMINION,Financials,Equity,2024-08-30,"523,128,926.53",4.27,"523,128,926.53","6,478,377.00",80.7499975,Canada,Toronto Stock Exchange,CAD,1,CAD
SHOP,SHOPIFY SUBORDINATE VOTING INC CLA,Information Technology,Equity,2024-08-30,"441,045,464.99",3.6,"441,045,464.99","4,418,850.00",99.81001052,Canada,Toronto Stock Exchange,CAD,1,CAD
ENB,ENBRIDGE INC,Energy,Equity,2024-08-30,"421,443,444.33",3.44,"421,443,444.33","7,772,841.00",54.22000068,Canada,Toronto Stock Exchange,CAD,1,CAD
CNQ,CANADIAN NATURAL RESOURCES LTD,Energy,Equity,2024-08-30,"382,239,402.99",3.12,"382,239,402.99","7,835,986.00",48.78000075,Canada,Toronto Stock Exchange,CAD,1,CAD
CP,CANADIAN PACIFIC KANSAS CITY LTD,Industrials,Equity,2024-08-30,"381,014,276.70",3.11,"381,014,276.70","3,405,866.00",111.8700139,Canada,Toronto Stock Exchange,CAD,1,CAD
BN,BROOKFIELD CORP CLASS A,Financials,Equity,2024-08-30,"354,061,498.29",2.89,"354,061,498.29","5,222,146.00",67.7999999,Canada,Toronto Stock Exchange,CAD,1,CAD
CNR,CANADIAN NATIONAL RAILWAY,Industrials,Equity,2024-08-30,"332,009,225.04",2.71,"332,009,225.04","2,090,870.00",158.7899894,Canada,Toronto Stock Exchange,CAD,1,CAD
CSU,CONSTELLATION SOFTWARE INC,Information Technology,Equity,2024-08-30,"317,307,709.54",2.59,"317,307,709.54","72,104.00",4400.694962,Canada,Toronto Stock Exchange,CAD,1,CAD
BNS,BANK OF NOVA SCOTIA,Financials,Equity,2024-08-30,"302,606,194.04",2.47,"302,606,194.04","4,498,383.00",67.26999325,Canada,Toronto Stock Exchange,CAD,1,CAD
BMO,BANK OF MONTREAL,Financials,Equity,2024-08-30,"300,155,941.45",2.45,"300,155,941.45","2,663,082.00",112.7099884,Canada,Toronto Stock Exchange,CAD,1,CAD
CM,CANADIAN IMPERIAL BANK OF COMMERCE,Financials,Equity,2024-08-30,"269,527,784.16",2.2,"269,527,784.16","3,422,140.00",78.76001103,Canada,Toronto Stock Exchange,CAD,1,CAD
SU,SUNCOR ENERGY INC,Energy,Equity,2024-08-30,"257,276,521.25",2.1,"257,276,521.25","4,706,852.00",54.65999807,Canada,Toronto Stock Exchange,CAD,1,CAD
MFC,MANULIFE FINANCIAL CORP,Financials,Equity,2024-08-30,"243,800,132.04",1.99,"243,800,132.04","6,552,006.00",37.20999829,Canada,Toronto Stock Exchange,CAD,1,CAD
WCN,WASTE CONNECTIONS INC,Industrials,Equity,2024-08-30,"236,449,374.29",1.93,"236,449,374.29","940,830.00",251.3199773,United States,Toronto Stock Exchange,CAD,1,CAD
TRP,TC ENERGY CORP,Energy,Equity,2024-08-30,"236,449,374.29",1.93,"236,449,374.29","3,788,039.00",62.4199947,Canada,Toronto Stock Exchange,CAD,1,CAD
ATD,ALIMENTATION COUCHE TARD INC,Consumer Staples,Equity,2024-08-30,"204,596,090.70",1.67,"204,596,090.70","2,659,510.00",76.92999489,Canada,Toronto Stock Exchange,CAD,1,CAD
AEM,AGNICO EAGLE MINES LTD,Materials,Equity,2024-08-30,"200,920,711.83",1.64,"200,920,711.83","1,829,879.00",109.7999987,Canada,Toronto Stock Exchange,CAD,1,CAD
ABX,BARRICK GOLD CORP,Materials,Equity,2024-08-30,"175,193,059.71",1.43,"175,193,059.71","6,438,554.00",27.21000083,Canada,Toronto Stock Exchange,CAD,1,CAD
IFC,INTACT FINANCIAL CORP,Financials,Equity,2024-08-30,"165,392,049.37",1.35,"165,392,049.37","652,100.00",253.6298871,Canada,Toronto Stock Exchange,CAD,1,CAD
BCE,BCE INC,Communication,Equity,2024-08-30,"158,041,291.62",1.29,"158,041,291.62","3,347,623.00",47.21000293,Canada,Toronto Stock Exchange,CAD,1,CAD
SLF,SUN LIFE FINANCIAL INC,Financials,Equity,2024-08-30,"155,591,039.04",1.27,"155,591,039.04","2,118,038.00",73.45998468,Canada,Toronto Stock Exchange,CAD,1,CAD
NA,NATIONAL BANK OF CANADA,Financials,Equity,2024-08-30,"153,140,786.46",1.25,"153,140,786.46","1,240,107.00",123.4899782,Canada,Toronto Stock Exchange,CAD,1,CAD
DOL,DOLLARAMA INC,Consumer Discretionary,Equity,2024-08-30,"139,664,397.25",1.14,"139,664,397.25","1,023,182.00",136.500053,Canada,Toronto Stock Exchange,CAD,1,CAD
WPM,WHEATON PRECIOUS METALS CORP,Materials,Equity,2024-08-30,"138,439,270.96",1.13,"138,439,270.96","1,662,136.00",83.28997805,Canada,Toronto Stock Exchange,CAD,1,CAD
FFH,FAIRFAX FINANCIAL HOLDINGS SUB VOT,Financials,Equity,2024-08-30,"131,088,513.21",1.07,"131,088,513.21","80,573.00",1626.953362,Canada,Toronto Stock Exchange,CAD,1,CAD
TRI,THOMSON REUTERS CORP,Industrials,Equity,2024-08-30,"124,962,881.75",1.02,"124,962,881.75","541,387.00",230.8198788,Canada,Toronto Stock Exchange,CAD,1,CAD
CVE,CENOVUS ENERGY INC,Energy,Equity,2024-08-30,"120,062,376.58",0.98,"120,062,376.58","4,804,417.00",24.98999912,Canada,Toronto Stock Exchange,CAD,1,CAD
NTR,NUTRIEN LTD,Materials,Equity,2024-08-30,"117,612,124.00",0.96,"117,612,124.00","1,801,932.00",65.27001241,Canada,Toronto Stock Exchange,CAD,1,CAD
T,TELUS CORP,Communication,Equity,2024-08-30,"117,612,124.00",0.96,"117,612,124.00","5,402,486.00",21.7700007,Canada,Toronto Stock Exchange,CAD,1,CAD
FNV,FRANCO NEVADA CORP,Materials,Equity,2024-08-30,"115,161,871.41",0.94,"115,161,871.41","699,817.00",164.5599798,Canada,Toronto Stock Exchange,CAD,1,CAD
PPL,PEMBINA PIPELINE CORP,Energy,Equity,2024-08-30,"115,161,871.41",0.94,"115,161,871.41","2,121,235.00",54.29001097,Canada,Toronto Stock Exchange,CAD,1,CAD
GIB.A,CGI INC,Information Technology,Equity,2024-08-30,"113,936,745.12",0.93,"113,936,745.12","750,423.00",151.830028,Canada,Toronto Stock Exchange,CAD,1,CAD
TECK.B,TECK RESOURCES SUBORDINATE VOTING,Materials,Equity,2024-08-30,"109,036,239.96",0.89,"109,036,239.96","1,689,698.00",64.53001658,Canada,Toronto Stock Exchange,CAD,1,CAD
QSR,RESTAURANTS BRANDS INTERNATIONAL I,Consumer Discretionary,Equity,2024-08-30,"107,811,113.66",0.88,"107,811,113.66","1,151,459.00",93.63000651,Canada,Toronto Stock Exchange,CAD,1,CAD
FTS,FORTIS INC,Utilities,Equity,2024-08-30,"106,585,987.37",0.87,"106,585,987.37","1,797,403.00",59.29999414,Canada,Toronto Stock Exchange,CAD,1,CAD
WSP,WSP GLOBAL INC,Industrials,Equity,2024-08-30,"102,910,608.50",0.84,"102,910,608.50","458,073.00",224.6598435,Canada,Toronto Stock Exchange,CAD,1,CAD
L,LOBLAW COMPANIES LTD,Consumer Staples,Equity,2024-08-30,"93,109,598.17",0.76,"93,109,598.17","529,393.00",175.8799194,Canada,Toronto Stock Exchange,CAD,1,CAD
CCO,CAMECO CORP,Energy,Equity,2024-08-30,"86,983,966.71",0.71,"86,983,966.71","1,581,814.00",54.99000939,Canada,Toronto Stock Exchange,CAD,1,CAD
POW,POWER CORPORATION OF CANADA,Financials,Equity,2024-08-30,"83,308,587.83",0.68,"83,308,587.83","2,013,744.00",41.36999928,Canada,Toronto Stock Exchange,CAD,1,CAD
RCI.B,ROGERS COMMUNICATIONS NON-VOTING I,Communication,Equity,2024-08-30,"74,732,703.79",0.61,"74,732,703.79","1,367,979.00",54.63000806,Canada,Toronto Stock Exchange,CAD,1,CAD
BAM,BROOKFIELD ASSET MANAGEMENT VOTING,Financials,Equity,2024-08-30,"74,732,703.79",0.61,"74,732,703.79","1,360,260.00",54.94001425,Canada,Toronto Stock Exchange,CAD,1,CAD
TOU,TOURMALINE OIL CORP,Energy,Equity,2024-08-30,"74,732,703.79",0.61,"74,732,703.79","1,216,749.00",61.41998374,Canada,Toronto Stock Exchange,CAD,1,CAD
BIP.UN,BROOKFIELD INFRASTRUCTURE PARTNERS,Utilities,Equity,2024-08-30,"73,507,577.50",0.6,"73,507,577.50","1,690,996.00",43.46998899,Bermuda,Toronto Stock Exchange,CAD,1,CAD
MRU,METRO INC,Consumer Staples,Equity,2024-08-30,"69,832,198.62",0.57,"69,832,198.62","824,855.00",84.65996887,Canada,Toronto Stock Exchange,CAD,1,CAD
IMO,IMPERIAL OIL LTD,Energy,Equity,2024-08-30,"60,031,188.29",0.49,"60,031,188.29","591,440.00",101.5000478,Canada,Toronto Stock Exchange,CAD,1,CAD
TFII,TFI INTERNATIONAL INC,Industrials,Equity,2024-08-30,"57,580,935.71",0.47,"57,580,935.71","288,699.00",199.4497234,Canada,Toronto Stock Exchange,CAD,1,CAD
MG,MAGNA INTERNATIONAL INC,Consumer Discretionary,Equity,2024-08-30,"55,130,683.12",0.45,"55,130,683.12","973,352.00",56.64002655,Canada,Toronto Stock Exchange,CAD,1,CAD
K,KINROSS GOLD CORP,Materials,Equity,2024-08-30,"55,130,683.12",0.45,"55,130,683.12","4,526,329.00",12.1799991,Canada,Toronto Stock Exchange,CAD,1,CAD
ARX,ARC RESOURCES LTD,Energy,Equity,2024-08-30,"53,905,556.83",0.44,"53,905,556.83","2,161,410.00",24.93999604,Canada,Toronto Stock Exchange,CAD,1,CAD
H,HYDRO ONE LTD,Utilities,Equity,2024-08-30,"52,680,430.54",0.43,"52,680,430.54","1,149,977.00",45.80998624,Canada,Toronto Stock Exchange,CAD,1,CAD
EMA,EMERA INC,Utilities,Equity,2024-08-30,"52,680,430.54",0.43,"52,680,430.54","1,038,038.00",50.75000197,Canada,Toronto Stock Exchange,CAD,1,CAD
GFL,GFL ENVIRONMENTAL SUBORDINATE VOTI,Industrials,Equity,2024-08-30,"47,779,925.37",0.39,"47,779,925.37","818,149.00",58.40002906,Canada,Toronto Stock Exchange,CAD,1,CAD
WN,GEORGE WESTON LTD,Consumer Staples,Equity,2024-08-30,"46,554,799.08",0.38,"46,554,799.08","212,395.00",219.189713,Canada,Toronto Stock Exchange,CAD,1,CAD
STN,STANTEC INC,Industrials,Equity,2024-08-30,"46,554,799.08",0.38,"46,554,799.08","421,807.00",110.3699063,Canada,Toronto Stock Exchange,CAD,1,CAD
FM,FIRST QUANTUM MINERALS LTD,Materials,Equity,2024-08-30,"44,104,546.50",0.36,"44,104,546.50","2,598,972.00",16.96999679,Canada,Toronto Stock Exchange,CAD,1,CAD
GWO,GREAT WEST LIFECO INC,Financials,Equity,2024-08-30,"44,104,546.50",0.36,"44,104,546.50","995,588.00",44.29999809,Canada,Toronto Stock Exchange,CAD,1,CAD
X,TMX GROUP LTD,Financials,Equity,2024-08-30,"44,104,546.50",0.36,"44,104,546.50","1,025,926.00",42.98998807,Canada,Toronto Stock Exchange,CAD,1,CAD
OTEX,OPEN TEXT CORP,Information Technology,Equity,2024-08-30,"42,879,420.21",0.35,"42,879,420.21","999,986.00",42.88002053,Canada,Toronto Stock Exchange,CAD,1,CAD
DSG,DESCARTES SYSTEMS GROUP INC,Information Technology,Equity,2024-08-30,"42,879,420.21",0.35,"42,879,420.21","315,545.00",135.8900322,Canada,Toronto Stock Exchange,CAD,1,CAD
CCL.B,CCL INDUSTRIES INC CLASS B,Materials,Equity,2024-08-30,"41,654,293.92",0.34,"41,654,293.92","540,614.00",77.04997265,Canada,Toronto Stock Exchange,CAD,1,CAD
EFN,ELEMENT FLEET MANAGEMENT CORP,Industrials,Equity,2024-08-30,"39,204,041.33",0.32,"39,204,041.33","1,402,649.00",27.95000127,Canada,Toronto Stock Exchange,CAD,1,CAD
AGI,ALAMOS GOLD INC CLASS A,Materials,Equity,2024-08-30,"39,204,041.33",0.32,"39,204,041.33","1,509,009.00",25.97999172,Canada,Toronto Stock Exchange,CAD,1,CAD
IVN,IVANHOE MINES LTD CLASS A,Materials,Equity,2024-08-30,"39,204,041.33",0.32,"39,204,041.33","2,181,638.00",17.97000297,Canada,Toronto Stock Exchange,CAD,1,CAD
GIL,GILDAN ACTIVEWEAR INC,Consumer Discretionary,Equity,2024-08-30,"37,978,915.04",0.31,"37,978,915.04","618,348.00",61.41996908,Canada,Toronto Stock Exchange,CAD,1,CAD
ALA,ALTAGAS LTD,Utilities,Equity,2024-08-30,"37,978,915.04",0.31,"37,978,915.04","1,100,200.00",34.52001004,Canada,Toronto Stock Exchange,CAD,1,CAD
FSV,FIRSTSERVICE SUBORDINATE VOTING CO,Real Estate,Equity,2024-08-30,"36,753,788.75",0.3,"36,753,788.75","151,294.00",242.9295858,Canada,Toronto Stock Exchange,CAD,1,CAD
IAG,IA FINANCIAL INC,Financials,Equity,2024-08-30,"36,753,788.75",0.3,"36,753,788.75","354,835.00",103.5799421,Canada,Toronto Stock Exchange,CAD,1,CAD
TIH,TOROMONT INDUSTRIES LTD,Industrials,Equity,2024-08-30,"36,753,788.75",0.3,"36,753,788.75","304,581.00",120.6699983,Canada,Toronto Stock Exchange,CAD,1,CAD
PAAS,PAN AMERICAN SILVER CORP,Materials,Equity,2024-08-30,"35,528,662.46",0.29,"35,528,662.46","1,305,241.00",27.22000187,Canada,Toronto Stock Exchange,CAD,1,CAD
ATRL,ATKINSREALIS GROUP INC,Industrials,Equity,2024-08-30,"34,303,536.17",0.28,"34,303,536.17","649,934.00",52.78003023,Canada,Toronto Stock Exchange,CAD,1,CAD
KEY,KEYERA CORP,Energy,Equity,2024-08-30,"34,303,536.17",0.28,"34,303,536.17","849,728.00",40.37001978,Canada,Toronto Stock Exchange,CAD,1,CAD
LUN,LUNDIN MINING CORP,Materials,Equity,2024-08-30,"34,303,536.17",0.28,"34,303,536.17","2,453,758.00",13.97999973,Canada,Toronto Stock Exchange,CAD,1,CAD
CAR.UN,CANADIAN APARTMENT PROPERTIES REAL,Real Estate,Equity,2024-08-30,"31,853,283.58",0.26,"31,853,283.58","608,119.00",52.38001704,Canada,Toronto Stock Exchange,CAD,1,CAD
CIGI,COLLIERS INTERNATIONAL GROUP SUBOR,Real Estate,Equity,2024-08-30,"29,403,031.00",0.24,"29,403,031.00","151,211.00",194.4503442,Canada,Toronto Stock Exchange,CAD,1,CAD
CLS,CELESTICA INC,Information Technology,Equity,2024-08-30,"29,403,031.00",0.24,"29,403,031.00","428,491.00",68.61995001,Canada,Toronto Stock Exchange,CAD,1,CAD
CTC.A,CANADIAN TIRE LTD CLASS A,Consumer Discretionary,Equity,2024-08-30,"29,403,031.00",0.24,"29,403,031.00","191,376.00",153.6401168,Canada,Toronto Stock Exchange,CAD,1,CAD
BBD.B,BOMBARDIER INC CLASS B,Industrials,Equity,2024-08-30,"29,403,031.00",0.24,"29,403,031.00","317,665.00",92.55986967,Canada,Toronto Stock Exchange,CAD,1,CAD
CAE,CAE INC,Industrials,Equity,2024-08-30,"28,177,904.71",0.23,"28,177,904.71","1,168,723.00",24.10999416,Canada,Toronto Stock Exchange,CAD,1,CAD
SAP,SAPUTO INC,Consumer Staples,Equity,2024-08-30,"26,952,778.42",0.22,"26,952,778.42","899,325.00",29.97000908,Canada,Toronto Stock Exchange,CAD,1,CAD
CAD,CAD CASH,Cash and/or Derivatives,Cash,2024-08-30,"26,952,778.42",0.22,"26,952,778.42","269,528.00",99.99991992,Canada,,CAD,1,CAD
MEG,MEG ENERGY CORP,Energy,Equity,2024-08-30,"26,952,778.42",0.22,"26,952,778.42","1,004,202.00",26.83999675,Canada,Toronto Stock Exchange,CAD,1,CAD
BEP.UN,BROOKFIELD RENEWABLE PARTNERS NON,Utilities,Equity,2024-08-30,"25,727,652.12",0.21,"25,727,652.12","778,682.00",33.03999852,Bermuda,Toronto Stock Exchange,CAD,1,CAD
WFG,WEST FRASER TIMBER LTD,Materials,Equity,2024-08-30,"24,502,525.83",0.2,"24,502,525.83","205,472.00",119.2499505,Canada,Toronto Stock Exchange,CAD,1,CAD
ONEX,ONEX CORP,Financials,Equity,2024-08-30,"23,277,399.54",0.19,"23,277,399.54","244,459.00",95.22005547,Canada,Toronto Stock Exchange,CAD,1,CAD
WCP,WHITECAP RESOURCES INC,Energy,Equity,2024-08-30,"22,052,273.25",0.18,"22,052,273.25","2,149,344.00",10.26000177,Canada,Toronto Stock Exchange,CAD,1,CAD
PSK,PRAIRIESKY ROYALTY LTD,Energy,Equity,2024-08-30,"22,052,273.25",0.18,"22,052,273.25","789,838.00",27.9199953,Canada,Toronto Stock Exchange,CAD,1,CAD
CPX,CAPITAL POWER CORP,Utilities,Equity,2024-08-30,"20,827,146.96",0.17,"20,827,146.96","463,340.00",44.95003012,Canada,Toronto Stock Exchange,CAD,1,CAD
FTT,FINNING INTERNATIONAL INC,Industrials,Equity,2024-08-30,"20,827,146.96",0.17,"20,827,146.96","520,679.00",39.99997495,Canada,Toronto Stock Exchange,CAD,1,CAD
VRN,VEREN INC,Energy,Equity,2024-08-30,"20,827,146.96",0.17,"20,827,146.96","2,136,118.00",9.749998342,Canada,Toronto Stock Exchange,CAD,1,CAD
REI.UN,RIOCAN REAL ESTATE INVESTMENT TRUS,Real Estate,Equity,2024-08-30,"20,827,146.96",0.17,"20,827,146.96","1,116,737.00",18.65000171,Canada,Toronto Stock Exchange,CAD,1,CAD
EMP.A,EMPIRE LTD CLASS A,Consumer Staples,Equity,2024-08-30,"19,602,020.67",0.16,"19,602,020.67","521,608.00",37.57998471,Canada,Toronto Stock Exchange,CAD,1,CAD
NPI,NORTHLAND POWER INC,Utilities,Equity,2024-08-30,"19,602,020.67",0.16,"19,602,020.67","950,171.00",20.62999257,Canada,Toronto Stock Exchange,CAD,1,CAD
CS,CAPSTONE COPPER CORP,Materials,Equity,2024-08-30,"19,602,020.67",0.16,"19,602,020.67","2,027,096.00",9.670001157,Canada,Toronto Stock Exchange,CAD,1,CAD
AC,AIR CANADA VOTING AND VARIABLE VOT,Industrials,Equity,2024-08-30,"19,602,020.67",0.16,"19,602,020.67","1,269,561.00",15.43999908,Canada,Toronto Stock Exchange,CAD,1,CAD
QBR.B,QUEBECOR INC CLASS B,Communication,Equity,2024-08-30,"18,376,894.37",0.15,"18,376,894.37","549,056.00",33.46998189,Canada,Toronto Stock Exchange,CAD,1,CAD
AQN,ALGONQUIN POWER UTILITIES CORP,Utilities,Equity,2024-08-30,"18,376,894.37",0.15,"18,376,894.37","2,513,939.00",7.310000113,Canada,Toronto Stock Exchange,CAD,1,CAD
PKI,PARKLAND CORP,Energy,Equity,2024-08-30,"18,376,894.37",0.15,"18,376,894.37","503,891.00",36.46997937,Canada,Toronto Stock Exchange,CAD,1,CAD
CWB,CANADIAN WESTERN BANK,Financials,Equity,2024-08-30,"18,376,894.37",0.15,"18,376,894.37","357,041.00",51.46998349,Canada,Toronto Stock Exchange,CAD,1,CAD
BTO,B2GOLD CORP,Materials,Equity,2024-08-30,"18,376,894.37",0.15,"18,376,894.37","4,848,785.00",3.78999984,Canada,Toronto Stock Exchange,CAD,1,CAD
GRT.UN,GRANITE REAL ESTATE INVESTMENT STA,Real Estate,Equity,2024-08-30,"17,151,768.08",0.14,"17,151,768.08","224,060.00",76.54988879,Canada,Toronto Stock Exchange,CAD,1,CAD
BYD,BOYD GROUP INCOME INC,Industrials,Equity,2024-08-30,"17,151,768.08",0.14,"17,151,768.08","76,379.00",224.5613072,Canada,Toronto Stock Exchange,CAD,1,CAD
PRMW,PRIMO WATER CORP,Consumer Staples,Equity,2024-08-30,"17,151,768.08",0.14,"17,151,768.08","575,177.00",29.81998252,Canada,Toronto Stock Exchange,CAD,1,CAD
ELD,ELDORADO GOLD CORP,Materials,Equity,2024-08-30,"17,151,768.08",0.14,"17,151,768.08","737,076.00",23.27001297,Canada,Toronto Stock Exchange,CAD,1,CAD
SJ,STELLA JONES INC,Materials,Equity,2024-08-30,"17,151,768.08",0.14,"17,151,768.08","184,825.00",92.80004373,Canada,Toronto Stock Exchange,CAD,1,CAD
OR,OSISKO GOLD ROYALTIES LTD,Materials,Equity,2024-08-30,"15,926,641.79",0.13,"15,926,641.79","684,134.00",23.28000332,Canada,Toronto Stock Exchange,CAD,1,CAD
HBM,HUDBAY MINERALS INC,Materials,Equity,2024-08-30,"15,926,641.79",0.13,"15,926,641.79","1,447,877.00",10.9999964,Canada,Toronto Stock Exchange,CAD,1,CAD
MX,METHANEX CORP,Materials,Equity,2024-08-30,"15,926,641.79",0.13,"15,926,641.79","253,005.00",62.94990926,Canada,Toronto Stock Exchange,CAD,1,CAD
ATZ,ARITZIA SUBORDINATE VOTING INC,Consumer Discretionary,Equity,2024-08-30,"15,926,641.79",0.13,"15,926,641.79","345,480.00",46.10003992,Canada,Toronto Stock Exchange,CAD,1,CAD
KXS,KINAXIS INC,Information Technology,Equity,2024-08-30,"14,701,515.50",0.12,"14,701,515.50","99,793.00",147.3201076,Canada,Toronto Stock Exchange,CAD,1,CAD
CU,CANADIAN UTILITIES LTD CLASS A,Utilities,Equity,2024-08-30,"14,701,515.50",0.12,"14,701,515.50","432,398.00",33.99996184,Canada,Toronto Stock Exchange,CAD,1,CAD
CHP.UN,CHOICE PROPERTIES REAL ESTATE INVE,Real Estate,Equity,2024-08-30,"14,701,515.50",0.12,"14,701,515.50","997,389.00",14.74000164,Canada,Toronto Stock Exchange,CAD,1,CAD
DFY,DEFINITY FINANCIAL CORP,Financials,Equity,2024-08-30,"14,701,515.50",0.12,"14,701,515.50","294,030.00",50.00005271,Canada,Toronto Stock Exchange,CAD,1,CAD
CSH.UN,CHARTWELL RETIREMENT RESIDENCES RE,Health Care,Equity,2024-08-30,"14,701,515.50",0.12,"14,701,515.50","1,007,643.00",14.5900041,Canada,Toronto Stock Exchange,CAD,1,CAD
DIR.UN,DREAM Industrials REAL ESTATE INVES,Real Estate,Equity,2024-08-30,"13,476,389.21",0.11,"13,476,389.21","988,005.00",13.64000102,Canada,Toronto Stock Exchange,CAD,1,CAD
NXE,NEXGEN ENERGY LTD,Energy,Equity,2024-08-30,"13,476,389.21",0.11,"13,476,389.21","1,661,700.00",8.110001329,Canada,Toronto Stock Exchange,CAD,1,CAD
FCR.UN,FIRST CAPITAL REALTY REAL ESTATE I,Real Estate,Equity,2024-08-30,"13,476,389.21",0.11,"13,476,389.21","776,737.00",17.35000291,Canada,Toronto Stock Exchange,CAD,1,CAD
IMG,IAMGOLD CORP,Materials,Equity,2024-08-30,"13,476,389.21",0.11,"13,476,389.21","2,023,482.00",6.659999549,Canada,Toronto Stock Exchange,CAD,1,CAD
GEI,GIBSON ENERGY INC,Energy,Equity,2024-08-30,"13,476,389.21",0.11,"13,476,389.21","605,953.00",22.2399909,Canada,Toronto Stock Exchange,CAD,1,CAD
DOO,BRP SUBORDINATE VOTING INC,Consumer Discretionary,Equity,2024-08-30,"13,476,389.21",0.11,"13,476,389.21","137,880.00",97.73998555,Canada,Toronto Stock Exchange,CAD,1,CAD
BEI.UN,BOARDWALK REAL ESTATE INVESTMENT T,Real Estate,Equity,2024-08-30,"12,251,262.92",0.1,"12,251,262.92","141,961.00",86.30020158,Canada,Toronto Stock Exchange,CAD,1,CAD
ACO.X,ATCO LTD CLASS I,Utilities,Equity,2024-08-30,"12,251,262.92",0.1,"12,251,262.92","269,436.00",45.47002968,Canada,Toronto Stock Exchange,CAD,1,CAD
SRU.UN,SMARTCENTRES RL ESTATE INVESTMENT,Real Estate,Equity,2024-08-30,"12,251,262.92",0.1,"12,251,262.92","479,689.00",25.54001221,Canada,Toronto Stock Exchange,CAD,1,CAD
PBH,PREMIUM BRANDS HOLDINGS CORP,Consumer Staples,Equity,2024-08-30,"12,251,262.92",0.1,"12,251,262.92","140,094.00",87.4503042,Canada,Toronto Stock Exchange,CAD,1,CAD
IGM,IGM FINANCIAL INC,Financials,Equity,2024-08-30,"11,026,136.62",0.09,"11,026,136.62","277,876.00",39.68006098,Canada,Toronto Stock Exchange,CAD,1,CAD
BTE,BAYTEX ENERGY CORP,Energy,Equity,2024-08-30,"11,026,136.62",0.09,"11,026,136.62","2,297,112.00",4.799999575,Canada,Toronto Stock Exchange,CAD,1,CAD
ATH,ATHABASCA OIL CORP,Energy,Equity,2024-08-30,"11,026,136.62",0.09,"11,026,136.62","2,034,343.00",5.419998803,Canada,Toronto Stock Exchange,CAD,1,CAD
TA,TRANSALTA CORP,Utilities,Equity,2024-08-30,"11,026,136.62",0.09,"11,026,136.62","928,908.00",11.86999856,Canada,Toronto Stock Exchange,CAD,1,CAD
ATS,ATS CORP,Industrials,Equity,2024-08-30,"11,026,136.62",0.09,"11,026,136.62","304,589.00",36.20004867,Canada,Toronto Stock Exchange,CAD,1,CAD
BLX,BORALEX INC CLASS A,Utilities,Equity,2024-08-30,"11,026,136.62",0.09,"11,026,136.62","341,684.00",32.26998228,Canada,Toronto Stock Exchange,CAD,1,CAD
USD,USD CASH,Cash and/or Derivatives,Cash,2024-08-30,"11,026,136.62",0.09,"11,026,136.62","81,814.00",134.7707804,United States,,CAD,0.74,USD
NVEI,NUVEI SUBORDINATE VOTING CORP,Financials,Equity,2024-08-30,"11,026,136.62",0.09,"11,026,136.62","245,134.00",44.98003796,Canada,Toronto Stock Exchange,CAD,1,CAD
PEY,PEYTO EXPLORATION & DEVELOPMENT CO,Energy,Equity,2024-08-30,"9,801,010.33",0.08,"9,801,010.33","672,684.00",14.57000662,Canada,Toronto Stock Exchange,CAD,1,CAD
FIL,FILO CORP,Materials,Equity,2024-08-30,"9,801,010.33",0.08,"9,801,010.33","305,518.00",32.07997674,Canada,Toronto Stock Exchange,CAD,1,CAD
HR.UN,H&R REAL ESTATE INVESTMENT TRUST,Real Estate,Equity,2024-08-30,"9,801,010.33",0.08,"9,801,010.33","930,770.00",10.5300024,Canada,Toronto Stock Exchange,CAD,1,CAD
EQX,EQUINOX GOLD CORP,Materials,Equity,2024-08-30,"9,801,010.33",0.08,"9,801,010.33","1,274,514.00",7.689998174,Canada,Toronto Stock Exchange,CAD,1,CAD
NGD,NEW GOLD INC,Materials,Equity,2024-08-30,"9,801,010.33",0.08,"9,801,010.33","2,882,650.00",3.400000116,Canada,Toronto Stock Exchange,CAD,1,CAD
LUG,LUNDIN GOLD INC,Materials,Equity,2024-08-30,"9,801,010.33",0.08,"9,801,010.33","362,062.00",27.06997789,Canada,Toronto Stock Exchange,CAD,1,CAD
EQB,EQB INC,Financials,Equity,2024-08-30,"9,801,010.33",0.08,"9,801,010.33","102,757.00",95.38046394,Canada,Toronto Stock Exchange,CAD,1,CAD
LNR,LINAMAR CORP,Consumer Discretionary,Equity,2024-08-30,"9,801,010.33",0.08,"9,801,010.33","155,079.00",63.20011306,Canada,Toronto Stock Exchange,CAD,1,CAD
OGC,OCEANAGOLD CORPORATION CORP,Materials,Equity,2024-08-30,"8,575,884.04",0.07,"8,575,884.04","2,443,272.00",3.509999722,Canada,Toronto Stock Exchange,CAD,1,CAD
AIF,ALTUS GROUP LTD,Real Estate,Equity,2024-08-30,"8,575,884.04",0.07,"8,575,884.04","157,848.00",54.33001395,Canada,Toronto Stock Exchange,CAD,1,CAD
GSY,GOEASY LTD,Financials,Equity,2024-08-30,"8,575,884.04",0.07,"8,575,884.04","45,215.00",189.6690046,Canada,Toronto Stock Exchange,CAD,1,CAD
ERO,ERO COPPER CORP,Materials,Equity,2024-08-30,"8,575,884.04",0.07,"8,575,884.04","309,487.00",27.70999765,Canada,Toronto Stock Exchange,CAD,1,CAD
TPZ,TOPAZ ENERGY CORP,Energy,Equity,2024-08-30,"8,575,884.04",0.07,"8,575,884.04","321,194.00",26.70001321,Canada,Toronto Stock Exchange,CAD,1,CAD
SES,SECURE ENERGY SERVICES INC,Energy,Equity,2024-08-30,"8,575,884.04",0.07,"8,575,884.04","691,046.00",12.4100046,Canada,Toronto Stock Exchange,CAD,1,CAD
LSPD,LIGHTSPEED COMMERCE INC,Information Technology,Equity,2024-08-30,"8,575,884.04",0.07,"8,575,884.04","493,434.00",17.38000227,Canada,Toronto Stock Exchange,CAD,1,CAD
DPM,DUNDEE PRECIOUS METALS INC,Materials,Equity,2024-08-30,"8,575,884.04",0.07,"8,575,884.04","653,152.00",13.12999737,Canada,Toronto Stock Exchange,CAD,1,CAD
KMP.UN,KILLAM APARTMENT REIT UNITS CLASS,Real Estate,Equity,2024-08-30,"8,575,884.04",0.07,"8,575,884.04","430,300.00",19.93001172,Canada,Toronto Stock Exchange,CAD,1,CAD
BHC,BAUSCH HEALTH COMPANIES INC,Health Care,Equity,2024-08-30,"8,575,884.04",0.07,"8,575,884.04","1,073,327.00",7.990001222,Canada,Toronto Stock Exchange,CAD,1,CAD
CIX,CI FINANCIAL CORP,Financials,Equity,2024-08-30,"8,575,884.04",0.07,"8,575,884.04","491,736.00",17.44001668,Canada,Toronto Stock Exchange,CAD,1,CAD
CJT,CARGOJET INC,Industrials,Equity,2024-08-30,"8,575,884.04",0.07,"8,575,884.04","64,109.00",133.7703605,Canada,Toronto Stock Exchange,CAD,1,CAD
RUS,RUSSEL METALS INC,Industrials,Equity,2024-08-30,"8,575,884.04",0.07,"8,575,884.04","227,840.00",37.63994049,Canada,Toronto Stock Exchange,CAD,1,CAD
TXG,TOREX GOLD RESOURCES INC,Materials,Equity,2024-08-30,"8,575,884.04",0.07,"8,575,884.04","329,842.00",25.99997587,Canada,Toronto Stock Exchange,CAD,1,CAD
VET,VERMILION ENERGY INC,Energy,Equity,2024-08-30,"8,575,884.04",0.07,"8,575,884.04","618,305.00",13.8699898,Canada,Toronto Stock Exchange,CAD,1,CAD
AP.UN,ALLIED PROPERTIES REAL ESTATE INVT,Real Estate,Equity,2024-08-30,"8,575,884.04",0.07,"8,575,884.04","493,150.00",17.39001124,Canada,Toronto Stock Exchange,CAD,1,CAD
STLC,STELCO HOLDINGS INC,Materials,Equity,2024-08-30,"8,575,884.04",0.07,"8,575,884.04","130,930.00",65.49976355,Canada,Toronto Stock Exchange,CAD,1,CAD
NWC,NORTH WEST COMPANY INC,Consumer Staples,Equity,2024-08-30,"8,575,884.04",0.07,"8,575,884.04","187,738.00",45.68006499,Canada,Toronto Stock Exchange,CAD,1,CAD
AG,FIRST MAJESTIC SILVER CORP,Materials,Equity,2024-08-30,"7,350,757.75",0.06,"7,350,757.75","973,610.00",7.550002311,Canada,Toronto Stock Exchange,CAD,1,CAD
EIF,EXCHANGE INCOME CORP,Industrials,Equity,2024-08-30,"7,350,757.75",0.06,"7,350,757.75","148,831.00",49.38996412,Canada,Toronto Stock Exchange,CAD,1,CAD
POU,PARAMOUNT RESOURCE LTD CLASS A,Energy,Equity,2024-08-30,"7,350,757.75",0.06,"7,350,757.75","265,083.00",27.73002324,Canada,Toronto Stock Exchange,CAD,1,CAD
NVA,NUVISTA ENERGY LTD,Energy,Equity,2024-08-30,"7,350,757.75",0.06,"7,350,757.75","575,627.00",12.77000167,Canada,Toronto Stock Exchange,CAD,1,CAD
CG,CENTERRA GOLD INC,Materials,Equity,2024-08-30,"7,350,757.75",0.06,"7,350,757.75","769,713.00",9.549998181,Canada,Toronto Stock Exchange,CAD,1,CAD
RCH,RICHELIEU HARDWARE LTD,Industrials,Equity,2024-08-30,"7,350,757.75",0.06,"7,350,757.75","186,852.00",39.34000037,Canada,Toronto Stock Exchange,CAD,1,CAD
TVE,TAMARACK VALLEY ENERGY LTD,Energy,Equity,2024-08-30,"7,350,757.75",0.06,"7,350,757.75","1,856,252.00",3.959999908,Canada,Toronto Stock Exchange,CAD,1,CAD
TSU,TRISURA GROUP LTD,Financials,Equity,2024-08-30,"7,350,757.75",0.06,"7,350,757.75","175,771.00",41.82008266,Canada,Toronto Stock Exchange,CAD,1,CAD
LIF,LABRADOR IRON ORE ROYALTY CORP,Materials,Equity,2024-08-30,"7,350,757.75",0.06,"7,350,757.75","242,200.00",30.34994942,Canada,Toronto Stock Exchange,CAD,1,CAD
SSL,SANDSTORM GOLD LTD,Materials,Equity,2024-08-30,"7,350,757.75",0.06,"7,350,757.75","932,837.00",7.880002348,Canada,Toronto Stock Exchange,CAD,1,CAD
WDO,WESDOME GOLD MINES LTD,Materials,Equity,2024-08-30,"7,350,757.75",0.06,"7,350,757.75","570,268.00",12.89000566,Canada,Toronto Stock Exchange,CAD,1,CAD
FVI,FORTUNA MINING CORP,Materials,Equity,2024-08-30,"7,350,757.75",0.06,"7,350,757.75","1,183,697.00",6.209999476,Canada,Toronto Stock Exchange,CAD,1,CAD
CEU,CES ENERGY SOLUTIONS CORP,Energy,Equity,2024-08-30,"7,350,757.75",0.06,"7,350,757.75","918,845.00",7.999997551,Canada,Toronto Stock Exchange,CAD,1,CAD
TLRY,TILRAY BRANDS INC,Health Care,Equity,2024-08-30,"7,350,757.75",0.06,"7,350,757.75","3,182,146.00",2.310000154,United States,Toronto Stock Exchange,CAD,1,CAD
IIP.UN,INTERRENT REAL ESTATE INVESTMENT T,Real Estate,Equity,2024-08-30,"7,350,757.75",0.06,"7,350,757.75","577,890.00",12.71999472,Canada,Toronto Stock Exchange,CAD,1,CAD
DML,DENISON MINES CORP,Energy,Equity,2024-08-30,"6,125,631.46",0.05,"6,125,631.46","2,746,920.00",2.229999948,Canada,Toronto Stock Exchange,CAD,1,CAD
SEA,SEABRIDGE GOLD INC,Materials,Equity,2024-08-30,"6,125,631.46",0.05,"6,125,631.46","258,356.00",23.71004141,Canada,Toronto Stock Exchange,CAD,1,CAD
OSK,OSISKO MINING INC,Materials,Equity,2024-08-30,"6,125,631.46",0.05,"6,125,631.46","1,273,520.00",4.810000203,Canada,Toronto Stock Exchange,CAD,1,CAD
KNT,K92 MINING INC,Materials,Equity,2024-08-30,"6,125,631.46",0.05,"6,125,631.46","830,031.00",7.380003227,Canada,Toronto Stock Exchange,CAD,1,CAD
SPB,SUPERIOR PLUS CORP,Utilities,Equity,2024-08-30,"6,125,631.46",0.05,"6,125,631.46","792,449.00",7.730000868,Canada,Toronto Stock Exchange,CAD,1,CAD
FRU,FREEHOLD ROYALTIES LTD,Energy,Equity,2024-08-30,"6,125,631.46",0.05,"6,125,631.46","445,500.00",13.7500145,Canada,Toronto Stock Exchange,CAD,1,CAD
IPCO,INTERNATIONAL PETROLEUM CORP,Energy,Equity,2024-08-30,"6,125,631.46",0.05,"6,125,631.46","299,542.00",20.44999185,Canada,Toronto Stock Exchange,CAD,1,CAD
BB,BLACKBERRY LTD,Information Technology,Equity,2024-08-30,"6,125,631.46",0.05,"6,125,631.46","1,932,376.00",3.169999761,Canada,Toronto Stock Exchange,CAD,1,CAD
AYA,AYA GOLD & SILVER INC,Materials,Equity,2024-08-30,"6,125,631.46",0.05,"6,125,631.46","409,194.00",14.96999335,Canada,Toronto Stock Exchange,CAD,1,CAD
NFI,NFI GROUP INC,Industrials,Equity,2024-08-30,"6,125,631.46",0.05,"6,125,631.46","317,226.00",19.3099918,Canada,Toronto Stock Exchange,CAD,1,CAD
MAG,MAG SILVER CORP,Materials,Equity,2024-08-30,"6,125,631.46",0.05,"6,125,631.46","347,652.00",17.62000926,Canada,Toronto Stock Exchange,CAD,1,CAD
SIL,SILVERCREST METALS INC,Materials,Equity,2024-08-30,"6,125,631.46",0.05,"6,125,631.46","547,910.00",11.17999573,Canada,Toronto Stock Exchange,CAD,1,CAD
MFI,MAPLE LEAF FOODS INC,Consumer Staples,Equity,2024-08-30,"6,125,631.46",0.05,"6,125,631.46","277,429.00",22.07999689,Canada,Toronto Stock Exchange,CAD,1,CAD
BIR,BIRCHCLIFF ENERGY LTD,Energy,Equity,2024-08-30,"6,125,631.46",0.05,"6,125,631.46","1,040,005.00",5.890001931,Canada,Toronto Stock Exchange,CAD,1,CAD
CRR.UN,CROMBIE REAL ESTATE INVESTMENT TRU,Real Estate,Equity,2024-08-30,"6,125,631.46",0.05,"6,125,631.46","416,143.00",14.72001562,Canada,Toronto Stock Exchange,CAD,1,CAD
AAV,ADVANTAGE ENERGY LTD,Energy,Equity,2024-08-30,"6,125,631.46",0.05,"6,125,631.46","630,209.00",9.719999965,Canada,Toronto Stock Exchange,CAD,1,CAD
CCA,COGECO COMMUNICATIONS SUBORDINATE,Communication,Equity,2024-08-30,"6,125,631.46",0.05,"6,125,631.46","94,868.00",64.57004952,Canada,Toronto Stock Exchange,CAD,1,CAD
HWX,HEADWATER EXPLORATION INC,Energy,Equity,2024-08-30,"4,900,505.17",0.04,"4,900,505.17","715,402.00",6.85000205,Canada,Toronto Stock Exchange,CAD,1,CAD
MDA,MDA SPACE LTD,Industrials,Equity,2024-08-30,"4,900,505.17",0.04,"4,900,505.17","309,180.00",15.85000701,Canada,Toronto Stock Exchange,CAD,1,CAD
CXB,CALIBRE MINING CORP,Materials,Equity,2024-08-30,"4,900,505.17",0.04,"4,900,505.17","2,149,344.00",2.280000394,Canada,Toronto Stock Exchange,CAD,1,CAD
SSRM,SSR MINING INC,Materials,Equity,2024-08-30,"4,900,505.17",0.04,"4,900,505.17","698,078.00",7.019996571,Canada,Toronto Stock Exchange,CAD,1,CAD
PMZ.UN,PRIMARIS REAL ESTATE INVESTMENT UN,Real Estate,Equity,2024-08-30,"4,900,505.17",0.04,"4,900,505.17","330,445.00",14.8300176,Canada,Toronto Stock Exchange,CAD,1,CAD
INE,INNERGEX RENEWABLE ENERGY INC,Utilities,Equity,2024-08-30,"4,900,505.17",0.04,"4,900,505.17","538,517.00",9.100000866,Canada,Toronto Stock Exchange,CAD,1,CAD
PD,PRECISION DRILLING CORP,Energy,Equity,2024-08-30,"4,900,505.17",0.04,"4,900,505.17","50,267.00",97.48950935,Canada,Toronto Stock Exchange,CAD,1,CAD
WPK,WINPAK LTD,Materials,Equity,2024-08-30,"4,900,505.17",0.04,"4,900,505.17","107,420.00",45.62004437,Canada,Toronto Stock Exchange,CAD,1,CAD
PXT,PAREX RESOURCES INC,Energy,Equity,2024-08-30,"4,900,505.17",0.04,"4,900,505.17","362,196.00",13.52998146,Canada,Toronto Stock Exchange,CAD,1,CAD
ASTL,ALGOMA STEEL GROUP INC,Materials,Equity,2024-08-30,"4,900,505.17",0.04,"4,900,505.17","342,453.00",14.31000799,Canada,Toronto Stock Exchange,CAD,1,CAD
NG,NOVAGOLD RESOURCES INC,Materials,Equity,2024-08-30,"4,900,505.17",0.04,"4,900,505.17","858,232.00",5.71000052,Canada,Toronto Stock Exchange,CAD,1,CAD
BBU.UN,BROOKFIELD BUSINESS PARTNERS UNITS,Industrials,Equity,2024-08-30,"4,900,505.17",0.04,"4,900,505.17","175,834.00",27.87006589,Canada,Toronto Stock Exchange,CAD,1,CAD
JWEL,JAMIESON WELLNESS INC,Consumer Staples,Equity,2024-08-30,"4,900,505.17",0.04,"4,900,505.17","157,471.00",31.12004856,Canada,Toronto Stock Exchange,CAD,1,CAD
ENGH,ENGHOUSE SYSTEMS LTD,Information Technology,Equity,2024-08-30,"4,900,505.17",0.04,"4,900,505.17","166,741.00",29.38992309,Canada,Toronto Stock Exchange,CAD,1,CAD
OLA,ORLA MINING LTD,Materials,Equity,2024-08-30,"4,900,505.17",0.04,"4,900,505.17","862,765.00",5.679999961,Canada,Toronto Stock Exchange,CAD,1,CAD
BDGI,BADGER INFRASTRUCTURE SOLUTIONS LT,Industrials,Equity,2024-08-30,"4,900,505.17",0.04,"4,900,505.17","136,201.00",35.97994998,Canada,Toronto Stock Exchange,CAD,1,CAD
TCL.A,TRANSCONTINENTAL SUB VOTING INC CL,Materials,Equity,2024-08-30,"4,900,505.17",0.04,"4,900,505.17","291,870.00",16.79002695,Canada,Toronto Stock Exchange,CAD,1,CAD
MTL,MULLEN GROUP LTD,Industrials,Equity,2024-08-30,"4,900,505.17",0.04,"4,900,505.17","343,654.00",14.25999746,Canada,Toronto Stock Exchange,CAD,1,CAD
ZZZ,SLEEP COUNTRY CANADA HOLDINGS INC,Consumer Discretionary,Equity,2024-08-30,"3,675,378.87",0.03,"3,675,378.87","105,584.00",34.80999844,Canada,Toronto Stock Exchange,CAD,1,CAD
SVI,STORAGEVAULT CANADA INC,Real Estate,Equity,2024-08-30,"3,675,378.87",0.03,"3,675,378.87","759,376.00",4.839998729,Canada,Toronto Stock Exchange,CAD,1,CAD
SII,SPROTT INC,Financials,Equity,2024-08-30,"3,675,378.87",0.03,"3,675,378.87","66,837.00",54.99018321,Canada,Toronto Stock Exchange,CAD,1,CAD
TOY,SPIN MASTER SUBORDINATE VOTING COR,Consumer Discretionary,Equity,2024-08-30,"3,675,378.87",0.03,"3,675,378.87","113,824.00",32.29001682,Canada,Toronto Stock Exchange,CAD,1,CAD
PSI,PASON SYSTEMS INC,Energy,Equity,2024-08-30,"3,675,378.87",0.03,"3,675,378.87","256,840.00",14.30999406,Canada,Toronto Stock Exchange,CAD,1,CAD
SIA,SIENNA SENIOR LIVING INC,Health Care,Equity,2024-08-30,"3,675,378.87",0.03,"3,675,378.87","236,816.00",15.51997701,Canada,Toronto Stock Exchange,CAD,1,CAD
LB,LAURENTIAN BANK OF CANADA,Financials,Equity,2024-08-30,"3,675,378.87",0.03,"3,675,378.87","142,401.00",25.81006366,Canada,Toronto Stock Exchange,CAD,1,CAD
CRT.UN,CT REIT UNITS TRUST,Real Estate,Equity,2024-08-30,"3,675,378.87",0.03,"3,675,378.87","238,197.00",15.42999649,Canada,Toronto Stock Exchange,CAD,1,CAD
NWH.UN,NORTHWEST HEALTHCARE PROPERTIES UN,Real Estate,Equity,2024-08-30,"3,675,378.87",0.03,"3,675,378.87","724,927.00",5.0699986,Canada,Toronto Stock Exchange,CAD,1,CAD
EFR,ENERGY FUELS INC,Energy,Equity,2024-08-30,"3,675,378.87",0.03,"3,675,378.87","561,127.00",6.549994698,Canada,Toronto Stock Exchange,CAD,1,CAD
PET,PET VALU HOLDINGS LTD,Consumer Discretionary,Equity,2024-08-30,"3,675,378.87",0.03,"3,675,378.87","150,754.00",24.37997582,Canada,Toronto Stock Exchange,CAD,1,CAD
MATR,MATTR CORP,Energy,Equity,2024-08-30,"3,675,378.87",0.03,"3,675,378.87","235,149.00",15.63000002,Canada,Toronto Stock Exchange,CAD,1,CAD
KEL,KELT EXPLORATION LTD,Energy,Equity,2024-08-30,"3,675,378.87",0.03,"3,675,378.87","589,003.00",6.240000263,Canada,Toronto Stock Exchange,CAD,1,CAD
MTY,MTY FOOD GROUP INC,Consumer Discretionary,Equity,2024-08-30,"3,675,378.87",0.03,"3,675,378.87","85,414.00",43.03016923,Canada,Toronto Stock Exchange,CAD,1,CAD
IFP,INTERFOR CORP,Materials,Equity,2024-08-30,"3,675,378.87",0.03,"3,675,378.87","220,083.00",16.69996717,Canada,Toronto Stock Exchange,CAD,1,CAD
WTE,WESTSHORE TERMINALS INVESTMENT COR,Industrials,Equity,2024-08-30,"2,450,252.58",0.02,"2,450,252.58","102,478.00",23.91003516,Canada,Toronto Stock Exchange,CAD,1,CAD
CFP,CANFOR CORP,Materials,Equity,2024-08-30,"2,450,252.58",0.02,"2,450,252.58","168,402.00",14.55002068,Canada,Toronto Stock Exchange,CAD,1,CAD
AOI,AFRICA OIL CORP,Energy,Equity,2024-08-30,"2,450,252.58",0.02,"2,450,252.58","1,189,443.00",2.060000003,Canada,Toronto Stock Exchange,CAD,1,CAD
GOOS,CANADA GOOSE HOLDINGS SUB VOTING I,Consumer Discretionary,Equity,2024-08-30,"2,450,252.58",0.02,"2,450,252.58","155,473.00",15.7599878,Canada,Toronto Stock Exchange,CAD,1,CAD
BLDP,BALLARD POWER SYSTEMS INC,Industrials,Equity,2024-08-30,"2,450,252.58",0.02,"2,450,252.58","984,037.00",2.490000461,Canada,Toronto Stock Exchange,CAD,1,CAD
2299955D,CONSTELLATION SOFTWARE INC,Information Technology,Equity,2024-08-30,0,0,0,#DIV/0!,#DIV/0!,Canada,Toronto Stock Exchange,CAD,1,CAD
RY,ROYAL BANK OF CANADA,Financials,Equity,2024-09-30,"875,586,611.99",6.93,"875,586,611.99","5,187,124.00",168.8000156,Canada,Toronto Stock Exchange,CAD,1,CAD
TD,TORONTO DOMINION,Financials,Equity,2024-09-30,"547,083,698.40",4.33,"547,083,698.40","6,397,143.00",85.52000454,Canada,Toronto Stock Exchange,CAD,1,CAD
SHOP,SHOPIFY SUBORDINATE VOTING INC CLA,Information Technology,Equity,2024-09-30,"480,119,642.94",3.8,"480,119,642.94","4,431,192.00",108.3499977,Canada,Toronto Stock Exchange,CAD,1,CAD
ENB,ENBRIDGE INC,Energy,Equity,2024-09-30,"438,425,042.37",3.47,"438,425,042.37","7,980,070.00",54.93999957,Canada,Toronto Stock Exchange,CAD,1,CAD
CP,CANADIAN PACIFIC KANSAS CITY LTD,Industrials,Equity,2024-09-30,"395,466,969.05",3.13,"395,466,969.05","3,418,924.00",115.6700088,Canada,Toronto Stock Exchange,CAD,1,CAD
BN,BROOKFIELD CORP CLASS A,Financials,Equity,2024-09-30,"379,041,823.37",3,"379,041,823.37","5,276,929.00",71.83000252,Canada,Toronto Stock Exchange,CAD,1,CAD
CNQ,CANADIAN NATURAL RESOURCES LTD,Energy,Equity,2024-09-30,"349,981,950.25",2.77,"349,981,950.25","7,792,963.00",44.90999768,Canada,Toronto Stock Exchange,CAD,1,CAD
BNS,BANK OF NOVA SCOTIA,Financials,Equity,2024-09-30,"332,293,331.82",2.63,"332,293,331.82","4,509,341.00",73.68999857,Canada,Toronto Stock Exchange,CAD,1,CAD
BMO,BANK OF MONTREAL,Financials,Equity,2024-09-30,"325,975,968.10",2.58,"325,975,968.10","2,671,058.00",122.0400186,Canada,Toronto Stock Exchange,CAD,1,CAD
CNR,CANADIAN NATIONAL RAILWAY,Industrials,Equity,2024-09-30,"320,922,077.12",2.54,"320,922,077.12","2,026,407.00",158.3700003,Canada,Toronto Stock Exchange,CAD,1,CAD
CSU,CONSTELLATION SOFTWARE INC,Information Technology,Equity,2024-09-30,"318,395,131.63",2.52,"318,395,131.63","72,363.00",4399.971417,Canada,Toronto Stock Exchange,CAD,1,CAD
CM,CANADIAN IMPERIAL BANK OF COMMERCE,Financials,Equity,2024-09-30,"286,808,313.02",2.27,"286,808,313.02","3,457,188.00",82.959999,Canada,Toronto Stock Exchange,CAD,1,CAD
MFC,MANULIFE FINANCIAL CORP,Financials,Equity,2024-09-30,"260,275,385.38",2.06,"260,275,385.38","6,511,768.00",39.97000283,Canada,Toronto Stock Exchange,CAD,1,CAD
TRP,TC ENERGY CORP,Energy,Equity,2024-09-30,"243,850,239.70",1.93,"243,850,239.70","3,792,973.00",64.29000146,Canada,Toronto Stock Exchange,CAD,1,CAD
SU,SUNCOR ENERGY INC,Energy,Equity,2024-09-30,"232,478,985.00",1.84,"232,478,985.00","4,657,031.00",49.91999946,Canada,Toronto Stock Exchange,CAD,1,CAD
WCN,WASTE CONNECTIONS INC,Industrials,Equity,2024-09-30,"228,688,566.77",1.81,"228,688,566.77","945,971.00",241.7500819,United States,Toronto Stock Exchange,CAD,1,CAD
ATD,ALIMENTATION COUCHE TARD INC,Consumer Staples,Equity,2024-09-30,"214,790,366.58",1.7,"214,790,366.58","2,872,681.00",74.77000286,Canada,Toronto Stock Exchange,CAD,1,CAD
AEM,AGNICO EAGLE MINES LTD,Materials,Equity,2024-09-30,"199,628,693.64",1.58,"199,628,693.64","1,832,296.00",108.9500243,Canada,Toronto Stock Exchange,CAD,1,CAD
ABX,BARRICK GOLD CORP,Materials,Equity,2024-09-30,"173,095,766.01",1.37,"173,095,766.01","6,434,787.00",26.89999933,Canada,Toronto Stock Exchange,CAD,1,CAD
IFC,INTACT FINANCIAL CORP,Financials,Equity,2024-09-30,"169,305,347.77",1.34,"169,305,347.77","651,927.00",259.6998556,Canada,Toronto Stock Exchange,CAD,1,CAD
SLF,SUN LIFE FINANCIAL INC,Financials,Equity,2024-09-30,"165,514,929.54",1.31,"165,514,929.54","2,109,814.00",78.45001007,Canada,Toronto Stock Exchange,CAD,1,CAD
NA,NATIONAL BANK OF CANADA,Financials,Equity,2024-09-30,"159,197,565.82",1.26,"159,197,565.82","1,246,262.00",127.7400465,Canada,Toronto Stock Exchange,CAD,1,CAD
BCE,BCE INC,Communication,Equity,2024-09-30,"156,670,620.33",1.24,"156,670,620.33","3,332,000.00",47.0199941,Canada,Toronto Stock Exchange,CAD,1,CAD
DOL,DOLLARAMA INC,Consumer Discretionary,Equity,2024-09-30,"142,772,420.14",1.13,"142,772,420.14","1,030,550.00",138.5400225,Canada,Toronto Stock Exchange,CAD,1,CAD
WPM,WHEATON PRECIOUS METALS CORP,Materials,Equity,2024-09-30,"137,718,529.16",1.09,"137,718,529.16","1,667,295.00",82.5999773,Canada,Toronto Stock Exchange,CAD,1,CAD
FFH,FAIRFAX FINANCIAL HOLDINGS SUB VOT,Financials,Equity,2024-09-30,"133,928,110.92",1.06,"133,928,110.92","78,427.00",1707.678617,Canada,Toronto Stock Exchange,CAD,1,CAD
T,TELUS CORP,Communication,Equity,2024-09-30,"123,820,328.97",0.98,"123,820,328.97","5,457,044.00",22.69000011,Canada,Toronto Stock Exchange,CAD,1,CAD
TECK.B,TECK RESOURCES SUBORDINATE VOTING,Materials,Equity,2024-09-30,"118,766,437.99",0.94,"118,766,437.99","1,681,292.00",70.63998282,Canada,Toronto Stock Exchange,CAD,1,CAD
PPL,PEMBINA PIPELINE CORP,Energy,Equity,2024-09-30,"118,766,437.99",0.94,"118,766,437.99","2,130,340.00",55.74999202,Canada,Toronto Stock Exchange,CAD,1,CAD
FNV,FRANCO NEVADA CORP,Materials,Equity,2024-09-30,"118,766,437.99",0.94,"118,766,437.99","707,027.00",167.9800602,Canada,Toronto Stock Exchange,CAD,1,CAD
NTR,NUTRIEN LTD,Materials,Equity,2024-09-30,"117,502,965.25",0.93,"117,502,965.25","1,808,016.00",64.99000299,Canada,Toronto Stock Exchange,CAD,1,CAD
GIB.A,CGI INC CLASS A,Information Technology,Equity,2024-09-30,"116,239,492.50",0.92,"116,239,492.50","746,944.00",155.62009,Canada,Toronto Stock Exchange,CAD,1,CAD
TRI,THOMSON REUTERS CORP,Industrials,Equity,2024-09-30,"113,712,547.01",0.9,"113,712,547.01","492,924.00",230.6898163,Canada,Toronto Stock Exchange,CAD,1,CAD
QSR,RESTAURANTS BRANDS INTERNATIONAL I,Consumer Discretionary,Equity,2024-09-30,"113,712,547.01",0.9,"113,712,547.01","1,165,207.00",97.58999647,Canada,Toronto Stock Exchange,CAD,1,CAD
FTS,FORTIS INC,Utilities,Equity,2024-09-30,"111,185,601.52",0.88,"111,185,601.52","1,809,367.00",61.44999965,Canada,Toronto Stock Exchange,CAD,1,CAD
WSP,WSP GLOBAL INC,Industrials,Equity,2024-09-30,"109,922,128.78",0.87,"109,922,128.78","457,475.00",240.2800782,Canada,Toronto Stock Exchange,CAD,1,CAD
CVE,CENOVUS ENERGY INC,Energy,Equity,2024-09-30,"107,395,183.29",0.85,"107,395,183.29","4,747,798.00",22.61999843,Canada,Toronto Stock Exchange,CAD,1,CAD
CCO,CAMECO CORP,Energy,Equity,2024-09-30,"103,604,765.06",0.82,"103,604,765.06","1,603,541.00",64.60998818,Canada,Toronto Stock Exchange,CAD,1,CAD
L,LOBLAW COMPANIES LTD,Consumer Staples,Equity,2024-09-30,"94,760,455.84",0.75,"94,760,455.84","526,213.00",180.0800357,Canada,Toronto Stock Exchange,CAD,1,CAD
BAM,BROOKFIELD ASSET MANAGEMENT VOTING,Financials,Equity,2024-09-30,"87,179,619.38",0.69,"87,179,619.38","1,363,460.00",63.93999045,Canada,Toronto Stock Exchange,CAD,1,CAD
POW,POWER CORPORATION OF CANADA,Financials,Equity,2024-09-30,"84,652,673.89",0.67,"84,652,673.89","1,984,357.00",42.66000215,Canada,Toronto Stock Exchange,CAD,1,CAD
BIP.UN,BROOKFIELD INFRASTRUCTURE PARTNERS,Utilities,Equity,2024-09-30,"80,862,255.65",0.64,"80,862,255.65","1,703,439.00",47.47000371,Bermuda,Toronto Stock Exchange,CAD,1,CAD
TOU,TOURMALINE OIL CORP,Energy,Equity,2024-09-30,"75,808,364.67",0.6,"75,808,364.67","1,206,947.00",62.81001956,Canada,Toronto Stock Exchange,CAD,1,CAD
RCI.B,ROGERS COMMUNICATIONS NON-VOTING I,Communication,Equity,2024-09-30,"75,808,364.67",0.6,"75,808,364.67","1,394,049.00",54.37998569,Canada,Toronto Stock Exchange,CAD,1,CAD
MRU,METRO INC,Consumer Staples,Equity,2024-09-30,"63,173,637.23",0.5,"63,173,637.23","738,959.00",85.49004374,Canada,Toronto Stock Exchange,CAD,1,CAD
IMO,IMPERIAL OIL LTD,Energy,Equity,2024-09-30,"58,119,746.25",0.46,"58,119,746.25","610,822.00",95.15005394,Canada,Toronto Stock Exchange,CAD,1,CAD
K,KINROSS GOLD CORP,Materials,Equity,2024-09-30,"56,856,273.51",0.45,"56,856,273.51","4,487,472.00",12.67000073,Canada,Toronto Stock Exchange,CAD,1,CAD
EMA,EMERA INC,Utilities,Equity,2024-09-30,"56,856,273.51",0.45,"56,856,273.51","1,066,922.00",53.29000012,Canada,Toronto Stock Exchange,CAD,1,CAD
MG,MAGNA INTERNATIONAL INC,Consumer Discretionary,Equity,2024-09-30,"54,329,328.02",0.43,"54,329,328.02","979,260.00",55.47998286,Canada,Toronto Stock Exchange,CAD,1,CAD
H,HYDRO ONE LTD,Utilities,Equity,2024-09-30,"54,329,328.02",0.43,"54,329,328.02","1,158,902.00",46.88000195,Canada,Toronto Stock Exchange,CAD,1,CAD
TFII,TFI INTERNATIONAL INC,Industrials,Equity,2024-09-30,"54,329,328.02",0.43,"54,329,328.02","293,276.00",185.2498262,Canada,Toronto Stock Exchange,CAD,1,CAD
IVN,IVANHOE MINES LTD CLASS A,Materials,Equity,2024-09-30,"53,065,855.27",0.42,"53,065,855.27","2,637,468.00",20.11999966,Canada,Toronto Stock Exchange,CAD,1,CAD
ARX,ARC RESOURCES LTD,Energy,Equity,2024-09-30,"50,538,909.78",0.4,"50,538,909.78","2,210,801.00",22.85999951,Canada,Toronto Stock Exchange,CAD,1,CAD
GWO,GREAT WEST LIFECO INC,Financials,Equity,2024-09-30,"45,485,018.80",0.36,"45,485,018.80","986,232.00",46.11999895,Canada,Toronto Stock Exchange,CAD,1,CAD
FM,FIRST QUANTUM MINERALS LTD,Materials,Equity,2024-09-30,"45,485,018.80",0.36,"45,485,018.80","2,466,650.00",18.43999708,Canada,Toronto Stock Exchange,CAD,1,CAD
STN,STANTEC INC,Industrials,Equity,2024-09-30,"45,485,018.80",0.36,"45,485,018.80","418,215.00",108.7598934,Canada,Toronto Stock Exchange,CAD,1,CAD
GFL,GFL ENVIRONMENTAL SUBORDINATE VOTI,Industrials,Equity,2024-09-30,"45,485,018.80",0.36,"45,485,018.80","843,096.00",53.94998767,Canada,Toronto Stock Exchange,CAD,1,CAD
WN,GEORGE WESTON LTD,Consumer Staples,Equity,2024-09-30,"45,485,018.80",0.36,"45,485,018.80","200,375.00",226.99947,Canada,Toronto Stock Exchange,CAD,1,CAD
CCL.B,CCL INDUSTRIES INC CLASS B,Materials,Equity,2024-09-30,"45,485,018.80",0.36,"45,485,018.80","551,668.00",82.44998587,Canada,Toronto Stock Exchange,CAD,1,CAD
OTEX,OPEN TEXT CORP,Information Technology,Equity,2024-09-30,"44,221,546.06",0.35,"44,221,546.06","982,264.00",45.02002116,Canada,Toronto Stock Exchange,CAD,1,CAD
DSG,DESCARTES SYSTEMS GROUP INC,Information Technology,Equity,2024-09-30,"44,221,546.06",0.35,"44,221,546.06","317,752.00",139.1700007,Canada,Toronto Stock Exchange,CAD,1,CAD
X,TMX GROUP LTD,Financials,Equity,2024-09-30,"42,958,073.32",0.34,"42,958,073.32","1,013,401.00",42.39000486,Canada,Toronto Stock Exchange,CAD,1,CAD
EFN,ELEMENT FLEET MANAGEMENT CORP,Industrials,Equity,2024-09-30,"42,958,073.32",0.34,"42,958,073.32","1,493,674.00",28.76000608,Canada,Toronto Stock Exchange,CAD,1,CAD
AGI,ALAMOS GOLD INC CLASS A,Materials,Equity,2024-09-30,"41,694,600.57",0.33,"41,694,600.57","1,547,109.00",26.95000842,Canada,Toronto Stock Exchange,CAD,1,CAD
TIH,TOROMONT INDUSTRIES LTD,Industrials,Equity,2024-09-30,"39,167,655.08",0.31,"39,167,655.08","296,680.00",132.0198702,Canada,Toronto Stock Exchange,CAD,1,CAD
IAG,IA FINANCIAL INC,Financials,Equity,2024-09-30,"39,167,655.08",0.31,"39,167,655.08","349,399.00",112.1000778,Canada,Toronto Stock Exchange,CAD,1,CAD
FSV,FIRSTSERVICE SUBORDINATE VOTING CO,Real Estate,Equity,2024-09-30,"37,904,182.34",0.3,"37,904,182.34","153,390.00",247.1098659,Canada,Toronto Stock Exchange,CAD,1,CAD
PAAS,PAN AMERICAN SILVER CORP,Materials,Equity,2024-09-30,"37,904,182.34",0.3,"37,904,182.34","1,342,216.00",28.24000186,Canada,Toronto Stock Exchange,CAD,1,CAD
ALA,ALTAGAS LTD,Utilities,Equity,2024-09-30,"36,640,709.59",0.29,"36,640,709.59","1,094,406.00",33.479997,Canada,Toronto Stock Exchange,CAD,1,CAD
KEY,KEYERA CORP,Energy,Equity,2024-09-30,"35,377,236.85",0.28,"35,377,236.85","838,920.00",42.16997669,Canada,Toronto Stock Exchange,CAD,1,CAD
ATRL,ATKINSREALIS GROUP INC,Industrials,Equity,2024-09-30,"35,377,236.85",0.28,"35,377,236.85","643,808.00",54.94998019,Canada,Toronto Stock Exchange,CAD,1,CAD
GIL,GILDAN ACTIVEWEAR INC,Consumer Discretionary,Equity,2024-09-30,"35,377,236.85",0.28,"35,377,236.85","555,722.00",63.6599538,Canada,Toronto Stock Exchange,CAD,1,CAD
LUN,LUNDIN MINING CORP,Materials,Equity,2024-09-30,"34,113,764.10",0.27,"34,113,764.10","2,407,464.00",14.16999968,Canada,Toronto Stock Exchange,CAD,1,CAD
CAR.UN,CANADIAN APARTMENT PROPERTIES REAL,Real Estate,Equity,2024-09-30,"34,113,764.10",0.27,"34,113,764.10","620,363.00",54.99000441,Canada,Toronto Stock Exchange,CAD,1,CAD
CAD,CAD CASH,Cash and/or Derivatives,Cash,2024-09-30,"32,850,291.36",0.26,"32,850,291.36","328,503.00",99.9999737,Canada,,CAD,1,CAD
BBD.B,BOMBARDIER INC CLASS B,Industrials,Equity,2024-09-30,"32,850,291.36",0.26,"32,850,291.36","319,214.00",102.909933,Canada,Toronto Stock Exchange,CAD,1,CAD
CIGI,COLLIERS INTERNATIONAL GROUP SUBOR,Real Estate,Equity,2024-09-30,"31,586,818.61",0.25,"31,586,818.61","153,894.00",205.2504881,Canada,Toronto Stock Exchange,CAD,1,CAD
CTC.A,CANADIAN TIRE LTD CLASS A,Consumer Discretionary,Equity,2024-09-30,"31,586,818.61",0.25,"31,586,818.61","194,872.00",162.0900828,Canada,Toronto Stock Exchange,CAD,1,CAD
CLS,CELESTICA INC,Information Technology,Equity,2024-09-30,"30,323,345.87",0.24,"30,323,345.87","438,579.00",69.13998589,Canada,Toronto Stock Exchange,CAD,1,CAD
BEP.UN,BROOKFIELD RENEWABLE PARTNERS NON,Utilities,Equity,2024-09-30,"30,323,345.87",0.24,"30,323,345.87","795,054.00",38.13998278,Bermuda,Toronto Stock Exchange,CAD,1,CAD
CAE,CAE INC,Industrials,Equity,2024-09-30,"29,059,873.13",0.23,"29,059,873.13","1,144,540.00",25.39000221,Canada,Toronto Stock Exchange,CAD,1,CAD
WFG,WEST FRASER TIMBER LTD,Materials,Equity,2024-09-30,"27,796,400.38",0.22,"27,796,400.38","210,946.00",131.7702179,Canada,Toronto Stock Exchange,CAD,1,CAD
SAP,SAPUTO INC,Consumer Staples,Equity,2024-09-30,"26,532,927.64",0.21,"26,532,927.64","908,973.00",29.19000634,Canada,Toronto Stock Exchange,CAD,1,CAD
MEG,MEG ENERGY CORP,Energy,Equity,2024-09-30,"25,269,454.89",0.2,"25,269,454.89","994,469.00",25.40999759,Canada,Toronto Stock Exchange,CAD,1,CAD
PSK,PRAIRIESKY ROYALTY LTD,Energy,Equity,2024-09-30,"24,005,982.15",0.19,"24,005,982.15","873,262.00",27.49001118,Canada,Toronto Stock Exchange,CAD,1,CAD
CPX,CAPITAL POWER CORP,Utilities,Equity,2024-09-30,"24,005,982.15",0.19,"24,005,982.15","488,224.00",49.17001652,Canada,Toronto Stock Exchange,CAD,1,CAD
FTT,FINNING INTERNATIONAL INC,Industrials,Equity,2024-09-30,"22,742,509.40",0.18,"22,742,509.40","512,334.00",44.39000613,Canada,Toronto Stock Exchange,CAD,1,CAD
REI.UN,RIOCAN REAL ESTATE INVESTMENT TRUS,Real Estate,Equity,2024-09-30,"22,742,509.40",0.18,"22,742,509.40","1,115,923.00",20.3799988,Canada,Toronto Stock Exchange,CAD,1,CAD
WCP,WHITECAP RESOURCES INC,Energy,Equity,2024-09-30,"22,742,509.40",0.18,"22,742,509.40","2,251,734.00",10.09999822,Canada,Toronto Stock Exchange,CAD,1,CAD
NPI,NORTHLAND POWER INC,Utilities,Equity,2024-09-30,"21,479,036.66",0.17,"21,479,036.66","920,662.00",23.32999153,Canada,Toronto Stock Exchange,CAD,1,CAD
ONEX,ONEX CORP,Financials,Equity,2024-09-30,"21,479,036.66",0.17,"21,479,036.66","226,740.00",94.72980796,Canada,Toronto Stock Exchange,CAD,1,CAD
EMP.A,EMPIRE LTD CLASS A,Consumer Staples,Equity,2024-09-30,"21,479,036.66",0.17,"21,479,036.66","519,696.00",41.33000188,Canada,Toronto Stock Exchange,CAD,1,CAD
CS,CAPSTONE COPPER CORP,Materials,Equity,2024-09-30,"21,479,036.66",0.17,"21,479,036.66","2,032,075.00",10.57000192,Canada,Toronto Stock Exchange,CAD,1,CAD
AQN,ALGONQUIN POWER UTILITIES CORP,Utilities,Equity,2024-09-30,"20,215,563.91",0.16,"20,215,563.91","2,735,530.00",7.389998981,Canada,Toronto Stock Exchange,CAD,1,CAD
QBR.B,QUEBECOR INC CLASS B,Communication,Equity,2024-09-30,"20,215,563.91",0.16,"20,215,563.91","572,517.00",35.30998016,Canada,Toronto Stock Exchange,CAD,1,CAD
AC,AIR CANADA VOTING AND VARIABLE VOT,Industrials,Equity,2024-09-30,"20,215,563.91",0.16,"20,215,563.91","1,233,408.00",16.39000551,Canada,Toronto Stock Exchange,CAD,1,CAD
PRMW,PRIMO WATER CORP,Consumer Staples,Equity,2024-09-30,"20,215,563.91",0.16,"20,215,563.91","592,484.00",34.1200166,Canada,Toronto Stock Exchange,CAD,1,CAD
BTO,B2GOLD CORP,Materials,Equity,2024-09-30,"20,215,563.91",0.16,"20,215,563.91","4,836,259.00",4.180000267,Canada,Toronto Stock Exchange,CAD,1,CAD
CWB,CANADIAN WESTERN BANK,Financials,Equity,2024-09-30,"18,952,091.17",0.15,"18,952,091.17","352,073.00",53.83000448,Canada,Toronto Stock Exchange,CAD,1,CAD
VRN,VEREN INC,Energy,Equity,2024-09-30,"18,952,091.17",0.15,"18,952,091.17","2,275,161.00",8.330000017,Canada,Toronto Stock Exchange,CAD,1,CAD
GRT.UN,GRANITE REAL ESTATE INVESTMENT STA,Real Estate,Equity,2024-09-30,"18,952,091.17",0.15,"18,952,091.17","232,171.00",81.62988129,Canada,Toronto Stock Exchange,CAD,1,CAD
SJ,STELLA JONES INC,Materials,Equity,2024-09-30,"18,952,091.17",0.15,"18,952,091.17","213,448.00",88.79020262,Canada,Toronto Stock Exchange,CAD,1,CAD
NXE,NEXGEN ENERGY LTD,Energy,Equity,2024-09-30,"17,688,618.42",0.14,"17,688,618.42","2,005,512.00",8.820001288,Canada,Toronto Stock Exchange,CAD,1,CAD
HBM,HUDBAY MINERALS INC,Materials,Equity,2024-09-30,"17,688,618.42",0.14,"17,688,618.42","1,421,915.00",12.43999706,Canada,Toronto Stock Exchange,CAD,1,CAD
ELD,ELDORADO GOLD CORP,Materials,Equity,2024-09-30,"17,688,618.42",0.14,"17,688,618.42","752,387.00",23.51000007,Canada,Toronto Stock Exchange,CAD,1,CAD
PKI,PARKLAND CORP,Energy,Equity,2024-09-30,"17,688,618.42",0.14,"17,688,618.42","507,419.00",34.8599844,Canada,Toronto Stock Exchange,CAD,1,CAD
OR,OSISKO GOLD ROYALTIES LTD,Materials,Equity,2024-09-30,"17,688,618.42",0.14,"17,688,618.42","706,132.00",25.05001674,Canada,Toronto Stock Exchange,CAD,1,CAD
CU,CANADIAN UTILITIES LTD CLASS A,Utilities,Equity,2024-09-30,"16,425,145.68",0.13,"16,425,145.68","457,398.00",35.90996393,Canada,Toronto Stock Exchange,CAD,1,CAD
KXS,KINAXIS INC,Information Technology,Equity,2024-09-30,"16,425,145.68",0.13,"16,425,145.68","102,229.00",160.6701198,Canada,Toronto Stock Exchange,CAD,1,CAD
BYD,BOYD GROUP INCOME INC,Industrials,Equity,2024-09-30,"16,425,145.68",0.13,"16,425,145.68","80,138.00",204.9607637,Canada,Toronto Stock Exchange,CAD,1,CAD
DFY,DEFINITY FINANCIAL CORP,Financials,Equity,2024-09-30,"16,425,145.68",0.13,"16,425,145.68","301,324.00",54.50991517,Canada,Toronto Stock Exchange,CAD,1,CAD
CSH.UN,CHARTWELL RETIREMENT RESIDENCES RE,Health Care,Equity,2024-09-30,"15,161,672.93",0.12,"15,161,672.93","973,150.00",15.57999582,Canada,Toronto Stock Exchange,CAD,1,CAD
ATZ,ARITZIA SUBORDINATE VOTING INC,Consumer Discretionary,Equity,2024-09-30,"15,161,672.93",0.12,"15,161,672.93","298,282.00",50.82999623,Canada,Toronto Stock Exchange,CAD,1,CAD
CHP.UN,CHOICE PROPERTIES REAL ESTATE INVE,Real Estate,Equity,2024-09-30,"15,161,672.93",0.12,"15,161,672.93","1,002,093.00",15.13000583,Canada,Toronto Stock Exchange,CAD,1,CAD
IMG,IAMGOLD CORP,Materials,Equity,2024-09-30,"15,161,672.93",0.12,"15,161,672.93","2,138,459.00",7.089999357,Canada,Toronto Stock Exchange,CAD,1,CAD
DIR.UN,DREAM Industrials REAL ESTATE INVES,Real Estate,Equity,2024-09-30,"15,161,672.93",0.12,"15,161,672.93","1,049,977.00",14.44000481,Canada,Toronto Stock Exchange,CAD,1,CAD
FCR.UN,FIRST CAPITAL REALTY REAL ESTATE I,Real Estate,Equity,2024-09-30,"15,161,672.93",0.12,"15,161,672.93","808,623.00",18.74998972,Canada,Toronto Stock Exchange,CAD,1,CAD
MX,METHANEX CORP,Materials,Equity,2024-09-30,"13,898,200.19",0.11,"13,898,200.19","248,715.00",55.88002409,Canada,Toronto Stock Exchange,CAD,1,CAD
TA,TRANSALTA CORP,Utilities,Equity,2024-09-30,"13,898,200.19",0.11,"13,898,200.19","991,312.00",14.020006,Canada,Toronto Stock Exchange,CAD,1,CAD
GEI,GIBSON ENERGY INC,Energy,Equity,2024-09-30,"12,634,727.45",0.1,"12,634,727.45","568,876.00",22.20998503,Canada,Toronto Stock Exchange,CAD,1,CAD
PBH,PREMIUM BRANDS HOLDINGS CORP,Consumer Staples,Equity,2024-09-30,"12,634,727.45",0.1,"12,634,727.45","131,928.00",95.76987028,Canada,Toronto Stock Exchange,CAD,1,CAD
ACO.X,ATCO LTD CLASS I,Utilities,Equity,2024-09-30,"12,634,727.45",0.1,"12,634,727.45","263,773.00",47.90000283,Canada,Toronto Stock Exchange,CAD,1,CAD
BEI.UN,BOARDWALK REAL ESTATE INVESTMENT T,Real Estate,Equity,2024-09-30,"12,634,727.45",0.1,"12,634,727.45","147,499.00",85.65974987,Canada,Toronto Stock Exchange,CAD,1,CAD
SRU.UN,SMARTCENTRES RL ESTATE INVESTMENT,Real Estate,Equity,2024-09-30,"12,634,727.45",0.1,"12,634,727.45","474,811.00",26.61001419,Canada,Toronto Stock Exchange,CAD,1,CAD
BHC,BAUSCH HEALTH COMPANIES INC,Health Care,Equity,2024-09-30,"12,634,727.45",0.1,"12,634,727.45","1,144,450.00",11.03999952,Canada,Toronto Stock Exchange,CAD,1,CAD
USD,USD CASH,Cash and/or Derivatives,Cash,2024-09-30,"12,634,727.45",0.1,"12,634,727.45","93,528.00",135.09032,United States,,CAD,0.74,USD
EQX,EQUINOX GOLD CORP,Materials,Equity,2024-09-30,"12,634,727.45",0.1,"12,634,727.45","1,531,482.00",8.250000618,Canada,Toronto Stock Exchange,CAD,1,CAD
IGM,IGM FINANCIAL INC,Financials,Equity,2024-09-30,"11,371,254.70",0.09,"11,371,254.70","280,218.00",40.58002948,Canada,Toronto Stock Exchange,CAD,1,CAD
ATS,ATS CORP,Industrials,Equity,2024-09-30,"11,371,254.70",0.09,"11,371,254.70","289,787.00",39.24004424,Canada,Toronto Stock Exchange,CAD,1,CAD
BLX,BORALEX INC CLASS A,Utilities,Equity,2024-09-30,"11,371,254.70",0.09,"11,371,254.70","316,044.00",35.97997336,Canada,Toronto Stock Exchange,CAD,1,CAD
NGD,NEW GOLD INC,Materials,Equity,2024-09-30,"11,371,254.70",0.09,"11,371,254.70","2,900,830.00",3.92000038,Canada,Toronto Stock Exchange,CAD,1,CAD
LSPD,LIGHTSPEED COMMERCE INC,Information Technology,Equity,2024-09-30,"11,371,254.70",0.09,"11,371,254.70","509,922.00",22.29998843,Canada,Toronto Stock Exchange,CAD,1,CAD
PEY,PEYTO EXPLORATION & DEVELOPMENT CO,Energy,Equity,2024-09-30,"11,371,254.70",0.09,"11,371,254.70","738,393.00",15.40000339,Canada,Toronto Stock Exchange,CAD,1,CAD
HR.UN,HANDR REAL ESTATE INVESTMENT TRUST,Real Estate,Equity,2024-09-30,"11,371,254.70",0.09,"11,371,254.70","993,991.00",11.43999765,Canada,Toronto Stock Exchange,CAD,1,CAD
LUG,LUNDIN GOLD INC,Materials,Equity,2024-09-30,"10,107,781.96",0.08,"10,107,781.96","345,565.00",29.25001651,Canada,Toronto Stock Exchange,CAD,1,CAD
NVEI,NUVEI SUBORDINATE VOTING CORP,Financials,Equity,2024-09-30,"10,107,781.96",0.08,"10,107,781.96","224,119.00",45.10006718,Canada,Toronto Stock Exchange,CAD,1,CAD
EQB,EQB INC,Financials,Equity,2024-09-30,"10,107,781.96",0.08,"10,107,781.96","96,957.00",104.2501517,Canada,Toronto Stock Exchange,CAD,1,CAD
DOO,BRP SUBORDINATE VOTING INC,Consumer Discretionary,Equity,2024-09-30,"10,107,781.96",0.08,"10,107,781.96","125,578.00",80.49006957,Canada,Toronto Stock Exchange,CAD,1,CAD
ERO,ERO COPPER CORP,Materials,Equity,2024-09-30,"10,107,781.96",0.08,"10,107,781.96","335,695.00",30.1100164,Canada,Toronto Stock Exchange,CAD,1,CAD
BTE,BAYTEX ENERGY CORP,Energy,Equity,2024-09-30,"10,107,781.96",0.08,"10,107,781.96","2,501,926.00",4.040000366,Canada,Toronto Stock Exchange,CAD,1,CAD
OGC,OCEANAGOLD CORPORATION CORP,Materials,Equity,2024-09-30,"10,107,781.96",0.08,"10,107,781.96","2,639,108.00",3.829999362,Canada,Toronto Stock Exchange,CAD,1,CAD
ATH,ATHABASCA OIL CORP,Energy,Equity,2024-09-30,"10,107,781.96",0.08,"10,107,781.96","2,105,788.00",4.799999789,Canada,Toronto Stock Exchange,CAD,1,CAD
AP.UN,ALLIED PROPERTIES REAL ESTATE INVT,Real Estate,Equity,2024-09-30,"10,107,781.96",0.08,"10,107,781.96","499,890.00",20.22001232,Canada,Toronto Stock Exchange,CAD,1,CAD
LNR,LINAMAR CORP,Consumer Discretionary,Equity,2024-09-30,"8,844,309.21",0.07,"8,844,309.21","140,163.00",63.1001706,Canada,Toronto Stock Exchange,CAD,1,CAD
FIL,FILO CORP,Materials,Equity,2024-09-30,"8,844,309.21",0.07,"8,844,309.21","274,412.00",32.23003809,Canada,Toronto Stock Exchange,CAD,1,CAD
AIF,ALTUS GROUP LTD,Real Estate,Equity,2024-09-30,"8,844,309.21",0.07,"8,844,309.21","161,128.00",54.88995837,Canada,Toronto Stock Exchange,CAD,1,CAD
KMP.UN,KILLAM APARTMENT REIT UNITS CLASS,Real Estate,Equity,2024-09-30,"8,844,309.21",0.07,"8,844,309.21","421,358.00",20.99001137,Canada,Toronto Stock Exchange,CAD,1,CAD
AG,FIRST MAJESTIC SILVER CORP,Materials,Equity,2024-09-30,"8,844,309.21",0.07,"8,844,309.21","1,089,201.00",8.11999733,Canada,Toronto Stock Exchange,CAD,1,CAD
DPM,DUNDEE PRECIOUS METALS INC,Materials,Equity,2024-09-30,"8,844,309.21",0.07,"8,844,309.21","645,570.00",13.70000033,Canada,Toronto Stock Exchange,CAD,1,CAD
NWC,NORTH WEST COMPANY INC,Consumer Staples,Equity,2024-09-30,"8,844,309.21",0.07,"8,844,309.21","172,303.00",51.32997807,Canada,Toronto Stock Exchange,CAD,1,CAD
RUS,RUSSEL METALS INC,Industrials,Equity,2024-09-30,"8,844,309.21",0.07,"8,844,309.21","215,505.00",41.03992581,Canada,Toronto Stock Exchange,CAD,1,CAD
SES,SECURE ENERGY SERVICES INC,Energy,Equity,2024-09-30,"8,844,309.21",0.07,"8,844,309.21","723,165.00",12.23000175,Canada,Toronto Stock Exchange,CAD,1,CAD
TPZ,TOPAZ ENERGY CORP,Energy,Equity,2024-09-30,"8,844,309.21",0.07,"8,844,309.21","342,140.00",25.84997139,Canada,Toronto Stock Exchange,CAD,1,CAD
GSY,GOEASY LTD,Financials,Equity,2024-09-30,"8,844,309.21",0.07,"8,844,309.21","48,880.00",180.9392228,Canada,Toronto Stock Exchange,CAD,1,CAD
EIF,EXCHANGE INCOME CORP,Industrials,Equity,2024-09-30,"8,844,309.21",0.07,"8,844,309.21","172,001.00",51.42010344,Canada,Toronto Stock Exchange,CAD,1,CAD
CIX,CI FINANCIAL CORP,Financials,Equity,2024-09-30,"8,844,309.21",0.07,"8,844,309.21","480,408.00",18.4099957,Canada,Toronto Stock Exchange,CAD,1,CAD
CJT,CARGOJET INC,Industrials,Equity,2024-09-30,"8,844,309.21",0.07,"8,844,309.21","64,020.00",138.1491598,Canada,Toronto Stock Exchange,CAD,1,CAD
TXG,TOREX GOLD RESOURCES INC,Materials,Equity,2024-09-30,"7,580,836.47",0.06,"7,580,836.47","293,717.00",25.81000237,Canada,Toronto Stock Exchange,CAD,1,CAD
CCA,COGECO COMMUNICATIONS SUBORDINATE,Communication,Equity,2024-09-30,"7,580,836.47",0.06,"7,580,836.47","106,026.00",71.49978748,Canada,Toronto Stock Exchange,CAD,1,CAD
BB,BLACKBERRY LTD,Information Technology,Equity,2024-09-30,"7,580,836.47",0.06,"7,580,836.47","2,129,448.00",3.560000745,Canada,Toronto Stock Exchange,CAD,1,CAD
POU,PARAMOUNT RESOURCE LTD CLASS A,Energy,Equity,2024-09-30,"7,580,836.47",0.06,"7,580,836.47","287,698.00",26.34997973,Canada,Toronto Stock Exchange,CAD,1,CAD
VET,VERMILION ENERGY INC,Energy,Equity,2024-09-30,"7,580,836.47",0.06,"7,580,836.47","574,306.00",13.19999524,Canada,Toronto Stock Exchange,CAD,1,CAD
CG,CENTERRA GOLD INC,Materials,Equity,2024-09-30,"7,580,836.47",0.06,"7,580,836.47","780,725.00",9.709995796,Canada,Toronto Stock Exchange,CAD,1,CAD
LIF,LABRADOR IRON ORE ROYALTY CORP,Materials,Equity,2024-09-30,"7,580,836.47",0.06,"7,580,836.47","235,723.00",32.15993546,Canada,Toronto Stock Exchange,CAD,1,CAD
TSU,TRISURA GROUP LTD,Financials,Equity,2024-09-30,"7,580,836.47",0.06,"7,580,836.47","175,523.00",43.18998916,Canada,Toronto Stock Exchange,CAD,1,CAD
RCH,RICHELIEU HARDWARE LTD,Industrials,Equity,2024-09-30,"7,580,836.47",0.06,"7,580,836.47","189,048.00",40.10006172,Canada,Toronto Stock Exchange,CAD,1,CAD
CXB,CALIBRE MINING CORP,Materials,Equity,2024-09-30,"7,580,836.47",0.06,"7,580,836.47","2,904,535.00",2.61000004,Canada,Toronto Stock Exchange,CAD,1,CAD
DML,DENISON MINES CORP,Energy,Equity,2024-09-30,"7,580,836.47",0.06,"7,580,836.47","3,081,641.00",2.459999873,Canada,Toronto Stock Exchange,CAD,1,CAD
TLRY,TILRAY BRANDS INC,Health Care,Equity,2024-09-30,"7,580,836.47",0.06,"7,580,836.47","3,185,225.00",2.380000304,United States,Toronto Stock Exchange,CAD,1,CAD
AYA,AYA GOLD & SILVER INC,Materials,Equity,2024-09-30,"7,580,836.47",0.06,"7,580,836.47","430,729.00",17.60001409,Canada,Toronto Stock Exchange,CAD,1,CAD
STLC,STELCO HOLDINGS INC,Materials,Equity,2024-09-30,"7,580,836.47",0.06,"7,580,836.47","113,639.00",66.70981325,Canada,Toronto Stock Exchange,CAD,1,CAD
SSL,SANDSTORM GOLD LTD,Materials,Equity,2024-09-30,"7,580,836.47",0.06,"7,580,836.47","933,601.00",8.119996088,Canada,Toronto Stock Exchange,CAD,1,CAD
TVE,TAMARACK VALLEY ENERGY LTD,Energy,Equity,2024-09-30,"7,580,836.47",0.06,"7,580,836.47","1,938,833.00",3.90999971,Canada,Toronto Stock Exchange,CAD,1,CAD
FVI,FORTUNA MINING CORP,Materials,Equity,2024-09-30,"7,580,836.47",0.06,"7,580,836.47","1,205,220.00",6.290002213,Canada,Toronto Stock Exchange,CAD,1,CAD
WDO,WESDOME GOLD MINES LTD,Materials,Equity,2024-09-30,"7,580,836.47",0.06,"7,580,836.47","597,387.00",12.68999236,Canada,Toronto Stock Exchange,CAD,1,CAD
MDA,MDA SPACE LTD,Industrials,Equity,2024-09-30,"6,317,363.72",0.05,"6,317,363.72","363,485.00",17.37998466,Canada,Toronto Stock Exchange,CAD,1,CAD
KNT,K92 MINING INC,Materials,Equity,2024-09-30,"6,317,363.72",0.05,"6,317,363.72","802,715.00",7.869995855,Canada,Toronto Stock Exchange,CAD,1,CAD
IIP.UN,INTERRENT REAL ESTATE INVESTMENT T,Real Estate,Equity,2024-09-30,"6,317,363.72",0.05,"6,317,363.72","497,430.00",12.70000547,Canada,Toronto Stock Exchange,CAD,1,CAD
SIL,SILVERCREST METALS INC,Materials,Equity,2024-09-30,"6,317,363.72",0.05,"6,317,363.72","503,376.00",12.54998991,Canada,Toronto Stock Exchange,CAD,1,CAD
NVA,NUVISTA ENERGY LTD,Energy,Equity,2024-09-30,"6,317,363.72",0.05,"6,317,363.72","568,108.00",11.12000486,Canada,Toronto Stock Exchange,CAD,1,CAD
MAG,MAG SILVER CORP,Materials,Equity,2024-09-30,"6,317,363.72",0.05,"6,317,363.72","331,969.00",19.02998088,Canada,Toronto Stock Exchange,CAD,1,CAD
OSK,OSISKO MINING INC,Materials,Equity,2024-09-30,"6,317,363.72",0.05,"6,317,363.72","1,297,200.00",4.869999786,Canada,Toronto Stock Exchange,CAD,1,CAD
CEU,CES ENERGY SOLUTIONS CORP,Energy,Equity,2024-09-30,"6,317,363.72",0.05,"6,317,363.72","844,567.00",7.480003035,Canada,Toronto Stock Exchange,CAD,1,CAD
FRU,FREEHOLD ROYALTIES LTD,Energy,Equity,2024-09-30,"6,317,363.72",0.05,"6,317,363.72","449,634.00",14.0500134,Canada,Toronto Stock Exchange,CAD,1,CAD
SEA,SEABRIDGE GOLD INC,Materials,Equity,2024-09-30,"6,317,363.72",0.05,"6,317,363.72","277,808.00",22.74003529,Canada,Toronto Stock Exchange,CAD,1,CAD
CRR.UN,CROMBIE REAL ESTATE INVESTMENT TRU,Real Estate,Equity,2024-09-30,"6,317,363.72",0.05,"6,317,363.72","398,823.00",15.84001856,Canada,Toronto Stock Exchange,CAD,1,CAD
SPB,SUPERIOR PLUS CORP,Utilities,Equity,2024-09-30,"6,317,363.72",0.05,"6,317,363.72","849,108.00",7.440000239,Canada,Toronto Stock Exchange,CAD,1,CAD
MFI,MAPLE LEAF FOODS INC,Consumer Staples,Equity,2024-09-30,"6,317,363.72",0.05,"6,317,363.72","285,208.00",22.15002287,Canada,Toronto Stock Exchange,CAD,1,CAD
INE,INNERGEX RENEWABLE ENERGY INC,Utilities,Equity,2024-09-30,"6,317,363.72",0.05,"6,317,363.72","603,378.00",10.46999347,Canada,Toronto Stock Exchange,CAD,1,CAD
AAV,ADVANTAGE ENERGY LTD,Energy,Equity,2024-09-30,"6,317,363.72",0.05,"6,317,363.72","668,504.00",9.45000138,Canada,Toronto Stock Exchange,CAD,1,CAD
NFI,NFI GROUP INC,Industrials,Equity,2024-09-30,"6,317,363.72",0.05,"6,317,363.72","349,412.00",18.07998501,Canada,Toronto Stock Exchange,CAD,1,CAD
PMZ.UN,PRIMARIS REAL ESTATE INVESTMENT UN,Real Estate,Equity,2024-09-30,"6,317,363.72",0.05,"6,317,363.72","386,383.00",16.35000433,Canada,Toronto Stock Exchange,CAD,1,CAD
BIR,BIRCHCLIFF ENERGY LTD,Energy,Equity,2024-09-30,"5,053,890.98",0.04,"5,053,890.98","886,648.00",5.699997043,Canada,Toronto Stock Exchange,CAD,1,CAD
BBU.UN,BROOKFIELD BUSINESS PARTNERS UNITS,Industrials,Equity,2024-09-30,"5,053,890.98",0.04,"5,053,890.98","159,378.00",31.7100916,Canada,Toronto Stock Exchange,CAD,1,CAD
SSRM,SSR MINING INC,Materials,Equity,2024-09-30,"5,053,890.98",0.04,"5,053,890.98","658,059.00",7.679996745,Canada,Toronto Stock Exchange,CAD,1,CAD
JWEL,JAMIESON WELLNESS INC,Consumer Staples,Equity,2024-09-30,"5,053,890.98",0.04,"5,053,890.98","143,944.00",35.11011906,Canada,Toronto Stock Exchange,CAD,1,CAD
ENGH,ENGHOUSE SYSTEMS LTD,Information Technology,Equity,2024-09-30,"5,053,890.98",0.04,"5,053,890.98","150,190.00",33.64998321,Canada,Toronto Stock Exchange,CAD,1,CAD
EFR,ENERGY FUELS INC,Energy,Equity,2024-09-30,"5,053,890.98",0.04,"5,053,890.98","680,201.00",7.429996396,Canada,Toronto Stock Exchange,CAD,1,CAD
WPK,WINPAK LTD,Materials,Equity,2024-09-30,"5,053,890.98",0.04,"5,053,890.98","106,375.00",47.51013846,Canada,Toronto Stock Exchange,CAD,1,CAD
HWX,HEADWATER EXPLORATION INC,Energy,Equity,2024-09-30,"5,053,890.98",0.04,"5,053,890.98","798,403.00",6.329999985,Canada,Toronto Stock Exchange,CAD,1,CAD
SIA,SIENNA SENIOR LIVING INC,Health Care,Equity,2024-09-30,"5,053,890.98",0.04,"5,053,890.98","300,827.00",16.79999129,Canada,Toronto Stock Exchange,CAD,1,CAD
NG,NOVAGOLD RESOURCES INC,Materials,Equity,2024-09-30,"5,053,890.98",0.04,"5,053,890.98","907,341.00",5.570001773,Canada,Toronto Stock Exchange,CAD,1,CAD
BDT,BIRD CONSTRUCTION INC,Industrials,Equity,2024-09-30,"5,053,890.98",0.04,"5,053,890.98","209,271.00",24.14998245,Canada,Toronto Stock Exchange,CAD,1,CAD
ASTL,ALGOMA STEEL GROUP INC,Materials,Equity,2024-09-30,"5,053,890.98",0.04,"5,053,890.98","364,639.00",13.85998475,Canada,Toronto Stock Exchange,CAD,1,CAD
TFPM,TRIPLE FLAG PRECIOUS METALS CORP,Materials,Equity,2024-09-30,"5,053,890.98",0.04,"5,053,890.98","230,771.00",21.90002634,Canada,Toronto Stock Exchange,CAD,1,CAD
TCL.A,TRANSCONTINENTAL SUB VOTING INC CL,Materials,Equity,2024-09-30,"5,053,890.98",0.04,"5,053,890.98","281,240.00",17.97002908,Canada,Toronto Stock Exchange,CAD,1,CAD
IPCO,INTERNATIONAL PETROLEUM CORP,Energy,Equity,2024-09-30,"5,053,890.98",0.04,"5,053,890.98","316,462.00",15.96997737,Canada,Toronto Stock Exchange,CAD,1,CAD
BDGI,BADGER INFRASTRUCTURE SOLUTIONS LT,Industrials,Equity,2024-09-30,"5,053,890.98",0.04,"5,053,890.98","137,446.00",36.77001134,Canada,Toronto Stock Exchange,CAD,1,CAD
PXT,PAREX RESOURCES INC,Energy,Equity,2024-09-30,"5,053,890.98",0.04,"5,053,890.98","421,158.00",11.99998808,Canada,Toronto Stock Exchange,CAD,1,CAD
PET,PET VALU HOLDINGS LTD,Consumer Discretionary,Equity,2024-09-30,"5,053,890.98",0.04,"5,053,890.98","195,508.00",25.85004695,Canada,Toronto Stock Exchange,CAD,1,CAD
SII,SPROTT INC,Financials,Equity,2024-09-30,"5,053,890.98",0.04,"5,053,890.98","86,229.00",58.61010772,Canada,Toronto Stock Exchange,CAD,1,CAD
NWH.UN,NORTHWEST HEALTHCARE PROPERTIES UN,Real Estate,Equity,2024-09-30,"5,053,890.98",0.04,"5,053,890.98","889,770.00",5.679997054,Canada,Toronto Stock Exchange,CAD,1,CAD
SVI,STORAGEVAULT CANADA INC,Real Estate,Equity,2024-09-30,"3,790,418.23",0.03,"3,790,418.23","733,156.00",5.170002337,Canada,Toronto Stock Exchange,CAD,1,CAD
LB,LAURENTIAN BANK OF CANADA,Financials,Equity,2024-09-30,"3,790,418.23",0.03,"3,790,418.23","139,047.00",27.25997852,Canada,Toronto Stock Exchange,CAD,1,CAD
PD,PRECISION DRILLING CORP,Energy,Equity,2024-09-30,"3,790,418.23",0.03,"3,790,418.23","45,509.00",83.28942042,Canada,Toronto Stock Exchange,CAD,1,CAD
ZZZ,SLEEP COUNTRY CANADA HOLDINGS INC,Consumer Discretionary,Equity,2024-09-30,"3,790,418.23",0.03,"3,790,418.23","108,329.00",34.9898756,Canada,Toronto Stock Exchange,CAD,1,CAD
CRT.UN,CT REIT UNITS TRUST,Real Estate,Equity,2024-09-30,"3,790,418.23",0.03,"3,790,418.23","238,541.00",15.89000731,Canada,Toronto Stock Exchange,CAD,1,CAD
MTL,MULLEN GROUP LTD,Industrials,Equity,2024-09-30,"3,790,418.23",0.03,"3,790,418.23","266,368.00",14.23000598,Canada,Toronto Stock Exchange,CAD,1,CAD
OLA,ORLA MINING LTD,Materials,Equity,2024-09-30,"3,790,418.23",0.03,"3,790,418.23","696,768.00",5.44000045,Canada,Toronto Stock Exchange,CAD,1,CAD
IFP,INTERFOR CORP,Materials,Equity,2024-09-30,"3,790,418.23",0.03,"3,790,418.23","186,720.00",20.30001196,Canada,Toronto Stock Exchange,CAD,1,CAD
PSI,PASON SYSTEMS INC,Energy,Equity,2024-09-30,"3,790,418.23",0.03,"3,790,418.23","284,352.00",13.33002136,Canada,Toronto Stock Exchange,CAD,1,CAD
TOY,SPIN MASTER SUBORDINATE VOTING COR,Consumer Discretionary,Equity,2024-09-30,"3,790,418.23",0.03,"3,790,418.23","124,073.00",30.54990396,Canada,Toronto Stock Exchange,CAD,1,CAD
KEL,KELT EXPLORATION LTD,Energy,Equity,2024-09-30,"3,790,418.23",0.03,"3,790,418.23","605,498.00",6.260001245,Canada,Toronto Stock Exchange,CAD,1,CAD
MATR,MATTR CORP,Energy,Equity,2024-09-30,"3,790,418.23",0.03,"3,790,418.23","267,307.00",14.18001861,Canada,Toronto Stock Exchange,CAD,1,CAD
MTY,MTY FOOD GROUP INC,Consumer Discretionary,Equity,2024-09-30,"3,790,418.23",0.03,"3,790,418.23","81,902.00",46.27992276,Canada,Toronto Stock Exchange,CAD,1,CAD
2299955D,CONSTELLATION SOFTWARE INC,Information Technology,Equity,2024-09-30,0,0,0,#DIV/0!,#DIV/0!,Canada,Toronto Stock Exchange,CAD,1,CAD
RY,ROYAL BANK OF CANADA,Financials,Equity,2023-12-30,"746,428,734.03",6.92,"746,428,734.03","4,306,651.00",173.319996,Canada,Toronto Stock Exchange,CAD,1,CAD
SHOP,SHOPIFY SUBORDINATE VOTING INC CLA,Information Technology,Equity,2023-12-30,"564,136,167.48",5.23,"564,136,167.48","3,687,406.00",152.9899793,Canada,Toronto Stock Exchange,CAD,1,CAD
TD,TORONTO DOMINION,Financials,Equity,2023-12-30,"406,652,648.45",3.77,"406,652,648.45","5,313,637.00",76.53000166,Canada,Toronto Stock Exchange,CAD,1,CAD
ENB,ENBRIDGE INC,Energy,Equity,2023-12-30,"404,495,339.97",3.75,"404,495,339.97","6,629,984.00",61.01000243,Canada,Toronto Stock Exchange,CAD,1,CAD
BN,BROOKFIELD CORP CLASS A,Financials,Equity,2023-12-30,"360,270,516.14",3.34,"360,270,516.14","4,360,573.00",82.61999424,Canada,Toronto Stock Exchange,CAD,1,CAD
BMO,BANK OF MONTREAL,Financials,Equity,2023-12-30,"309,573,766.86",2.87,"309,573,766.86","2,218,372.00",139.5499794,Canada,Toronto Stock Exchange,CAD,1,CAD
CP,CANADIAN PACIFIC KANSAS CITY LTD,Industrials,Equity,2023-12-30,"295,551,261.74",2.74,"295,551,261.74","2,839,655.00",104.0799892,Canada,Toronto Stock Exchange,CAD,1,CAD
BNS,BANK OF NOVA SCOTIA,Financials,Equity,2023-12-30,"292,315,299.02",2.71,"292,315,299.02","3,786,958.00",77.1900029,Canada,Toronto Stock Exchange,CAD,1,CAD
CNQ,CANADIAN NATURAL RESOURCES LTD,Energy,Equity,2023-12-30,"284,764,719.34",2.64,"284,764,719.34","6,416,510.00",44.38000086,Canada,Toronto Stock Exchange,CAD,1,CAD
CSU,CONSTELLATION SOFTWARE INC,Information Technology,Equity,2023-12-30,"266,427,597.26",2.47,"266,427,597.26","59,940.00",4444.904859,Canada,Toronto Stock Exchange,CAD,1,CAD
CM,CANADIAN IMPERIAL BANK OF COMMERCE,Financials,Equity,2023-12-30,"261,034,326.06",2.42,"261,034,326.06","2,870,717.00",90.93001019,Canada,Toronto Stock Exchange,CAD,1,CAD
CNR,CANADIAN NATIONAL RAILWAY,Industrials,Equity,2023-12-30,"245,933,166.70",2.28,"245,933,166.70","1,684,820.00",145.9699948,Canada,Toronto Stock Exchange,CAD,1,CAD
MFC,MANULIFE FINANCIAL CORP,Financials,Equity,2023-12-30,"235,146,624.30",2.18,"235,146,624.30","5,324,878.00",44.16000222,Canada,Toronto Stock Exchange,CAD,1,CAD
TRP,TC ENERGY CORP,Energy,Equity,2023-12-30,"211,416,231.03",1.96,"211,416,231.03","3,155,937.00",66.99000361,Canada,Toronto Stock Exchange,CAD,1,CAD
SU,SUNCOR ENERGY INC,Energy,Equity,2023-12-30,"196,315,071.67",1.82,"196,315,071.67","3,826,059.00",51.30999592,Canada,Toronto Stock Exchange,CAD,1,CAD
WCN,WASTE CONNECTIONS INC,Industrials,Equity,2023-12-30,"193,079,108.95",1.79,"193,079,108.95","782,965.00",246.5999233,United States,Toronto Stock Exchange,CAD,1,CAD
ATD,ALIMENTATION COUCHE TARD INC,Consumer Staples,Equity,2023-12-30,"188,764,491.99",1.75,"188,764,491.99","2,367,844.00",79.71998662,Canada,Toronto Stock Exchange,CAD,1,CAD
AEM,AGNICO EAGLE MINES LTD,Materials,Equity,2023-12-30,"171,506,024.15",1.59,"171,506,024.15","1,525,040.00",112.4600169,Canada,Toronto Stock Exchange,CAD,1,CAD
SLF,SUN LIFE FINANCIAL INC,Financials,Equity,2023-12-30,"149,932,939.35",1.39,"149,932,939.35","1,756,684.00",85.3499772,Canada,Toronto Stock Exchange,CAD,1,CAD
IFC,INTACT FINANCIAL CORP,Financials,Equity,2023-12-30,"142,382,359.67",1.32,"142,382,359.67","544,005.00",261.7298732,Canada,Toronto Stock Exchange,CAD,1,CAD
NA,NATIONAL BANK OF CANADA,Financials,Equity,2023-12-30,"135,910,434.23",1.26,"135,910,434.23","1,037,168.00",131.0399417,Canada,Toronto Stock Exchange,CAD,1,CAD
FFH,FAIRFAX FINANCIAL HOLDINGS SUB VOT,Financials,Equity,2023-12-30,"129,438,508.79",1.2,"129,438,508.79","64,719.00",2000.007862,Canada,Toronto Stock Exchange,CAD,1,CAD
DOL,DOLLARAMA INC,Consumer Discretionary,Equity,2023-12-30,"119,730,620.63",1.11,"119,730,620.63","853,512.00",140.2799499,Canada,Toronto Stock Exchange,CAD,1,CAD
ABX,BARRICK GOLD CORP,Materials,Equity,2023-12-30,"118,651,966.39",1.1,"118,651,966.39","5,323,103.00",22.2900001,Canada,Toronto Stock Exchange,CAD,1,CAD
WPM,WHEATON PRECIOUS METALS CORP,Materials,Equity,2023-12-30,"111,101,386.71",1.03,"111,101,386.71","1,373,148.00",80.90998692,Canada,Toronto Stock Exchange,CAD,1,CAD
WSP,WSP GLOBAL INC,Industrials,Equity,2023-12-30,"100,314,844.31",0.93,"100,314,844.31","396,564.00",252.9600375,Canada,Toronto Stock Exchange,CAD,1,CAD
FNV,FRANCO NEVADA CORP,Materials,Equity,2023-12-30,"99,236,190.07",0.92,"99,236,190.07","587,474.00",168.9201396,Canada,Toronto Stock Exchange,CAD,1,CAD
CCO,CAMECO CORP,Energy,Equity,2023-12-30,"98,157,535.83",0.91,"98,157,535.83","1,328,068.00",73.91002255,Canada,Toronto Stock Exchange,CAD,1,CAD
GIB.A,CGI INC CLASS A,Information Technology,Equity,2023-12-30,"97,078,881.59",0.9,"97,078,881.59","617,236.00",157.2800057,Canada,Toronto Stock Exchange,CAD,1,CAD
NTR,NUTRIEN LTD,Materials,Equity,2023-12-30,"96,000,227.35",0.89,"96,000,227.35","1,492,541.00",64.31999346,Canada,Toronto Stock Exchange,CAD,1,CAD
TRI,THOMSON REUTERS CORP,Industrials,Equity,2023-12-30,"94,921,573.11",0.88,"94,921,573.11","411,236.00",230.8201935,Canada,Toronto Stock Exchange,CAD,1,CAD
PPL,PEMBINA PIPELINE CORP,Energy,Equity,2023-12-30,"93,842,918.87",0.87,"93,842,918.87","1,766,954.00",53.10999543,Canada,Toronto Stock Exchange,CAD,1,CAD
BCE,BCE INC,Communication,Equity,2023-12-30,"146,705,521.39",1.36,"146,705,521.39","4,402,928.00",33.31999468,Canada,Toronto Stock Exchange,CAD,1,CAD
QSR,RESTAURANTS BRANDS INTERNATIONAL I,Consumer Discretionary,Equity,2023-12-30,"92,764,264.63",0.86,"92,764,264.63","990,119.00",93.69001568,Canada,Toronto Stock Exchange,CAD,1,CAD
FTS,FORTIS INC,Utilities,Equity,2023-12-30,"90,606,956.15",0.84,"90,606,956.15","1,516,942.00",59.73000692,Canada,Toronto Stock Exchange,CAD,1,CAD
T,TELUS CORP,Communication,Equity,2023-12-30,"107,871,706.90",1,"107,871,706.90","5,534,721.00",19.48999851,Canada,Toronto Stock Exchange,CAD,1,CAD
BAM,BROOKFIELD ASSET MANAGEMENT VOTING,Financials,Equity,2023-12-30,"88,449,647.67",0.82,"88,449,647.67","1,134,552.00",77.95997687,Canada,Toronto Stock Exchange,CAD,1,CAD
CVE,CENOVUS ENERGY INC,Energy,Equity,2023-12-30,"85,213,684.95",0.79,"85,213,684.95","3,910,679.00",21.78999733,Canada,Toronto Stock Exchange,CAD,1,CAD
L,LOBLAW COMPANIES LTD,Consumer Staples,Equity,2023-12-30,"81,977,722.23",0.76,"81,977,722.23","433,355.00",189.1699005,Canada,Toronto Stock Exchange,CAD,1,CAD
TECK.B,TECK RESOURCES SUBORDINATE VOTING,Materials,Equity,2023-12-30,"79,820,413.75",0.74,"79,820,413.75","1,369,602.00",58.28000671,Canada,Toronto Stock Exchange,CAD,1,CAD
POW,POWER CORPORATION OF CANADA,Financials,Equity,2023-12-30,"74,427,142.55",0.69,"74,427,142.55","1,659,838.00",44.840004,Canada,Toronto Stock Exchange,CAD,1,CAD
TOU,TOURMALINE OIL CORP,Energy,Equity,2023-12-30,"70,112,525.60",0.65,"70,112,525.60","1,054,007.00",66.51998098,Canada,Toronto Stock Exchange,CAD,1,CAD
BIP.UN,BROOKFIELD INFRASTRUCTURE PARTNERS,Utilities,Equity,2023-12-30,"63,640,600.16",0.59,"63,640,600.16","1,393,183.00",45.68000051,Bermuda,Toronto Stock Exchange,CAD,1,CAD
MRU,METRO INC,Consumer Staples,Equity,2023-12-30,"55,011,366.24",0.51,"55,011,366.24","610,220.00",90.15005447,Canada,Toronto Stock Exchange,CAD,1,CAD
RCI.B,ROGERS COMMUNICATIONS NON-VOTING I,Communication,Equity,2023-12-30,"57,172,004.66",0.53,"57,172,004.66","1,293,777.00",44.18999366,Canada,Toronto Stock Exchange,CAD,1,CAD
K,KINROSS GOLD CORP,Materials,Equity,2023-12-30,"49,618,095.04",0.46,"49,618,095.04","3,716,711.00",13.35000086,Canada,Toronto Stock Exchange,CAD,1,CAD
MG,MAGNA INTERNATIONAL INC,Consumer Discretionary,Equity,2023-12-30,"49,618,095.04",0.46,"49,618,095.04","825,867.00",60.08000687,Canada,Toronto Stock Exchange,CAD,1,CAD
EMA,EMERA INC,Utilities,Equity,2023-12-30,"47,460,786.56",0.44,"47,460,786.56","883,320.00",53.73000335,Canada,Toronto Stock Exchange,CAD,1,CAD
TFII,TFI INTERNATIONAL INC,Industrials,Equity,2023-12-30,"47,460,786.56",0.44,"47,460,786.56","244,341.00",194.239962,Canada,Toronto Stock Exchange,CAD,1,CAD
ARX,ARC RESOURCES LTD,Energy,Equity,2023-12-30,"47,460,786.56",0.44,"47,460,786.56","1,820,513.00",26.07000695,Canada,Toronto Stock Exchange,CAD,1,CAD
CLS,CELESTICA INC,Information Technology,Equity,2023-12-30,"47,460,786.56",0.44,"47,460,786.56","357,763.00",132.6598518,Canada,Toronto Stock Exchange,CAD,1,CAD
GFL,GFL ENVIRONMENTAL SUBORDINATE VOTI,Industrials,Equity,2023-12-30,"46,382,132.32",0.43,"46,382,132.32","723,816.00",64.0800042,Canada,Toronto Stock Exchange,CAD,1,CAD
IMO,IMPERIAL OIL LTD,Energy,Equity,2023-12-30,"44,224,823.84",0.41,"44,224,823.84","499,208.00",88.58997419,Canada,Toronto Stock Exchange,CAD,1,CAD
H,HYDRO ONE LTD,Utilities,Equity,2023-12-30,"43,146,169.60",0.4,"43,146,169.60","974,614.00",44.27000802,Canada,Toronto Stock Exchange,CAD,1,CAD
DSG,DESCARTES SYSTEMS GROUP INC,Information Technology,Equity,2023-12-30,"42,067,515.36",0.39,"42,067,515.36","257,451.00",163.4000853,Canada,Toronto Stock Exchange,CAD,1,CAD
CAD,CAD CASH,Cash and/or Derivatives,Cash,2023-12-30,"42,067,515.36",0.39,"42,067,515.36","420,675.00",100.0000365,Canada,-,CAD,1,CAD
ATRL,ATKINSREALIS GROUP INC,Industrials,Equity,2023-12-30,"40,988,861.12",0.38,"40,988,861.12","537,488.00",76.26004881,Canada,Toronto Stock Exchange,CAD,1,CAD
GWO,GREAT WEST LIFECO INC,Financials,Equity,2023-12-30,"38,831,552.64",0.36,"38,831,552.64","814,591.00",47.66999959,Canada,Toronto Stock Exchange,CAD,1,CAD
STN,STANTEC INC,Industrials,Equity,2023-12-30,"38,831,552.64",0.36,"38,831,552.64","344,312.00",112.7801315,Canada,Toronto Stock Exchange,CAD,1,CAD
FM,FIRST QUANTUM MINERALS LTD,Materials,Equity,2023-12-30,"37,752,898.40",0.35,"37,752,898.40","2,037,393.00",18.530003,Canada,Toronto Stock Exchange,CAD,1,CAD
IAG,IA FINANCIAL INC,Financials,Equity,2023-12-30,"37,752,898.40",0.35,"37,752,898.40","283,175.00",133.3200261,Canada,Toronto Stock Exchange,CAD,1,CAD
X,TMX GROUP LTD,Financials,Equity,2023-12-30,"37,752,898.40",0.35,"37,752,898.40","852,595.00",44.27999038,Canada,Toronto Stock Exchange,CAD,1,CAD
IVN,IVANHOE MINES LTD CLASS A,Materials,Equity,2023-12-30,"36,674,244.16",0.34,"36,674,244.16","2,149,721.00",17.06000181,Canada,Toronto Stock Exchange,CAD,1,CAD
WN,GEORGE WESTON LTD,Consumer Staples,Equity,2023-12-30,"36,674,244.16",0.34,"36,674,244.16","164,061.00",223.5402939,Canada,Toronto Stock Exchange,CAD,1,CAD
EFN,ELEMENT FLEET MANAGEMENT CORP,Industrials,Equity,2023-12-30,"35,595,589.92",0.33,"35,595,589.92","1,224,900.00",29.05999667,Canada,Toronto Stock Exchange,CAD,1,CAD
CAE,CAE INC,Industrials,Equity,2023-12-30,"35,595,589.92",0.33,"35,595,589.92","975,222.00",36.49998659,Canada,Toronto Stock Exchange,CAD,1,CAD
AGI,ALAMOS GOLD INC CLASS A,Materials,Equity,2023-12-30,"33,438,281.44",0.31,"33,438,281.44","1,260,870.00",26.52000717,Canada,Toronto Stock Exchange,CAD,1,CAD
CCL.B,CCL INDUSTRIES INC CLASS B,Materials,Equity,2023-12-30,"33,438,281.44",0.31,"33,438,281.44","452,174.00",73.95003127,Canada,Toronto Stock Exchange,CAD,1,CAD
OTEX,OPEN TEXT CORP,Information Technology,Equity,2023-12-30,"32,359,627.20",0.3,"32,359,627.20","795,468.00",40.67998612,Canada,Toronto Stock Exchange,CAD,1,CAD
FSV,FIRSTSERVICE SUBORDINATE VOTING CO,Real Estate,Equity,2023-12-30,"32,359,627.20",0.3,"32,359,627.20","124,274.00",260.389359,Canada,Toronto Stock Exchange,CAD,1,CAD
PAAS,PAN AMERICAN SILVER CORP,Materials,Equity,2023-12-30,"32,359,627.20",0.3,"32,359,627.20","1,112,779.00",29.08001247,Canada,Toronto Stock Exchange,CAD,1,CAD
KEY,KEYERA CORP,Energy,Equity,2023-12-30,"30,202,318.72",0.28,"30,202,318.72","687,041.00",43.9599947,Canada,Toronto Stock Exchange,CAD,1,CAD
ALA,ALTAGAS LTD,Utilities,Equity,2023-12-30,"30,202,318.72",0.28,"30,202,318.72","902,100.00",33.48001188,Canada,Toronto Stock Exchange,CAD,1,CAD
GIL,GILDAN ACTIVEWEAR INC,Consumer Discretionary,Equity,2023-12-30,"29,123,664.48",0.27,"29,123,664.48","430,505.00",67.65000285,Canada,Toronto Stock Exchange,CAD,1,CAD
TIH,TOROMONT INDUSTRIES LTD,Industrials,Equity,2023-12-30,"28,045,010.24",0.26,"28,045,010.24","246,788.00",113.6400888,Canada,Toronto Stock Exchange,CAD,1,CAD
CPX,CAPITAL POWER CORP,Utilities,Equity,2023-12-30,"26,966,356.00",0.25,"26,966,356.00","423,201.00",63.7199723,Canada,Toronto Stock Exchange,CAD,1,CAD
BBD.B,BOMBARDIER INC CLASS B,Industrials,Equity,2023-12-30,"25,887,701.76",0.24,"25,887,701.76","264,836.00",97.7499349,Canada,Toronto Stock Exchange,CAD,1,CAD
CIGI,COLLIERS INTERNATIONAL GROUP SUBOR,Real Estate,Equity,2023-12-30,"24,809,047.52",0.23,"24,809,047.52","126,913.00",195.4807429,Canada,Toronto Stock Exchange,CAD,1,CAD
LUN,LUNDIN MINING CORP,Materials,Equity,2023-12-30,"24,809,047.52",0.23,"24,809,047.52","2,005,582.00",12.36999909,Canada,Toronto Stock Exchange,CAD,1,CAD
CTC.A,CANADIAN TIRE LTD CLASS A,Consumer Discretionary,Equity,2023-12-30,"23,730,393.28",0.22,"23,730,393.28","156,926.00",151.2202776,Canada,Toronto Stock Exchange,CAD,1,CAD
AC,AIR CANADA VOTING AND VARIABLE VOT,Industrials,Equity,2023-12-30,"22,651,739.04",0.21,"22,651,739.04","1,017,598.00",22.26000743,Canada,Toronto Stock Exchange,CAD,1,CAD
WFG,WEST FRASER TIMBER LTD,Materials,Equity,2023-12-30,"21,573,084.80",0.2,"21,573,084.80","173,208.00",124.550164,Canada,Toronto Stock Exchange,CAD,1,CAD
CAR.UN,CANADIAN APARTMENT PROPERTIES REAL,Real Estate,Equity,2023-12-30,"21,573,084.80",0.2,"21,573,084.80","506,054.00",42.63000549,Canada,Toronto Stock Exchange,CAD,1,CAD
SOBO,SOUTH BOW CORP,Energy,Equity,2023-12-30,"21,573,084.80",0.2,"21,573,084.80","635,999.00",33.91999799,Canada,Toronto Stock Exchange,CAD,1,CAD
BEP.UN,BROOKFIELD RENEWABLE PARTNERS NON,Utilities,Equity,2023-12-30,"21,573,084.80",0.2,"21,573,084.80","658,921.00",32.74001709,Bermuda,Toronto Stock Exchange,CAD,1,CAD
PSK,PRAIRIESKY ROYALTY LTD,Energy,Equity,2023-12-30,"20,494,430.56",0.19,"20,494,430.56","731,161.00",28.02998322,Canada,Toronto Stock Exchange,CAD,1,CAD
ONEX,ONEX CORP,Financials,Equity,2023-12-30,"20,494,430.56",0.19,"20,494,430.56","182,530.00",112.2797927,Canada,Toronto Stock Exchange,CAD,1,CAD
MEG,MEG ENERGY CORP,Energy,Equity,2023-12-30,"19,415,776.32",0.18,"19,415,776.32","822,702.00",23.60001108,Canada,Toronto Stock Exchange,CAD,1,CAD
SAP,SAPUTO INC,Consumer Staples,Equity,2023-12-30,"18,337,122.08",0.17,"18,337,122.08","733,778.00",24.99001344,Canada,Toronto Stock Exchange,CAD,1,CAD
EMP.A,EMPIRE LTD CLASS A,Consumer Staples,Equity,2023-12-30,"18,337,122.08",0.17,"18,337,122.08","417,797.00",43.89002812,Canada,Toronto Stock Exchange,CAD,1,CAD
WCP,WHITECAP RESOURCES INC,Energy,Equity,2023-12-30,"18,337,122.08",0.17,"18,337,122.08","1,797,757.00",10.20000038,Canada,Toronto Stock Exchange,CAD,1,CAD
CWB,CANADIAN WESTERN BANK,Financials,Equity,2023-12-30,"17,258,467.84",0.16,"17,258,467.84","293,761.00",58.75003094,Canada,Toronto Stock Exchange,CAD,1,CAD
REI.UN,RIOCAN REAL ESTATE INVESTMENT TRUS,Real Estate,Equity,2023-12-30,"16,179,813.60",0.15,"16,179,813.60","885,110.00",18.28000316,Canada,Toronto Stock Exchange,CAD,1,CAD
NXE,NEXGEN ENERGY LTD,Energy,Equity,2023-12-30,"16,179,813.60",0.15,"16,179,813.60","1,706,731.00",9.480002179,Canada,Toronto Stock Exchange,CAD,1,CAD
TA,TRANSALTA CORP,Utilities,Equity,2023-12-30,"16,179,813.60",0.15,"16,179,813.60","795,859.00",20.33000016,Canada,Toronto Stock Exchange,CAD,1,CAD
FTT,FINNING INTERNATIONAL INC,Industrials,Equity,2023-12-30,"16,179,813.60",0.15,"16,179,813.60","424,779.00",38.08995642,Canada,Toronto Stock Exchange,CAD,1,CAD
QBR.B,QUEBECOR INC CLASS B,Communication,Equity,2023-12-30,"15,102,038.97",0.14,"15,102,038.97","479,430.00",31.49999241,Canada,Toronto Stock Exchange,CAD,1,CAD
CS,CAPSTONE COPPER CORP,Materials,Equity,2023-12-30,"15,101,159.36",0.14,"15,101,159.36","1,698,668.00",8.890000494,Canada,Toronto Stock Exchange,CAD,1,CAD
AQN,ALGONQUIN POWER UTILITIES CORP,Utilities,Equity,2023-12-30,"15,101,159.36",0.14,"15,101,159.36","2,366,953.00",6.37999967,Canada,Toronto Stock Exchange,CAD,1,CAD
KXS,KINAXIS INC,Information Technology,Equity,2023-12-30,"15,101,159.36",0.14,"15,101,159.36","87,219.00",173.1407074,Canada,Toronto Stock Exchange,CAD,1,CAD
OR,OSISKO GOLD ROYALTIES LTD,Materials,Equity,2023-12-30,"15,101,159.36",0.14,"15,101,159.36","580,144.00",26.03001903,Canada,Toronto Stock Exchange,CAD,1,CAD
MX,METHANEX CORP,Materials,Equity,2023-12-30,"15,101,159.36",0.14,"15,101,159.36","210,235.00",71.82990158,Canada,Toronto Stock Exchange,CAD,1,CAD
DFY,DEFINITY FINANCIAL CORP,Financials,Equity,2023-12-30,"14,022,505.12",0.13,"14,022,505.12","239,906.00",58.44999758,Canada,Toronto Stock Exchange,CAD,1,CAD
BYD,BOYD GROUP SERVICES INC,Industrials,Equity,2023-12-30,"14,022,505.12",0.13,"14,022,505.12","64,685.00",216.781404,Canada,Toronto Stock Exchange,CAD,1,CAD
NPI,NORTHLAND POWER INC,Utilities,Equity,2023-12-30,"14,022,505.12",0.13,"14,022,505.12","783,380.00",17.90000398,Canada,Toronto Stock Exchange,CAD,1,CAD
BTO,B2GOLD CORP,Materials,Equity,2023-12-30,"14,022,505.12",0.13,"14,022,505.12","3,983,666.00",3.520000201,Canada,Toronto Stock Exchange,CAD,1,CAD
HBM,HUDBAY MINERALS INC,Materials,Equity,2023-12-30,"14,022,505.12",0.13,"14,022,505.12","1,202,616.00",11.66000213,Canada,Toronto Stock Exchange,CAD,1,CAD
VRN,VEREN INC,Energy,Equity,2023-12-30,"14,022,505.12",0.13,"14,022,505.12","1,897,497.00",7.390001206,Canada,Toronto Stock Exchange,CAD,1,CAD
CU,CANADIAN UTILITIES LTD CLASS A,Utilities,Equity,2023-12-30,"14,022,505.12",0.13,"14,022,505.12","402,367.00",34.8500377,Canada,Toronto Stock Exchange,CAD,1,CAD
PKI,PARKLAND CORP,Energy,Equity,2023-12-30,"14,022,505.12",0.13,"14,022,505.12","431,329.00",32.50999844,Canada,Toronto Stock Exchange,CAD,1,CAD
ATZ,ARITZIA SUBORDINATE VOTING INC,Consumer Discretionary,Equity,2023-12-30,"12,943,850.88",0.12,"12,943,850.88","242,213.00",53.43995111,Canada,Toronto Stock Exchange,CAD,1,CAD
ELD,ELDORADO GOLD CORP,Materials,Equity,2023-12-30,"12,943,850.88",0.12,"12,943,850.88","605,419.00",21.37998787,Canada,Toronto Stock Exchange,CAD,1,CAD
GRT.UN,GRANITE REAL ESTATE INVESTMENT STA,Real Estate,Equity,2023-12-30,"12,943,850.88",0.12,"12,943,850.88","185,548.00",69.76012072,Canada,Toronto Stock Exchange,CAD,1,CAD
IMG,IAMGOLD CORP,Materials,Equity,2023-12-30,"12,943,850.88",0.12,"12,943,850.88","1,742,106.00",7.430001894,Canada,Toronto Stock Exchange,CAD,1,CAD
CSH.UN,CHARTWELL RETIREMENT RESIDENCES RE,Health Care,Equity,2023-12-30,"12,943,850.88",0.12,"12,943,850.88","858,346.00",15.07999208,Canada,Toronto Stock Exchange,CAD,1,CAD
GEI,GIBSON ENERGY INC,Energy,Equity,2023-12-30,"11,865,196.64",0.11,"11,865,196.64","484,689.00",24.48002047,Canada,Toronto Stock Exchange,CAD,1,CAD
SJ,STELLA JONES INC,Materials,Equity,2023-12-30,"11,865,196.64",0.11,"11,865,196.64","166,669.00",71.19018317,Canada,Toronto Stock Exchange,CAD,1,CAD
CIX,CI FINANCIAL CORP,Financials,Equity,2023-12-30,"11,865,196.64",0.11,"11,865,196.64","383,491.00",30.93996114,Canada,Toronto Stock Exchange,CAD,1,CAD
IGM,IGM FINANCIAL INC,Financials,Equity,2023-12-30,"10,786,542.40",0.1,"10,786,542.40","234,950.00",45.9099485,Canada,Toronto Stock Exchange,CAD,1,CAD
ATS,ATS CORP,Industrials,Equity,2023-12-30,"10,786,542.40",0.1,"10,786,542.40","246,043.00",43.84007023,Canada,Toronto Stock Exchange,CAD,1,CAD
CHP.UN,CHOICE PROPERTIES REAL ESTATE INVE,Real Estate,Equity,2023-12-30,"10,786,542.40",0.1,"10,786,542.40","807,981.00",13.34999511,Canada,Toronto Stock Exchange,CAD,1,CAD
FCR.UN,FIRST CAPITAL REALTY REAL ESTATE I,Real Estate,Equity,2023-12-30,"10,786,542.40",0.1,"10,786,542.40","635,999.00",16.95999899,Canada,Toronto Stock Exchange,CAD,1,CAD
BHC,BAUSCH HEALTH COMPANIES INC,Health Care,Equity,2023-12-30,"10,786,542.40",0.1,"10,786,542.40","928,274.00",11.6199984,Canada,Toronto Stock Exchange,CAD,1,CAD
ACO.X,ATCO LTD CLASS I,Utilities,Equity,2023-12-30,"10,786,542.40",0.1,"10,786,542.40","226,703.00",47.58006025,Canada,Toronto Stock Exchange,CAD,1,CAD
PEY,PEYTO EXPLORATION & DEVELOPMENT CO,Energy,Equity,2023-12-30,"9,707,888.16",0.09,"9,707,888.16","566,388.00",17.13999619,Canada,Toronto Stock Exchange,CAD,1,CAD
DIR.UN,DREAM INDUSTRIAL REAL ESTATE INVES,Real Estate,Equity,2023-12-30,"9,707,888.16",0.09,"9,707,888.16","822,006.00",11.80999671,Canada,Toronto Stock Exchange,CAD,1,CAD
BB,BLACKBERRY LTD,Information Technology,Equity,2023-12-30,"9,707,888.16",0.09,"9,707,888.16","1,778,001.00",5.460001518,Canada,Toronto Stock Exchange,CAD,1,CAD
MDA,MDA SPACE LTD,Industrials,Equity,2023-12-30,"9,707,888.16",0.09,"9,707,888.16","328,747.00",29.5299673,Canada,Toronto Stock Exchange,CAD,1,CAD
SRU.UN,SMARTCENTRES RL ESTATE INVESTMENT,Real Estate,Equity,2023-12-30,"9,707,888.16",0.09,"9,707,888.16","396,888.00",24.46001935,Canada,Toronto Stock Exchange,CAD,1,CAD
SES,SECURE ENERGY SERVICES INC,Energy,Equity,2023-12-30,"9,707,888.16",0.09,"9,707,888.16","597,041.00",16.26000251,Canada,Toronto Stock Exchange,CAD,1,CAD
EQX,EQUINOX GOLD CORP,Materials,Equity,2023-12-30,"9,707,888.16",0.09,"9,707,888.16","1,340,869.00",7.239997464,Canada,Toronto Stock Exchange,CAD,1,CAD
LUG,LUNDIN GOLD INC,Materials,Equity,2023-12-30,"9,707,888.16",0.09,"9,707,888.16","316,630.00",30.66003903,Canada,Toronto Stock Exchange,CAD,1,CAD
TPZ,TOPAZ ENERGY CORP,Energy,Equity,2023-12-30,"8,629,233.92",0.08,"8,629,233.92","309,847.00",27.84998376,Canada,Toronto Stock Exchange,CAD,1,CAD
LSPD,LIGHTSPEED COMMERCE INC,Information Technology,Equity,2023-12-30,"8,629,233.92",0.08,"8,629,233.92","393,669.00",21.92002398,Canada,Toronto Stock Exchange,CAD,1,CAD
PBH,PREMIUM BRANDS HOLDINGS CORP,Consumer Staples,Equity,2023-12-30,"8,629,233.92",0.08,"8,629,233.92","109,120.00",79.08022287,Canada,Toronto Stock Exchange,CAD,1,CAD
NGD,NEW GOLD INC,Materials,Equity,2023-12-30,"8,629,233.92",0.08,"8,629,233.92","2,403,686.00",3.590000491,Canada,Toronto Stock Exchange,CAD,1,CAD
ATH,ATHABASCA OIL CORP,Energy,Equity,2023-12-30,"8,629,233.92",0.08,"8,629,233.92","1,618,993.00",5.330000759,Canada,Toronto Stock Exchange,CAD,1,CAD
OGC,OCEANAGOLD CORPORATION CORP,Materials,Equity,2023-12-30,"8,629,233.92",0.08,"8,629,233.92","2,168,149.00",3.980000415,Canada,Toronto Stock Exchange,CAD,1,CAD
EQB,EQB INC,Financials,Equity,2023-12-30,"8,629,233.92",0.08,"8,629,233.92","87,190.00",98.9704544,Canada,Toronto Stock Exchange,CAD,1,CAD
EIF,EXCHANGE INCOME CORP,Industrials,Equity,2023-12-30,"7,550,579.68",0.07,"7,550,579.68","128,302.00",58.8500544,Canada,Toronto Stock Exchange,CAD,1,CAD
BEI.UN,BOARDWALK REAL ESTATE INVESTMENT T,Real Estate,Equity,2023-12-30,"7,550,579.68",0.07,"7,550,579.68","117,519.00",64.24986325,Canada,Toronto Stock Exchange,CAD,1,CAD
AIF,ALTUS GROUP LTD,Real Estate,Equity,2023-12-30,"7,550,579.68",0.07,"7,550,579.68","134,832.00",55.99990862,Canada,Toronto Stock Exchange,CAD,1,CAD
BTE,BAYTEX ENERGY CORP,Energy,Equity,2023-12-30,"7,550,579.68",0.07,"7,550,579.68","2,040,697.00",3.700000382,Canada,Toronto Stock Exchange,CAD,1,CAD
FIL,FILO CORP,Materials,Equity,2023-12-30,"7,550,579.68",0.07,"7,550,579.68","237,216.00",31.82997639,Canada,Toronto Stock Exchange,CAD,1,CAD
POU,PARAMOUNT RESOURCE LTD CLASS A,Energy,Equity,2023-12-30,"7,550,579.68",0.07,"7,550,579.68","237,290.00",31.82005006,Canada,Toronto Stock Exchange,CAD,1,CAD
DOO,BRP SUBORDINATE VOTING INC,Consumer Discretionary,Equity,2023-12-30,"7,550,579.68",0.07,"7,550,579.68","103,136.00",73.20993329,Canada,Toronto Stock Exchange,CAD,1,CAD
BLX,BORALEX INC CLASS A,Utilities,Equity,2023-12-30,"7,550,579.68",0.07,"7,550,579.68","262,995.00",28.70997426,Canada,Toronto Stock Exchange,CAD,1,CAD
HR.UN,HANDR REAL ESTATE INVESTMENT TRUST,Real Estate,Equity,2023-12-30,"7,550,579.68",0.07,"7,550,579.68","813,640.00",9.280000589,Canada,Toronto Stock Exchange,CAD,1,CAD
TXG,TOREX GOLD RESOURCES INC,Materials,Equity,2023-12-30,"7,550,579.68",0.07,"7,550,579.68","266,617.00",28.31994839,Canada,Toronto Stock Exchange,CAD,1,CAD
RUS,RUSSEL METALS INC,Industrials,Equity,2023-12-30,"7,550,579.68",0.07,"7,550,579.68","179,349.00",42.09992629,Canada,Toronto Stock Exchange,CAD,1,CAD
AG,FIRST MAJESTIC SILVER CORP,Materials,Equity,2023-12-30,"7,550,579.68",0.07,"7,550,579.68","955,770.00",7.899996526,Canada,Toronto Stock Exchange,CAD,1,CAD
TVE,TAMARACK VALLEY ENERGY LTD,Energy,Equity,2023-12-30,"7,550,579.68",0.07,"7,550,579.68","1,576,321.00",4.790001326,Canada,Toronto Stock Exchange,CAD,1,CAD
NWC,NORTH WEST COMPANY INC,Consumer Staples,Equity,2023-12-30,"7,550,579.68",0.07,"7,550,579.68","153,717.00",49.12000416,Canada,Toronto Stock Exchange,CAD,1,CAD
DPM,DUNDEE PRECIOUS METALS INC,Materials,Equity,2023-12-30,"7,550,579.68",0.07,"7,550,579.68","579,032.00",13.04000414,Canada,Toronto Stock Exchange,CAD,1,CAD
LNR,LINAMAR CORP,Consumer Discretionary,Equity,2023-12-30,"7,550,579.68",0.07,"7,550,579.68","132,956.00",56.79006348,Canada,Toronto Stock Exchange,CAD,1,CAD
CEU,CES ENERGY SOLUTIONS CORP,Energy,Equity,2023-12-30,"6,471,925.44",0.06,"6,471,925.44","652,412.00",9.919997547,Canada,Toronto Stock Exchange,CAD,1,CAD
NVA,NUVISTA ENERGY LTD,Energy,Equity,2023-12-30,"6,471,925.44",0.06,"6,471,925.44","468,301.00",13.820012,Canada,Toronto Stock Exchange,CAD,1,CAD
AP.UN,ALLIED PROPERTIES REAL ESTATE INVT,Real Estate,Equity,2023-12-30,"6,471,925.44",0.06,"6,471,925.44","377,372.00",17.14998845,Canada,Toronto Stock Exchange,CAD,1,CAD
GSY,GOEASY LTD,Financials,Equity,2023-12-30,"6,471,925.44",0.06,"6,471,925.44","38,821.00",166.7119713,Canada,Toronto Stock Exchange,CAD,1,CAD
DML,DENISON MINES CORP,Energy,Equity,2023-12-30,"6,471,925.44",0.06,"6,471,925.44","2,479,665.00",2.609999915,Canada,Toronto Stock Exchange,CAD,1,CAD
VET,VERMILION ENERGY INC,Energy,Equity,2023-12-30,"6,471,925.44",0.06,"6,471,925.44","478,339.00",13.52999743,Canada,Toronto Stock Exchange,CAD,1,CAD
KNT,K92 MINING INC,Materials,Equity,2023-12-30,"6,471,925.44",0.06,"6,471,925.44","745,614.00",8.679994527,Canada,Toronto Stock Exchange,CAD,1,CAD
CCA,COGECO COMMUNICATIONS SUBORDINATE,Communication,Equity,2023-12-30,"6,472,302.41",0.06,"6,472,302.41","96,100.00",67.34994318,Canada,Toronto Stock Exchange,CAD,1,CAD
KMP.UN,KILLAM APARTMENT REIT UNITS CLASS,Real Estate,Equity,2023-12-30,"6,471,925.44",0.06,"6,471,925.44","378,475.00",17.10000777,Canada,Toronto Stock Exchange,CAD,1,CAD
SSRM,SSR MINING INC,Materials,Equity,2023-12-30,"6,471,925.44",0.06,"6,471,925.44","644,614.00",10.04000136,Canada,Toronto Stock Exchange,CAD,1,CAD
RCH,RICHELIEU HARDWARE LTD,Industrials,Equity,2023-12-30,"6,471,925.44",0.06,"6,471,925.44","165,777.00",39.03994788,Canada,Toronto Stock Exchange,CAD,1,CAD
SSL,SANDSTORM GOLD LTD,Materials,Equity,2023-12-30,"6,471,925.44",0.06,"6,471,925.44","804,966.00",8.039998509,Canada,Toronto Stock Exchange,CAD,1,CAD
SIL,SILVERCREST METALS INC,Materials,Equity,2023-12-30,"6,471,925.44",0.06,"6,471,925.44","493,663.00",13.11000711,Canada,Toronto Stock Exchange,CAD,1,CAD
WDO,WESDOME GOLD MINES LTD,Materials,Equity,2023-12-30,"5,393,271.20",0.05,"5,393,271.20","417,759.00",12.91000601,Canada,Toronto Stock Exchange,CAD,1,CAD
FVI,FORTUNA MINING CORP,Materials,Equity,2023-12-30,"5,393,271.20",0.05,"5,393,271.20","874,112.00",6.170000183,Canada,Toronto Stock Exchange,CAD,1,CAD
LIF,LABRADOR IRON ORE ROYALTY CORP,Materials,Equity,2023-12-30,"5,393,271.20",0.05,"5,393,271.20","186,425.00",28.92997827,Canada,Toronto Stock Exchange,CAD,1,CAD
TSU,TRISURA GROUP LTD,Financials,Equity,2023-12-30,"5,393,271.20",0.05,"5,393,271.20","138,360.00",38.97998843,Canada,Toronto Stock Exchange,CAD,1,CAD
MAG,MAG SILVER CORP,Materials,Equity,2023-12-30,"5,393,271.20",0.05,"5,393,271.20","276,153.00",19.53001126,Canada,Toronto Stock Exchange,CAD,1,CAD
ERO,ERO COPPER CORP,Materials,Equity,2023-12-30,"5,393,271.20",0.05,"5,393,271.20","278,291.00",19.37996989,Canada,Toronto Stock Exchange,CAD,1,CAD
CXB,CALIBRE MINING CORP,Materials,Equity,2023-12-30,"5,393,271.20",0.05,"5,393,271.20","2,508,498.00",2.150000199,Canada,Toronto Stock Exchange,CAD,1,CAD
EFX,ENERFLEX LTD,Energy,Equity,2023-12-30,"5,393,271.20",0.05,"5,393,271.20","376,888.00",14.3100104,Canada,Toronto Stock Exchange,CAD,1,CAD
TLRY,TILRAY BRANDS INC,Health Care,Equity,2023-12-30,"5,393,271.20",0.05,"5,393,271.20","2,838,564.00",1.899999859,United States,Toronto Stock Exchange,CAD,1,CAD
CG,CENTERRA GOLD INC,Materials,Equity,2023-12-30,"5,393,271.20",0.05,"5,393,271.20","659,324.00",8.180001334,Canada,Toronto Stock Exchange,CAD,1,CAD
ARE,AECON GROUP INC,Industrials,Equity,2023-12-30,"5,393,271.20",0.05,"5,393,271.20","198,136.00",27.22004683,Canada,Toronto Stock Exchange,CAD,1,CAD
CJT,CARGOJET INC,Industrials,Equity,2023-12-30,"5,393,271.20",0.05,"5,393,271.20","49,998.00",107.8697388,Canada,Toronto Stock Exchange,CAD,1,CAD
NGEX,NGEX MINERALS LTD,Materials,Equity,2023-12-30,"5,393,271.20",0.05,"5,393,271.20","402,183.00",13.40999296,Canada,Toronto Stock Exchange,CAD,1,CAD
OLA,ORLA MINING LTD,Materials,Equity,2023-12-30,"5,393,271.20",0.05,"5,393,271.20","677,547.00",7.95999569,Canada,Toronto Stock Exchange,CAD,1,CAD
AAV,ADVANTAGE ENERGY LTD,Energy,Equity,2023-12-30,"5,393,271.20",0.05,"5,393,271.20","546,985.00",9.859998354,Canada,Toronto Stock Exchange,CAD,1,CAD
BBU.UN,BROOKFIELD BUSINESS PARTNERS UNITS,Industrials,Equity,2023-12-30,"5,393,271.20",0.05,"5,393,271.20","159,094.00",33.8999032,Canada,Toronto Stock Exchange,CAD,1,CAD
FRU,FREEHOLD ROYALTIES LTD,Energy,Equity,2023-12-30,"4,314,616.96",0.04,"4,314,616.96","337,343.00",12.78999997,Canada,Toronto Stock Exchange,CAD,1,CAD
PMZ.UN,PRIMARIS REAL ESTATE INVESTMENT UN,Real Estate,Equity,2023-12-30,"4,314,616.96",0.04,"4,314,616.96","278,902.00",15.47001083,Canada,Toronto Stock Exchange,CAD,1,CAD
JWEL,JAMIESON WELLNESS INC,Consumer Staples,Equity,2023-12-30,"4,314,616.96",0.04,"4,314,616.96","117,532.00",36.71014668,Canada,Toronto Stock Exchange,CAD,1,CAD
MFI,MAPLE LEAF FOODS INC,Consumer Staples,Equity,2023-12-30,"4,314,616.96",0.04,"4,314,616.96","212,125.00",20.33997388,Canada,Toronto Stock Exchange,CAD,1,CAD
IIP.UN,INTERRENT REAL ESTATE INVESTMENT T,Real Estate,Equity,2023-12-30,"4,314,616.96",0.04,"4,314,616.96","425,085.00",10.1500099,Canada,Toronto Stock Exchange,CAD,1,CAD
TVK,TERRAVEST INDUSTRIES INC,Energy,Equity,2023-12-30,"4,314,616.96",0.04,"4,314,616.96","38,592.00",111.8008126,Canada,Toronto Stock Exchange,CAD,1,CAD
BIR,BIRCHCLIFF ENERGY LTD,Energy,Equity,2023-12-30,"4,314,616.96",0.04,"4,314,616.96","796,055.00",5.419998568,Canada,Toronto Stock Exchange,CAD,1,CAD
PXT,PAREX RESOURCES INC,Energy,Equity,2023-12-30,"4,314,616.96",0.04,"4,314,616.96","295,927.00",14.58000439,Canada,Toronto Stock Exchange,CAD,1,CAD
BDT,BIRD CONSTRUCTION INC,Industrials,Equity,2023-12-30,"4,314,616.96",0.04,"4,314,616.96","165,565.00",26.05995808,Canada,Toronto Stock Exchange,CAD,1,CAD
EFR,ENERGY FUELS INC,Energy,Equity,2023-12-30,"4,314,616.96",0.04,"4,314,616.96","583,845.00",7.390004127,Canada,Toronto Stock Exchange,CAD,1,CAD
HWX,HEADWATER EXPLORATION INC,Energy,Equity,2023-12-30,"4,314,616.96",0.04,"4,314,616.96","652,741.00",6.609998391,Canada,Toronto Stock Exchange,CAD,1,CAD
SPB,SUPERIOR PLUS CORP,Utilities,Equity,2023-12-30,"4,314,616.96",0.04,"4,314,616.96","675,214.00",6.389999259,Canada,Toronto Stock Exchange,CAD,1,CAD
CRR.UN,CROMBIE REAL ESTATE INVESTMENT TRU,Real Estate,Equity,2023-12-30,"4,314,616.96",0.04,"4,314,616.96","326,617.00",13.21001956,Canada,Toronto Stock Exchange,CAD,1,CAD
WPK,WINPAK LTD,Materials,Equity,2023-12-30,"4,314,616.96",0.04,"4,314,616.96","90,396.00",47.73017567,Canada,Toronto Stock Exchange,CAD,1,CAD
ASTL,ALGOMA STEEL GROUP INC,Materials,Equity,2023-12-30,"4,314,616.96",0.04,"4,314,616.96","306,436.00",14.07999373,Canada,Toronto Stock Exchange,CAD,1,CAD
TCL.A,TRANSCONTINENTAL SUB VOTING INC CL,Materials,Equity,2023-12-30,"4,314,616.96",0.04,"4,314,616.96","232,343.00",18.57003206,Canada,Toronto Stock Exchange,CAD,1,CAD
TFPM,TRIPLE FLAG PRECIOUS METALS CORP,Materials,Equity,2023-12-30,"4,314,616.96",0.04,"4,314,616.96","199,751.00",21.59997677,Canada,Toronto Stock Exchange,CAD,1,CAD
IPCO,INTERNATIONAL PETROLEUM CORP,Energy,Equity,2023-12-30,"4,314,616.96",0.04,"4,314,616.96","256,670.00",16.80997764,Canada,Toronto Stock Exchange,CAD,1,CAD
SEA,SEABRIDGE GOLD INC,Materials,Equity,2023-12-30,"4,314,616.96",0.04,"4,314,616.96","263,086.00",16.40002493,Canada,Toronto Stock Exchange,CAD,1,CAD
SIA,SIENNA SENIOR LIVING INC,Health Care,Equity,2023-12-30,"4,314,616.96",0.04,"4,314,616.96","276,224.00",15.61999305,Canada,Toronto Stock Exchange,CAD,1,CAD
LB,LAURENTIAN BANK OF CANADA,Financials,Equity,2023-12-30,"4,314,616.96",0.04,"4,314,616.96","148,985.00",28.96007625,Canada,Toronto Stock Exchange,CAD,1,CAD
PD,PRECISION DRILLING CORP,Energy,Equity,2023-12-30,"3,235,962.72",0.03,"3,235,962.72","36,806.00",87.91943487,Canada,Toronto Stock Exchange,CAD,1,CAD
SII,SPROTT INC,Financials,Equity,2023-12-30,"3,235,962.72",0.03,"3,235,962.72","53,425.00",60.57019597,Canada,Toronto Stock Exchange,CAD,1,CAD
AYA,AYA GOLD & SILVER INC,Materials,Equity,2023-12-30,"3,235,962.72",0.03,"3,235,962.72","301,300.00",10.74000239,Canada,Toronto Stock Exchange,CAD,1,CAD
NFI,NFI GROUP INC,Industrials,Equity,2023-12-30,"3,235,962.72",0.03,"3,235,962.72","231,140.00",14.00001177,Canada,Toronto Stock Exchange,CAD,1,CAD
INE,INNERGEX RENEWABLE ENERGY INC,Utilities,Equity,2023-12-30,"3,235,962.72",0.03,"3,235,962.72","401,983.00",8.04999893,Canada,Toronto Stock Exchange,CAD,1,CAD
BDGI,BADGER INFRASTRUCTURE SOLUTIONS LT,Industrials,Equity,2023-12-30,"3,235,962.72",0.03,"3,235,962.72","90,188.00",35.8801916,Canada,Toronto Stock Exchange,CAD,1,CAD
PET,PET VALU HOLDINGS LTD,Consumer Discretionary,Equity,2023-12-30,"3,235,962.72",0.03,"3,235,962.72","128,208.00",25.23994384,Canada,Toronto Stock Exchange,CAD,1,CAD
ENGH,ENGHOUSE SYSTEMS LTD,Information Technology,Equity,2023-12-30,"3,235,962.72",0.03,"3,235,962.72","119,452.00",27.09006731,Canada,Toronto Stock Exchange,CAD,1,CAD
MTL,MULLEN GROUP LTD,Industrials,Equity,2023-12-30,"3,235,962.72",0.03,"3,235,962.72","221,945.00",14.58002081,Canada,Toronto Stock Exchange,CAD,1,CAD
NG,NOVAGOLD RESOURCES INC,Materials,Equity,2023-12-30,"3,235,962.72",0.03,"3,235,962.72","672,757.00",4.810002304,Canada,Toronto Stock Exchange,CAD,1,CAD
TOY,SPIN MASTER SUBORDINATE VOTING COR,Consumer Discretionary,Equity,2023-12-30,"3,235,962.72",0.03,"3,235,962.72","95,541.00",33.86988539,Canada,Toronto Stock Exchange,CAD,1,CAD
KEL,KELT EXPLORATION LTD,Energy,Equity,2023-12-30,"3,235,962.72",0.03,"3,235,962.72","460,963.00",7.020005336,Canada,Toronto Stock Exchange,CAD,1,CAD
PSI,PASON SYSTEMS INC,Energy,Equity,2023-12-30,"3,235,962.72",0.03,"3,235,962.72","237,764.00",13.60997762,Canada,Toronto Stock Exchange,CAD,1,CAD
USD,USD CASH,Cash and/or Derivatives,Cash,2023-12-30,"3,235,962.72",0.03,"3,235,962.72","22,500.00",143.8205653,United States,-,CAD,0.7,USD
CRT.UN,CT REIT UNITS TRUST,Real Estate,Equity,2023-12-30,"3,235,962.72",0.03,"3,235,962.72","226,449.00",14.29002875,Canada,Toronto Stock Exchange,CAD,1,CAD
NWH.UN,NORTHWEST HEALTHCARE PROPERTIES UN,Real Estate,Equity,2023-12-30,"3,235,962.72",0.03,"3,235,962.72","727,183.00",4.449997758,Canada,Toronto Stock Exchange,CAD,1,CAD
SVI,STORAGEVAULT CANADA INC,Real Estate,Equity,2023-12-30,"3,235,962.72",0.03,"3,235,962.72","821,310.00",3.940001607,Canada,Toronto Stock Exchange,CAD,1,CAD
MTY,MTY FOOD GROUP INC,Consumer Discretionary,Equity,2023-12-30,"3,235,962.72",0.03,"3,235,962.72","70,701.00",45.76968812,Canada,Toronto Stock Exchange,CAD,1,CAD
IFP,INTERFOR CORP,Materials,Equity,2023-12-30,"2,157,308.48",0.02,"2,157,308.48","128,488.00",16.78996077,Canada,Toronto Stock Exchange,CAD,1,CAD
MATR,MATTR CORP,Energy,Equity,2023-12-30,"2,157,308.48",0.02,"2,157,308.48","170,673.00",12.64001031,Canada,Toronto Stock Exchange,CAD,1,CAD
MLPFT,CASH COLLATERAL CAD MLPFT,Cash and/or Derivatives,Cash Collateral and Margins,2023-12-30,"1,078,654.24",0.01,"1,078,654.24","10,787.00",99.99575785,Canada,-,CAD,1,CAD
MARGIN_CAD,FUTURES CAD MARGIN BALANCE,Cash and/or Derivatives,Cash Collateral and Margins,2023-12-30,0,0,0,0,#DIV/0!,Canada,-,CAD,1,CAD
2299955D,CONSTELLATION SOFTWARE INC,Information Technology,Equity,2023-12-30,0,0,0,#DIV/0!,#DIV/0!,Canada,Toronto Stock Exchange,CAD,1,CAD
PTH5,S&P/TSE 60 INDEX MAR 25,Cash and/or Derivatives,Futures,2023-12-30,0,0,0,0,#DIV/0!,-,The Montreal Exchange / Bourse De Montreal,CAD,1,CAD
